To https://github.com/Wibwubcar/Wibwub-Dashboard.git
   e4fda66..dd0d928  main -> main
2026-07-04 09:02 pushed 1 commits
To https://github.com/Wibwubcar/Wibwub-Dashboard.git
   863677e..26d8f25  main -> main
2026-07-06 16:18 pushed 1 commits
To https://github.com/Wibwubcar/Wibwub-Dashboard.git
   4c67164..f45eef6  main -> main
2026-07-06 19:27 pushed 1 commits
To https://github.com/Wibwubcar/Wibwub-Dashboard.git
   c06e894..a520a86  main -> main
2026-07-07 08:48 pushed 1 commits
To https://github.com/Wibwubcar/Wibwub-Dashboard.git
   5c0b61c..6ce400d  main -> main
2026-07-07 20:14 pushed 1 commits
To https://github.com/Wibwubcar/Wibwub-Dashboard.git
   e4f5dcb..4af55af  main -> main
2026-07-08 10:11 pushed 1 commits
To https://github.com/Wibwubcar/Wibwub-Dashboard.git
   57de309..d6d2532  main -> main
2026-07-08 21:15 pushed 1 commits
To https://github.com/Wibwubcar/Wibwub-Dashboard.git
   ca8b772..53fb93b  main -> main
2026-07-09 10:03 pushed 1 commits
To https://github.com/Wibwubcar/Wibwub-Dashboard.git
   53fb93b..c2991ae  main -> main
2026-07-09 10:13 pushed 1 commits
To https://github.com/Wibwubcar/Wibwub-Dashboard.git
 ! [rejected]        main -> main (non-fast-forward)
error: failed to push some refs to 'https://github.com/Wibwubcar/Wibwub-Dashboard.git'
hint: Updates were rejected because the tip of your current branch is behind
hint: its remote counterpart. If you want to integrate the remote changes,
hint: use 'git pull' before pushing again.
hint: See the 'Note about fast-forwards' in 'git push --help' for details.
2026-07-10 09:07 pushed 1 commits
To https://github.com/Wibwubcar/Wibwub-Dashboard.git
 ! [rejected]        main -> main (non-fast-forward)
error: failed to push some refs to 'https://github.com/Wibwubcar/Wibwub-Dashboard.git'
hint: Updates were rejected because the tip of your current branch is behind
hint: its remote counterpart. If you want to integrate the remote changes,
hint: use 'git pull' before pushing again.
hint: See the 'Note about fast-forwards' in 'git push --help' for details.
2026-07-10 09:12 pushed 1 commits
To https://github.com/Wibwubcar/Wibwub-Dashboard.git
 ! [rejected]        main -> main (non-fast-forward)
error: failed to push some refs to 'https://github.com/Wibwubcar/Wibwub-Dashboard.git'
hint: Updates were rejected because the tip of your current branch is behind
hint: its remote counterpart. If you want to integrate the remote changes,
hint: use 'git pull' before pushing again.
hint: See the 'Note about fast-forwards' in 'git push --help' for details.
2026-07-10 09:17 pushed 2 commits
To https://github.com/Wibwubcar/Wibwub-Dashboard.git
 ! [rejected]        main -> main (non-fast-forward)
error: failed to push some refs to 'https://github.com/Wibwubcar/Wibwub-Dashboard.git'
hint: Updates were rejected because the tip of your current branch is behind
hint: its remote counterpart. If you want to integrate the remote changes,
hint: use 'git pull' before pushing again.
hint: See the 'Note about fast-forwards' in 'git push --help' for details.
2026-07-10 09:22 pushed 2 commits
To https://github.com/Wibwubcar/Wibwub-Dashboard.git
 ! [rejected]        main -> main (non-fast-forward)
error: failed to push some refs to 'https://github.com/Wibwubcar/Wibwub-Dashboard.git'
hint: Updates were rejected because the tip of your current branch is behind
hint: its remote counterpart. If you want to integrate the remote changes,
hint: use 'git pull' before pushing again.
hint: See the 'Note about fast-forwards' in 'git push --help' for details.
2026-07-10 09:27 pushed 2 commits
To https://github.com/Wibwubcar/Wibwub-Dashboard.git
 ! [rejected]        main -> main (non-fast-forward)
error: failed to push some refs to 'https://github.com/Wibwubcar/Wibwub-Dashboard.git'
hint: Updates were rejected because the tip of your current branch is behind
hint: its remote counterpart. If you want to integrate the remote changes,
hint: use 'git pull' before pushing again.
hint: See the 'Note about fast-forwards' in 'git push --help' for details.
2026-07-10 09:32 pushed 2 commits
To https://github.com/Wibwubcar/Wibwub-Dashboard.git
 ! [rejected]        main -> main (non-fast-forward)
error: failed to push some refs to 'https://github.com/Wibwubcar/Wibwub-Dashboard.git'
hint: Updates were rejected because the tip of your current branch is behind
hint: its remote counterpart. If you want to integrate the remote changes,
hint: use 'git pull' before pushing again.
hint: See the 'Note about fast-forwards' in 'git push --help' for details.
2026-07-10 09:37 pushed 2 commits
To https://github.com/Wibwubcar/Wibwub-Dashboard.git
 ! [rejected]        main -> main (non-fast-forward)
error: failed to push some refs to 'https://github.com/Wibwubcar/Wibwub-Dashboard.git'
hint: Updates were rejected because the tip of your current branch is behind
hint: its remote counterpart. If you want to integrate the remote changes,
hint: use 'git pull' before pushing again.
hint: See the 'Note about fast-forwards' in 'git push --help' for details.
2026-07-10 09:42 pushed 2 commits
To https://github.com/Wibwubcar/Wibwub-Dashboard.git
 ! [rejected]        main -> main (non-fast-forward)
error: failed to push some refs to 'https://github.com/Wibwubcar/Wibwub-Dashboard.git'
hint: Updates were rejected because the tip of your current branch is behind
hint: its remote counterpart. If you want to integrate the remote changes,
hint: use 'git pull' before pushing again.
hint: See the 'Note about fast-forwards' in 'git push --help' for details.
2026-07-10 09:47 pushed 2 commits
To https://github.com/Wibwubcar/Wibwub-Dashboard.git
 ! [rejected]        main -> main (non-fast-forward)
error: failed to push some refs to 'https://github.com/Wibwubcar/Wibwub-Dashboard.git'
hint: Updates were rejected because the tip of your current branch is behind
hint: its remote counterpart. If you want to integrate the remote changes,
hint: use 'git pull' before pushing again.
hint: See the 'Note about fast-forwards' in 'git push --help' for details.
2026-07-10 09:52 pushed 2 commits
To https://github.com/Wibwubcar/Wibwub-Dashboard.git
 ! [rejected]        main -> main (non-fast-forward)
error: failed to push some refs to 'https://github.com/Wibwubcar/Wibwub-Dashboard.git'
hint: Updates were rejected because the tip of your current branch is behind
hint: its remote counterpart. If you want to integrate the remote changes,
hint: use 'git pull' before pushing again.
hint: See the 'Note about fast-forwards' in 'git push --help' for details.
2026-07-10 09:57 pushed 2 commits
To https://github.com/Wibwubcar/Wibwub-Dashboard.git
 ! [rejected]        main -> main (non-fast-forward)
error: failed to push some refs to 'https://github.com/Wibwubcar/Wibwub-Dashboard.git'
hint: Updates were rejected because the tip of your current branch is behind
hint: its remote counterpart. If you want to integrate the remote changes,
hint: use 'git pull' before pushing again.
hint: See the 'Note about fast-forwards' in 'git push --help' for details.
2026-07-10 10:02 pushed 2 commits
To https://github.com/Wibwubcar/Wibwub-Dashboard.git
 ! [rejected]        main -> main (non-fast-forward)
error: failed to push some refs to 'https://github.com/Wibwubcar/Wibwub-Dashboard.git'
hint: Updates were rejected because the tip of your current branch is behind
hint: its remote counterpart. If you want to integrate the remote changes,
hint: use 'git pull' before pushing again.
hint: See the 'Note about fast-forwards' in 'git push --help' for details.
2026-07-10 10:07 pushed 2 commits
To https://github.com/Wibwubcar/Wibwub-Dashboard.git
 ! [rejected]        main -> main (non-fast-forward)
error: failed to push some refs to 'https://github.com/Wibwubcar/Wibwub-Dashboard.git'
hint: Updates were rejected because the tip of your current branch is behind
hint: its remote counterpart. If you want to integrate the remote changes,
hint: use 'git pull' before pushing again.
hint: See the 'Note about fast-forwards' in 'git push --help' for details.
2026-07-10 10:12 pushed 2 commits
To https://github.com/Wibwubcar/Wibwub-Dashboard.git
 ! [rejected]        main -> main (non-fast-forward)
error: failed to push some refs to 'https://github.com/Wibwubcar/Wibwub-Dashboard.git'
hint: Updates were rejected because the tip of your current branch is behind
hint: its remote counterpart. If you want to integrate the remote changes,
hint: use 'git pull' before pushing again.
hint: See the 'Note about fast-forwards' in 'git push --help' for details.
2026-07-10 10:17 pushed 2 commits
To https://github.com/Wibwubcar/Wibwub-Dashboard.git
 ! [rejected]        main -> main (non-fast-forward)
error: failed to push some refs to 'https://github.com/Wibwubcar/Wibwub-Dashboard.git'
hint: Updates were rejected because the tip of your current branch is behind
hint: its remote counterpart. If you want to integrate the remote changes,
hint: use 'git pull' before pushing again.
hint: See the 'Note about fast-forwards' in 'git push --help' for details.
2026-07-10 10:22 pushed 3 commits
To https://github.com/Wibwubcar/Wibwub-Dashboard.git
   ff066ab..8da2dcc  main -> main
2026-07-11 10:09 pushed 1 commits
fatal: unable to access 'https://github.com/Wibwubcar/Wibwub-Dashboard.git/': Could not resolve host: github.com
2026-07-12 19:33 pushed 1 commits
Everything up-to-date
2026-07-13 08:47 pushed 1 commits
To https://github.com/Wibwubcar/Wibwub-Dashboard.git
   cb23089..597be32  main -> main
2026-07-13 09:12 pushed 1 commits
To https://github.com/Wibwubcar/Wibwub-Dashboard.git
   d5e857f..15dbfec  main -> main
2026-07-13 19:02 pushed 1 commits
To https://github.com/Wibwubcar/Wibwub-Dashboard.git
   643f109..71322d1  main -> main
2026-07-14 09:19 pushed 1 commits
To https://github.com/Wibwubcar/Wibwub-Dashboard.git
   6218361..d726809  main -> main
2026-07-14 18:51 pushed 1 commits
To https://github.com/Wibwubcar/Wibwub-Dashboard.git
   68892e7..14f5354  main -> main
2026-07-15 08:46 pushed 1 commits
To https://github.com/Wibwubcar/Wibwub-Dashboard.git
   f11d8ef..dbb858e  main -> main
2026-07-15 09:16 pushed 1 commits
To https://github.com/Wibwubcar/Wibwub-Dashboard.git
   84cf62a..007abad  main -> main
2026-07-16 08:41 pushed 1 commits
To https://github.com/Wibwubcar/Wibwub-Dashboard.git
   e6909ea..a348f62  main -> main
2026-07-16 10:06 pushed 1 commits
fatal: unable to access 'https://github.com/Wibwubcar/Wibwub-Dashboard.git/': Could not resolve host: github.com
2026-07-16 20:42 pushed 1 commits
To https://github.com/Wibwubcar/Wibwub-Dashboard.git
   af7c9ba..a6f2cb4  main -> main
2026-07-17 10:16 pushed 1 commits
fatal: unable to access 'https://github.com/Wibwubcar/Wibwub-Dashboard.git/': Could not resolve host: github.com
2026-07-18 19:51 pushed 1 commits
To https://github.com/Wibwubcar/Wibwub-Dashboard.git
   ebffe14..340a70b  main -> main
2026-07-19 10:05 pushed 1 commits
To https://github.com/Wibwubcar/Wibwub-Dashboard.git
   dfa5ec3..90858ac  main -> main
2026-07-19 18:59 pushed 1 commits
To https://github.com/Wibwubcar/Wibwub-Dashboard.git
   90858ac..98c5d4e  main -> main
2026-07-19 20:57 pushed 1 commits
To https://github.com/Wibwubcar/Wibwub-Dashboard.git
   152b12a..5f7f152  main -> main
2026-07-20 09:21 pushed 1 commits
To https://github.com/Wibwubcar/Wibwub-Dashboard.git
   5f7f152..d759265  main -> main
2026-07-20 09:31 pushed 1 commits
To https://github.com/Wibwubcar/Wibwub-Dashboard.git
   a8de313..1dcd92e  main -> main
2026-07-20 16:50 pushed 1 commits
To https://github.com/Wibwubcar/Wibwub-Dashboard.git
   f121192..1b54fba  main -> main
2026-07-20 19:19 pushed 2 commits
To https://github.com/Wibwubcar/Wibwub-Dashboard.git
   ac661a3..cf52d33  main -> main
2026-07-20 21:14 pushed 1 commits
To https://github.com/Wibwubcar/Wibwub-Dashboard.git
   45bd583..f2c15c6  main -> main
2026-07-21 09:10 pushed 1 commits
To https://github.com/Wibwubcar/Wibwub-Dashboard.git
   3b82a17..1d3c6d3  main -> main
2026-07-21 09:55 pushed 1 commits
To https://github.com/Wibwubcar/Wibwub-Dashboard.git
   783f552..6805b81  main -> main
2026-07-22 08:51 pushed 1 commits
To https://github.com/Wibwubcar/Wibwub-Dashboard.git
 ! [rejected]        main -> main (non-fast-forward)
error: failed to push some refs to 'https://github.com/Wibwubcar/Wibwub-Dashboard.git'
hint: Updates were rejected because the tip of your current branch is behind
hint: its remote counterpart. If you want to integrate the remote changes,
hint: use 'git pull' before pushing again.
hint: See the 'Note about fast-forwards' in 'git push --help' for details.
2026-07-23 09:56 pushed 1 commits
To https://github.com/Wibwubcar/Wibwub-Dashboard.git
 ! [rejected]        main -> main (non-fast-forward)
error: failed to push some refs to 'https://github.com/Wibwubcar/Wibwub-Dashboard.git'
hint: Updates were rejected because the tip of your current branch is behind
hint: its remote counterpart. If you want to integrate the remote changes,
hint: use 'git pull' before pushing again.
hint: See the 'Note about fast-forwards' in 'git push --help' for details.
2026-07-23 10:01 pushed 1 commits
To https://github.com/Wibwubcar/Wibwub-Dashboard.git
 ! [rejected]        main -> main (non-fast-forward)
error: failed to push some refs to 'https://github.com/Wibwubcar/Wibwub-Dashboard.git'
hint: Updates were rejected because the tip of your current branch is behind
hint: its remote counterpart. If you want to integrate the remote changes,
hint: use 'git pull' before pushing again.
hint: See the 'Note about fast-forwards' in 'git push --help' for details.
2026-07-23 10:06 pushed 1 commits
To https://github.com/Wibwubcar/Wibwub-Dashboard.git
 ! [rejected]        main -> main (non-fast-forward)
error: failed to push some refs to 'https://github.com/Wibwubcar/Wibwub-Dashboard.git'
hint: Updates were rejected because the tip of your current branch is behind
hint: its remote counterpart. If you want to integrate the remote changes,
hint: use 'git pull' before pushing again.
hint: See the 'Note about fast-forwards' in 'git push --help' for details.
2026-07-23 10:11 pushed 1 commits
To https://github.com/Wibwubcar/Wibwub-Dashboard.git
 ! [rejected]        main -> main (non-fast-forward)
error: failed to push some refs to 'https://github.com/Wibwubcar/Wibwub-Dashboard.git'
hint: Updates were rejected because the tip of your current branch is behind
hint: its remote counterpart. If you want to integrate the remote changes,
hint: use 'git pull' before pushing again.
hint: See the 'Note about fast-forwards' in 'git push --help' for details.
2026-07-23 10:16 pushed 1 commits
To https://github.com/Wibwubcar/Wibwub-Dashboard.git
 ! [rejected]        main -> main (non-fast-forward)
error: failed to push some refs to 'https://github.com/Wibwubcar/Wibwub-Dashboard.git'
hint: Updates were rejected because the tip of your current branch is behind
hint: its remote counterpart. If you want to integrate the remote changes,
hint: use 'git pull' before pushing again.
hint: See the 'Note about fast-forwards' in 'git push --help' for details.
2026-07-23 10:21 pushed 1 commits
To https://github.com/Wibwubcar/Wibwub-Dashboard.git
 ! [rejected]        main -> main (non-fast-forward)
error: failed to push some refs to 'https://github.com/Wibwubcar/Wibwub-Dashboard.git'
hint: Updates were rejected because the tip of your current branch is behind
hint: its remote counterpart. If you want to integrate the remote changes,
hint: use 'git pull' before pushing again.
hint: See the 'Note about fast-forwards' in 'git push --help' for details.
2026-07-23 10:26 pushed 1 commits
To https://github.com/Wibwubcar/Wibwub-Dashboard.git
 ! [rejected]        main -> main (non-fast-forward)
error: failed to push some refs to 'https://github.com/Wibwubcar/Wibwub-Dashboard.git'
hint: Updates were rejected because the tip of your current branch is behind
hint: its remote counterpart. If you want to integrate the remote changes,
hint: use 'git pull' before pushing again.
hint: See the 'Note about fast-forwards' in 'git push --help' for details.
2026-07-23 10:31 pushed 1 commits
To https://github.com/Wibwubcar/Wibwub-Dashboard.git
 ! [rejected]        main -> main (non-fast-forward)
error: failed to push some refs to 'https://github.com/Wibwubcar/Wibwub-Dashboard.git'
hint: Updates were rejected because the tip of your current branch is behind
hint: its remote counterpart. If you want to integrate the remote changes,
hint: use 'git pull' before pushing again.
hint: See the 'Note about fast-forwards' in 'git push --help' for details.
2026-07-23 10:36 pushed 1 commits
To https://github.com/Wibwubcar/Wibwub-Dashboard.git
 ! [rejected]        main -> main (non-fast-forward)
error: failed to push some refs to 'https://github.com/Wibwubcar/Wibwub-Dashboard.git'
hint: Updates were rejected because the tip of your current branch is behind
hint: its remote counterpart. If you want to integrate the remote changes,
hint: use 'git pull' before pushing again.
hint: See the 'Note about fast-forwards' in 'git push --help' for details.
2026-07-23 10:41 pushed 1 commits
To https://github.com/Wibwubcar/Wibwub-Dashboard.git
 ! [rejected]        main -> main (non-fast-forward)
error: failed to push some refs to 'https://github.com/Wibwubcar/Wibwub-Dashboard.git'
hint: Updates were rejected because the tip of your current branch is behind
hint: its remote counterpart. If you want to integrate the remote changes,
hint: use 'git pull' before pushing again.
hint: See the 'Note about fast-forwards' in 'git push --help' for details.
2026-07-23 10:46 pushed 1 commits
To https://github.com/Wibwubcar/Wibwub-Dashboard.git
 ! [rejected]        main -> main (non-fast-forward)
error: failed to push some refs to 'https://github.com/Wibwubcar/Wibwub-Dashboard.git'
hint: Updates were rejected because the tip of your current branch is behind
hint: its remote counterpart. If you want to integrate the remote changes,
hint: use 'git pull' before pushing again.
hint: See the 'Note about fast-forwards' in 'git push --help' for details.
2026-07-23 10:51 pushed 1 commits
To https://github.com/Wibwubcar/Wibwub-Dashboard.git
 ! [rejected]        main -> main (non-fast-forward)
error: failed to push some refs to 'https://github.com/Wibwubcar/Wibwub-Dashboard.git'
hint: Updates were rejected because the tip of your current branch is behind
hint: its remote counterpart. If you want to integrate the remote changes,
hint: use 'git pull' before pushing again.
hint: See the 'Note about fast-forwards' in 'git push --help' for details.
2026-07-23 10:56 pushed 1 commits
To https://github.com/Wibwubcar/Wibwub-Dashboard.git
 ! [rejected]        main -> main (non-fast-forward)
error: failed to push some refs to 'https://github.com/Wibwubcar/Wibwub-Dashboard.git'
hint: Updates were rejected because the tip of your current branch is behind
hint: its remote counterpart. If you want to integrate the remote changes,
hint: use 'git pull' before pushing again.
hint: See the 'Note about fast-forwards' in 'git push --help' for details.
2026-07-23 11:01 pushed 1 commits
To https://github.com/Wibwubcar/Wibwub-Dashboard.git
 ! [rejected]        main -> main (non-fast-forward)
error: failed to push some refs to 'https://github.com/Wibwubcar/Wibwub-Dashboard.git'
hint: Updates were rejected because the tip of your current branch is behind
hint: its remote counterpart. If you want to integrate the remote changes,
hint: use 'git pull' before pushing again.
hint: See the 'Note about fast-forwards' in 'git push --help' for details.
2026-07-23 11:06 pushed 1 commits
To https://github.com/Wibwubcar/Wibwub-Dashboard.git
 ! [rejected]        main -> main (non-fast-forward)
error: failed to push some refs to 'https://github.com/Wibwubcar/Wibwub-Dashboard.git'
hint: Updates were rejected because the tip of your current branch is behind
hint: its remote counterpart. If you want to integrate the remote changes,
hint: use 'git pull' before pushing again.
hint: See the 'Note about fast-forwards' in 'git push --help' for details.
2026-07-23 11:11 pushed 1 commits
To https://github.com/Wibwubcar/Wibwub-Dashboard.git
 ! [rejected]        main -> main (non-fast-forward)
error: failed to push some refs to 'https://github.com/Wibwubcar/Wibwub-Dashboard.git'
hint: Updates were rejected because the tip of your current branch is behind
hint: its remote counterpart. If you want to integrate the remote changes,
hint: use 'git pull' before pushing again.
hint: See the 'Note about fast-forwards' in 'git push --help' for details.
2026-07-23 11:16 pushed 1 commits
To https://github.com/Wibwubcar/Wibwub-Dashboard.git
 ! [rejected]        main -> main (non-fast-forward)
error: failed to push some refs to 'https://github.com/Wibwubcar/Wibwub-Dashboard.git'
hint: Updates were rejected because the tip of your current branch is behind
hint: its remote counterpart. If you want to integrate the remote changes,
hint: use 'git pull' before pushing again.
hint: See the 'Note about fast-forwards' in 'git push --help' for details.
2026-07-23 11:21 pushed 1 commits
To https://github.com/Wibwubcar/Wibwub-Dashboard.git
 ! [rejected]        main -> main (non-fast-forward)
error: failed to push some refs to 'https://github.com/Wibwubcar/Wibwub-Dashboard.git'
hint: Updates were rejected because the tip of your current branch is behind
hint: its remote counterpart. If you want to integrate the remote changes,
hint: use 'git pull' before pushing again.
hint: See the 'Note about fast-forwards' in 'git push --help' for details.
2026-07-23 11:26 pushed 1 commits
To https://github.com/Wibwubcar/Wibwub-Dashboard.git
 ! [rejected]        main -> main (non-fast-forward)
error: failed to push some refs to 'https://github.com/Wibwubcar/Wibwub-Dashboard.git'
hint: Updates were rejected because the tip of your current branch is behind
hint: its remote counterpart. If you want to integrate the remote changes,
hint: use 'git pull' before pushing again.
hint: See the 'Note about fast-forwards' in 'git push --help' for details.
2026-07-23 11:31 pushed 1 commits
To https://github.com/Wibwubcar/Wibwub-Dashboard.git
 ! [rejected]        main -> main (non-fast-forward)
error: failed to push some refs to 'https://github.com/Wibwubcar/Wibwub-Dashboard.git'
hint: Updates were rejected because the tip of your current branch is behind
hint: its remote counterpart. If you want to integrate the remote changes,
hint: use 'git pull' before pushing again.
hint: See the 'Note about fast-forwards' in 'git push --help' for details.
2026-07-23 11:36 pushed 1 commits
To https://github.com/Wibwubcar/Wibwub-Dashboard.git
 ! [rejected]        main -> main (non-fast-forward)
error: failed to push some refs to 'https://github.com/Wibwubcar/Wibwub-Dashboard.git'
hint: Updates were rejected because the tip of your current branch is behind
hint: its remote counterpart. If you want to integrate the remote changes,
hint: use 'git pull' before pushing again.
hint: See the 'Note about fast-forwards' in 'git push --help' for details.
2026-07-23 11:41 pushed 1 commits
To https://github.com/Wibwubcar/Wibwub-Dashboard.git
 ! [rejected]        main -> main (non-fast-forward)
error: failed to push some refs to 'https://github.com/Wibwubcar/Wibwub-Dashboard.git'
hint: Updates were rejected because the tip of your current branch is behind
hint: its remote counterpart. If you want to integrate the remote changes,
hint: use 'git pull' before pushing again.
hint: See the 'Note about fast-forwards' in 'git push --help' for details.
2026-07-23 11:46 pushed 1 commits
To https://github.com/Wibwubcar/Wibwub-Dashboard.git
 ! [rejected]        main -> main (non-fast-forward)
error: failed to push some refs to 'https://github.com/Wibwubcar/Wibwub-Dashboard.git'
hint: Updates were rejected because the tip of your current branch is behind
hint: its remote counterpart. If you want to integrate the remote changes,
hint: use 'git pull' before pushing again.
hint: See the 'Note about fast-forwards' in 'git push --help' for details.
2026-07-23 11:51 pushed 1 commits
To https://github.com/Wibwubcar/Wibwub-Dashboard.git
 ! [rejected]        main -> main (non-fast-forward)
error: failed to push some refs to 'https://github.com/Wibwubcar/Wibwub-Dashboard.git'
hint: Updates were rejected because the tip of your current branch is behind
hint: its remote counterpart. If you want to integrate the remote changes,
hint: use 'git pull' before pushing again.
hint: See the 'Note about fast-forwards' in 'git push --help' for details.
2026-07-23 11:56 pushed 1 commits
To https://github.com/Wibwubcar/Wibwub-Dashboard.git
 ! [rejected]        main -> main (non-fast-forward)
error: failed to push some refs to 'https://github.com/Wibwubcar/Wibwub-Dashboard.git'
hint: Updates were rejected because the tip of your current branch is behind
hint: its remote counterpart. If you want to integrate the remote changes,
hint: use 'git pull' before pushing again.
hint: See the 'Note about fast-forwards' in 'git push --help' for details.
2026-07-23 12:01 pushed 1 commits
To https://github.com/Wibwubcar/Wibwub-Dashboard.git
 ! [rejected]        main -> main (non-fast-forward)
error: failed to push some refs to 'https://github.com/Wibwubcar/Wibwub-Dashboard.git'
hint: Updates were rejected because the tip of your current branch is behind
hint: its remote counterpart. If you want to integrate the remote changes,
hint: use 'git pull' before pushing again.
hint: See the 'Note about fast-forwards' in 'git push --help' for details.
2026-07-23 12:06 pushed 1 commits
To https://github.com/Wibwubcar/Wibwub-Dashboard.git
 ! [rejected]        main -> main (non-fast-forward)
error: failed to push some refs to 'https://github.com/Wibwubcar/Wibwub-Dashboard.git'
hint: Updates were rejected because the tip of your current branch is behind
hint: its remote counterpart. If you want to integrate the remote changes,
hint: use 'git pull' before pushing again.
hint: See the 'Note about fast-forwards' in 'git push --help' for details.
2026-07-23 12:11 pushed 1 commits
To https://github.com/Wibwubcar/Wibwub-Dashboard.git
 ! [rejected]        main -> main (non-fast-forward)
error: failed to push some refs to 'https://github.com/Wibwubcar/Wibwub-Dashboard.git'
hint: Updates were rejected because the tip of your current branch is behind
hint: its remote counterpart. If you want to integrate the remote changes,
hint: use 'git pull' before pushing again.
hint: See the 'Note about fast-forwards' in 'git push --help' for details.
2026-07-23 12:17 pushed 1 commits
To https://github.com/Wibwubcar/Wibwub-Dashboard.git
 ! [rejected]        main -> main (non-fast-forward)
error: failed to push some refs to 'https://github.com/Wibwubcar/Wibwub-Dashboard.git'
hint: Updates were rejected because the tip of your current branch is behind
hint: its remote counterpart. If you want to integrate the remote changes,
hint: use 'git pull' before pushing again.
hint: See the 'Note about fast-forwards' in 'git push --help' for details.
2026-07-23 12:22 pushed 1 commits
To https://github.com/Wibwubcar/Wibwub-Dashboard.git
 ! [rejected]        main -> main (non-fast-forward)
error: failed to push some refs to 'https://github.com/Wibwubcar/Wibwub-Dashboard.git'
hint: Updates were rejected because the tip of your current branch is behind
hint: its remote counterpart. If you want to integrate the remote changes,
hint: use 'git pull' before pushing again.
hint: See the 'Note about fast-forwards' in 'git push --help' for details.
2026-07-23 12:27 pushed 1 commits
To https://github.com/Wibwubcar/Wibwub-Dashboard.git
 ! [rejected]        main -> main (non-fast-forward)
error: failed to push some refs to 'https://github.com/Wibwubcar/Wibwub-Dashboard.git'
hint: Updates were rejected because the tip of your current branch is behind
hint: its remote counterpart. If you want to integrate the remote changes,
hint: use 'git pull' before pushing again.
hint: See the 'Note about fast-forwards' in 'git push --help' for details.
2026-07-23 12:32 pushed 1 commits
To https://github.com/Wibwubcar/Wibwub-Dashboard.git
 ! [rejected]        main -> main (non-fast-forward)
error: failed to push some refs to 'https://github.com/Wibwubcar/Wibwub-Dashboard.git'
hint: Updates were rejected because the tip of your current branch is behind
hint: its remote counterpart. If you want to integrate the remote changes,
hint: use 'git pull' before pushing again.
hint: See the 'Note about fast-forwards' in 'git push --help' for details.
2026-07-23 12:37 pushed 1 commits
To https://github.com/Wibwubcar/Wibwub-Dashboard.git
 ! [rejected]        main -> main (non-fast-forward)
error: failed to push some refs to 'https://github.com/Wibwubcar/Wibwub-Dashboard.git'
hint: Updates were rejected because the tip of your current branch is behind
hint: its remote counterpart. If you want to integrate the remote changes,
hint: use 'git pull' before pushing again.
hint: See the 'Note about fast-forwards' in 'git push --help' for details.
2026-07-23 12:42 pushed 1 commits
To https://github.com/Wibwubcar/Wibwub-Dashboard.git
 ! [rejected]        main -> main (non-fast-forward)
error: failed to push some refs to 'https://github.com/Wibwubcar/Wibwub-Dashboard.git'
hint: Updates were rejected because the tip of your current branch is behind
hint: its remote counterpart. If you want to integrate the remote changes,
hint: use 'git pull' before pushing again.
hint: See the 'Note about fast-forwards' in 'git push --help' for details.
2026-07-23 12:47 pushed 1 commits
To https://github.com/Wibwubcar/Wibwub-Dashboard.git
 ! [rejected]        main -> main (non-fast-forward)
error: failed to push some refs to 'https://github.com/Wibwubcar/Wibwub-Dashboard.git'
hint: Updates were rejected because the tip of your current branch is behind
hint: its remote counterpart. If you want to integrate the remote changes,
hint: use 'git pull' before pushing again.
hint: See the 'Note about fast-forwards' in 'git push --help' for details.
2026-07-23 12:52 pushed 1 commits
To https://github.com/Wibwubcar/Wibwub-Dashboard.git
 ! [rejected]        main -> main (non-fast-forward)
error: failed to push some refs to 'https://github.com/Wibwubcar/Wibwub-Dashboard.git'
hint: Updates were rejected because the tip of your current branch is behind
hint: its remote counterpart. If you want to integrate the remote changes,
hint: use 'git pull' before pushing again.
hint: See the 'Note about fast-forwards' in 'git push --help' for details.
2026-07-23 12:57 pushed 1 commits
To https://github.com/Wibwubcar/Wibwub-Dashboard.git
 ! [rejected]        main -> main (non-fast-forward)
error: failed to push some refs to 'https://github.com/Wibwubcar/Wibwub-Dashboard.git'
hint: Updates were rejected because the tip of your current branch is behind
hint: its remote counterpart. If you want to integrate the remote changes,
hint: use 'git pull' before pushing again.
hint: See the 'Note about fast-forwards' in 'git push --help' for details.
2026-07-23 13:02 pushed 1 commits
To https://github.com/Wibwubcar/Wibwub-Dashboard.git
 ! [rejected]        main -> main (non-fast-forward)
error: failed to push some refs to 'https://github.com/Wibwubcar/Wibwub-Dashboard.git'
hint: Updates were rejected because the tip of your current branch is behind
hint: its remote counterpart. If you want to integrate the remote changes,
hint: use 'git pull' before pushing again.
hint: See the 'Note about fast-forwards' in 'git push --help' for details.
2026-07-23 13:07 pushed 1 commits
To https://github.com/Wibwubcar/Wibwub-Dashboard.git
 ! [rejected]        main -> main (non-fast-forward)
error: failed to push some refs to 'https://github.com/Wibwubcar/Wibwub-Dashboard.git'
hint: Updates were rejected because the tip of your current branch is behind
hint: its remote counterpart. If you want to integrate the remote changes,
hint: use 'git pull' before pushing again.
hint: See the 'Note about fast-forwards' in 'git push --help' for details.
2026-07-23 13:12 pushed 1 commits
To https://github.com/Wibwubcar/Wibwub-Dashboard.git
 ! [rejected]        main -> main (non-fast-forward)
error: failed to push some refs to 'https://github.com/Wibwubcar/Wibwub-Dashboard.git'
hint: Updates were rejected because the tip of your current branch is behind
hint: its remote counterpart. If you want to integrate the remote changes,
hint: use 'git pull' before pushing again.
hint: See the 'Note about fast-forwards' in 'git push --help' for details.
2026-07-23 13:17 pushed 1 commits
To https://github.com/Wibwubcar/Wibwub-Dashboard.git
 ! [rejected]        main -> main (non-fast-forward)
error: failed to push some refs to 'https://github.com/Wibwubcar/Wibwub-Dashboard.git'
hint: Updates were rejected because the tip of your current branch is behind
hint: its remote counterpart. If you want to integrate the remote changes,
hint: use 'git pull' before pushing again.
hint: See the 'Note about fast-forwards' in 'git push --help' for details.
2026-07-23 13:22 pushed 1 commits
To https://github.com/Wibwubcar/Wibwub-Dashboard.git
 ! [rejected]        main -> main (non-fast-forward)
error: failed to push some refs to 'https://github.com/Wibwubcar/Wibwub-Dashboard.git'
hint: Updates were rejected because the tip of your current branch is behind
hint: its remote counterpart. If you want to integrate the remote changes,
hint: use 'git pull' before pushing again.
hint: See the 'Note about fast-forwards' in 'git push --help' for details.
2026-07-23 13:27 pushed 1 commits
To https://github.com/Wibwubcar/Wibwub-Dashboard.git
 ! [rejected]        main -> main (non-fast-forward)
error: failed to push some refs to 'https://github.com/Wibwubcar/Wibwub-Dashboard.git'
hint: Updates were rejected because the tip of your current branch is behind
hint: its remote counterpart. If you want to integrate the remote changes,
hint: use 'git pull' before pushing again.
hint: See the 'Note about fast-forwards' in 'git push --help' for details.
2026-07-23 13:32 pushed 1 commits
To https://github.com/Wibwubcar/Wibwub-Dashboard.git
 ! [rejected]        main -> main (non-fast-forward)
error: failed to push some refs to 'https://github.com/Wibwubcar/Wibwub-Dashboard.git'
hint: Updates were rejected because the tip of your current branch is behind
hint: its remote counterpart. If you want to integrate the remote changes,
hint: use 'git pull' before pushing again.
hint: See the 'Note about fast-forwards' in 'git push --help' for details.
2026-07-23 13:37 pushed 1 commits
To https://github.com/Wibwubcar/Wibwub-Dashboard.git
 ! [rejected]        main -> main (non-fast-forward)
error: failed to push some refs to 'https://github.com/Wibwubcar/Wibwub-Dashboard.git'
hint: Updates were rejected because the tip of your current branch is behind
hint: its remote counterpart. If you want to integrate the remote changes,
hint: use 'git pull' before pushing again.
hint: See the 'Note about fast-forwards' in 'git push --help' for details.
2026-07-23 13:42 pushed 1 commits
To https://github.com/Wibwubcar/Wibwub-Dashboard.git
 ! [rejected]        main -> main (non-fast-forward)
error: failed to push some refs to 'https://github.com/Wibwubcar/Wibwub-Dashboard.git'
hint: Updates were rejected because the tip of your current branch is behind
hint: its remote counterpart. If you want to integrate the remote changes,
hint: use 'git pull' before pushing again.
hint: See the 'Note about fast-forwards' in 'git push --help' for details.
2026-07-23 13:47 pushed 1 commits
To https://github.com/Wibwubcar/Wibwub-Dashboard.git
 ! [rejected]        main -> main (non-fast-forward)
error: failed to push some refs to 'https://github.com/Wibwubcar/Wibwub-Dashboard.git'
hint: Updates were rejected because the tip of your current branch is behind
hint: its remote counterpart. If you want to integrate the remote changes,
hint: use 'git pull' before pushing again.
hint: See the 'Note about fast-forwards' in 'git push --help' for details.
2026-07-23 13:52 pushed 1 commits
To https://github.com/Wibwubcar/Wibwub-Dashboard.git
 ! [rejected]        main -> main (non-fast-forward)
error: failed to push some refs to 'https://github.com/Wibwubcar/Wibwub-Dashboard.git'
hint: Updates were rejected because the tip of your current branch is behind
hint: its remote counterpart. If you want to integrate the remote changes,
hint: use 'git pull' before pushing again.
hint: See the 'Note about fast-forwards' in 'git push --help' for details.
2026-07-23 13:57 pushed 1 commits
To https://github.com/Wibwubcar/Wibwub-Dashboard.git
 ! [rejected]        main -> main (non-fast-forward)
error: failed to push some refs to 'https://github.com/Wibwubcar/Wibwub-Dashboard.git'
hint: Updates were rejected because the tip of your current branch is behind
hint: its remote counterpart. If you want to integrate the remote changes,
hint: use 'git pull' before pushing again.
hint: See the 'Note about fast-forwards' in 'git push --help' for details.
2026-07-23 14:02 pushed 1 commits
To https://github.com/Wibwubcar/Wibwub-Dashboard.git
 ! [rejected]        main -> main (non-fast-forward)
error: failed to push some refs to 'https://github.com/Wibwubcar/Wibwub-Dashboard.git'
hint: Updates were rejected because the tip of your current branch is behind
hint: its remote counterpart. If you want to integrate the remote changes,
hint: use 'git pull' before pushing again.
hint: See the 'Note about fast-forwards' in 'git push --help' for details.
2026-07-23 14:07 pushed 1 commits
To https://github.com/Wibwubcar/Wibwub-Dashboard.git
 ! [rejected]        main -> main (non-fast-forward)
error: failed to push some refs to 'https://github.com/Wibwubcar/Wibwub-Dashboard.git'
hint: Updates were rejected because the tip of your current branch is behind
hint: its remote counterpart. If you want to integrate the remote changes,
hint: use 'git pull' before pushing again.
hint: See the 'Note about fast-forwards' in 'git push --help' for details.
2026-07-23 14:12 pushed 1 commits
To https://github.com/Wibwubcar/Wibwub-Dashboard.git
 ! [rejected]        main -> main (non-fast-forward)
error: failed to push some refs to 'https://github.com/Wibwubcar/Wibwub-Dashboard.git'
hint: Updates were rejected because the tip of your current branch is behind
hint: its remote counterpart. If you want to integrate the remote changes,
hint: use 'git pull' before pushing again.
hint: See the 'Note about fast-forwards' in 'git push --help' for details.
2026-07-23 14:17 pushed 1 commits
To https://github.com/Wibwubcar/Wibwub-Dashboard.git
 ! [rejected]        main -> main (non-fast-forward)
error: failed to push some refs to 'https://github.com/Wibwubcar/Wibwub-Dashboard.git'
hint: Updates were rejected because the tip of your current branch is behind
hint: its remote counterpart. If you want to integrate the remote changes,
hint: use 'git pull' before pushing again.
hint: See the 'Note about fast-forwards' in 'git push --help' for details.
2026-07-23 14:22 pushed 1 commits
To https://github.com/Wibwubcar/Wibwub-Dashboard.git
 ! [rejected]        main -> main (non-fast-forward)
error: failed to push some refs to 'https://github.com/Wibwubcar/Wibwub-Dashboard.git'
hint: Updates were rejected because the tip of your current branch is behind
hint: its remote counterpart. If you want to integrate the remote changes,
hint: use 'git pull' before pushing again.
hint: See the 'Note about fast-forwards' in 'git push --help' for details.
2026-07-23 14:27 pushed 1 commits
To https://github.com/Wibwubcar/Wibwub-Dashboard.git
 ! [rejected]        main -> main (non-fast-forward)
error: failed to push some refs to 'https://github.com/Wibwubcar/Wibwub-Dashboard.git'
hint: Updates were rejected because the tip of your current branch is behind
hint: its remote counterpart. If you want to integrate the remote changes,
hint: use 'git pull' before pushing again.
hint: See the 'Note about fast-forwards' in 'git push --help' for details.
2026-07-23 14:32 pushed 1 commits
To https://github.com/Wibwubcar/Wibwub-Dashboard.git
 ! [rejected]        main -> main (non-fast-forward)
error: failed to push some refs to 'https://github.com/Wibwubcar/Wibwub-Dashboard.git'
hint: Updates were rejected because the tip of your current branch is behind
hint: its remote counterpart. If you want to integrate the remote changes,
hint: use 'git pull' before pushing again.
hint: See the 'Note about fast-forwards' in 'git push --help' for details.
2026-07-23 14:37 pushed 1 commits
To https://github.com/Wibwubcar/Wibwub-Dashboard.git
 ! [rejected]        main -> main (non-fast-forward)
error: failed to push some refs to 'https://github.com/Wibwubcar/Wibwub-Dashboard.git'
hint: Updates were rejected because the tip of your current branch is behind
hint: its remote counterpart. If you want to integrate the remote changes,
hint: use 'git pull' before pushing again.
hint: See the 'Note about fast-forwards' in 'git push --help' for details.
2026-07-23 14:42 pushed 1 commits
To https://github.com/Wibwubcar/Wibwub-Dashboard.git
 ! [rejected]        main -> main (non-fast-forward)
error: failed to push some refs to 'https://github.com/Wibwubcar/Wibwub-Dashboard.git'
hint: Updates were rejected because the tip of your current branch is behind
hint: its remote counterpart. If you want to integrate the remote changes,
hint: use 'git pull' before pushing again.
hint: See the 'Note about fast-forwards' in 'git push --help' for details.
2026-07-23 14:47 pushed 1 commits
To https://github.com/Wibwubcar/Wibwub-Dashboard.git
 ! [rejected]        main -> main (non-fast-forward)
error: failed to push some refs to 'https://github.com/Wibwubcar/Wibwub-Dashboard.git'
hint: Updates were rejected because the tip of your current branch is behind
hint: its remote counterpart. If you want to integrate the remote changes,
hint: use 'git pull' before pushing again.
hint: See the 'Note about fast-forwards' in 'git push --help' for details.
2026-07-23 14:52 pushed 1 commits
To https://github.com/Wibwubcar/Wibwub-Dashboard.git
 ! [rejected]        main -> main (non-fast-forward)
error: failed to push some refs to 'https://github.com/Wibwubcar/Wibwub-Dashboard.git'
hint: Updates were rejected because the tip of your current branch is behind
hint: its remote counterpart. If you want to integrate the remote changes,
hint: use 'git pull' before pushing again.
hint: See the 'Note about fast-forwards' in 'git push --help' for details.
2026-07-23 14:57 pushed 1 commits
To https://github.com/Wibwubcar/Wibwub-Dashboard.git
 ! [rejected]        main -> main (non-fast-forward)
error: failed to push some refs to 'https://github.com/Wibwubcar/Wibwub-Dashboard.git'
hint: Updates were rejected because the tip of your current branch is behind
hint: its remote counterpart. If you want to integrate the remote changes,
hint: use 'git pull' before pushing again.
hint: See the 'Note about fast-forwards' in 'git push --help' for details.
2026-07-23 15:02 pushed 1 commits
To https://github.com/Wibwubcar/Wibwub-Dashboard.git
 ! [rejected]        main -> main (non-fast-forward)
error: failed to push some refs to 'https://github.com/Wibwubcar/Wibwub-Dashboard.git'
hint: Updates were rejected because the tip of your current branch is behind
hint: its remote counterpart. If you want to integrate the remote changes,
hint: use 'git pull' before pushing again.
hint: See the 'Note about fast-forwards' in 'git push --help' for details.
2026-07-23 15:07 pushed 1 commits
To https://github.com/Wibwubcar/Wibwub-Dashboard.git
 ! [rejected]        main -> main (non-fast-forward)
error: failed to push some refs to 'https://github.com/Wibwubcar/Wibwub-Dashboard.git'
hint: Updates were rejected because the tip of your current branch is behind
hint: its remote counterpart. If you want to integrate the remote changes,
hint: use 'git pull' before pushing again.
hint: See the 'Note about fast-forwards' in 'git push --help' for details.
2026-07-23 15:12 pushed 1 commits
To https://github.com/Wibwubcar/Wibwub-Dashboard.git
 ! [rejected]        main -> main (non-fast-forward)
error: failed to push some refs to 'https://github.com/Wibwubcar/Wibwub-Dashboard.git'
hint: Updates were rejected because the tip of your current branch is behind
hint: its remote counterpart. If you want to integrate the remote changes,
hint: use 'git pull' before pushing again.
hint: See the 'Note about fast-forwards' in 'git push --help' for details.
2026-07-23 15:17 pushed 1 commits
To https://github.com/Wibwubcar/Wibwub-Dashboard.git
 ! [rejected]        main -> main (non-fast-forward)
error: failed to push some refs to 'https://github.com/Wibwubcar/Wibwub-Dashboard.git'
hint: Updates were rejected because the tip of your current branch is behind
hint: its remote counterpart. If you want to integrate the remote changes,
hint: use 'git pull' before pushing again.
hint: See the 'Note about fast-forwards' in 'git push --help' for details.
2026-07-23 15:22 pushed 1 commits
To https://github.com/Wibwubcar/Wibwub-Dashboard.git
 ! [rejected]        main -> main (non-fast-forward)
error: failed to push some refs to 'https://github.com/Wibwubcar/Wibwub-Dashboard.git'
hint: Updates were rejected because the tip of your current branch is behind
hint: its remote counterpart. If you want to integrate the remote changes,
hint: use 'git pull' before pushing again.
hint: See the 'Note about fast-forwards' in 'git push --help' for details.
2026-07-23 15:27 pushed 1 commits
To https://github.com/Wibwubcar/Wibwub-Dashboard.git
 ! [rejected]        main -> main (non-fast-forward)
error: failed to push some refs to 'https://github.com/Wibwubcar/Wibwub-Dashboard.git'
hint: Updates were rejected because the tip of your current branch is behind
hint: its remote counterpart. If you want to integrate the remote changes,
hint: use 'git pull' before pushing again.
hint: See the 'Note about fast-forwards' in 'git push --help' for details.
2026-07-23 15:32 pushed 1 commits
To https://github.com/Wibwubcar/Wibwub-Dashboard.git
 ! [rejected]        main -> main (non-fast-forward)
error: failed to push some refs to 'https://github.com/Wibwubcar/Wibwub-Dashboard.git'
hint: Updates were rejected because the tip of your current branch is behind
hint: its remote counterpart. If you want to integrate the remote changes,
hint: use 'git pull' before pushing again.
hint: See the 'Note about fast-forwards' in 'git push --help' for details.
2026-07-23 15:37 pushed 1 commits
To https://github.com/Wibwubcar/Wibwub-Dashboard.git
 ! [rejected]        main -> main (non-fast-forward)
error: failed to push some refs to 'https://github.com/Wibwubcar/Wibwub-Dashboard.git'
hint: Updates were rejected because the tip of your current branch is behind
hint: its remote counterpart. If you want to integrate the remote changes,
hint: use 'git pull' before pushing again.
hint: See the 'Note about fast-forwards' in 'git push --help' for details.
2026-07-23 15:42 pushed 1 commits
To https://github.com/Wibwubcar/Wibwub-Dashboard.git
 ! [rejected]        main -> main (non-fast-forward)
error: failed to push some refs to 'https://github.com/Wibwubcar/Wibwub-Dashboard.git'
hint: Updates were rejected because the tip of your current branch is behind
hint: its remote counterpart. If you want to integrate the remote changes,
hint: use 'git pull' before pushing again.
hint: See the 'Note about fast-forwards' in 'git push --help' for details.
2026-07-23 15:47 pushed 1 commits
To https://github.com/Wibwubcar/Wibwub-Dashboard.git
 ! [rejected]        main -> main (non-fast-forward)
error: failed to push some refs to 'https://github.com/Wibwubcar/Wibwub-Dashboard.git'
hint: Updates were rejected because the tip of your current branch is behind
hint: its remote counterpart. If you want to integrate the remote changes,
hint: use 'git pull' before pushing again.
hint: See the 'Note about fast-forwards' in 'git push --help' for details.
2026-07-23 15:53 pushed 1 commits
To https://github.com/Wibwubcar/Wibwub-Dashboard.git
 ! [rejected]        main -> main (non-fast-forward)
error: failed to push some refs to 'https://github.com/Wibwubcar/Wibwub-Dashboard.git'
hint: Updates were rejected because the tip of your current branch is behind
hint: its remote counterpart. If you want to integrate the remote changes,
hint: use 'git pull' before pushing again.
hint: See the 'Note about fast-forwards' in 'git push --help' for details.
2026-07-23 15:58 pushed 1 commits
To https://github.com/Wibwubcar/Wibwub-Dashboard.git
 ! [rejected]        main -> main (non-fast-forward)
error: failed to push some refs to 'https://github.com/Wibwubcar/Wibwub-Dashboard.git'
hint: Updates were rejected because the tip of your current branch is behind
hint: its remote counterpart. If you want to integrate the remote changes,
hint: use 'git pull' before pushing again.
hint: See the 'Note about fast-forwards' in 'git push --help' for details.
2026-07-23 16:03 pushed 1 commits
To https://github.com/Wibwubcar/Wibwub-Dashboard.git
 ! [rejected]        main -> main (non-fast-forward)
error: failed to push some refs to 'https://github.com/Wibwubcar/Wibwub-Dashboard.git'
hint: Updates were rejected because the tip of your current branch is behind
hint: its remote counterpart. If you want to integrate the remote changes,
hint: use 'git pull' before pushing again.
hint: See the 'Note about fast-forwards' in 'git push --help' for details.
2026-07-23 16:08 pushed 1 commits
To https://github.com/Wibwubcar/Wibwub-Dashboard.git
 ! [rejected]        main -> main (non-fast-forward)
error: failed to push some refs to 'https://github.com/Wibwubcar/Wibwub-Dashboard.git'
hint: Updates were rejected because the tip of your current branch is behind
hint: its remote counterpart. If you want to integrate the remote changes,
hint: use 'git pull' before pushing again.
hint: See the 'Note about fast-forwards' in 'git push --help' for details.
2026-07-23 16:13 pushed 1 commits
To https://github.com/Wibwubcar/Wibwub-Dashboard.git
 ! [rejected]        main -> main (non-fast-forward)
error: failed to push some refs to 'https://github.com/Wibwubcar/Wibwub-Dashboard.git'
hint: Updates were rejected because the tip of your current branch is behind
hint: its remote counterpart. If you want to integrate the remote changes,
hint: use 'git pull' before pushing again.
hint: See the 'Note about fast-forwards' in 'git push --help' for details.
2026-07-23 16:18 pushed 1 commits
To https://github.com/Wibwubcar/Wibwub-Dashboard.git
 ! [rejected]        main -> main (non-fast-forward)
error: failed to push some refs to 'https://github.com/Wibwubcar/Wibwub-Dashboard.git'
hint: Updates were rejected because the tip of your current branch is behind
hint: its remote counterpart. If you want to integrate the remote changes,
hint: use 'git pull' before pushing again.
hint: See the 'Note about fast-forwards' in 'git push --help' for details.
2026-07-23 16:23 pushed 1 commits
To https://github.com/Wibwubcar/Wibwub-Dashboard.git
 ! [rejected]        main -> main (non-fast-forward)
error: failed to push some refs to 'https://github.com/Wibwubcar/Wibwub-Dashboard.git'
hint: Updates were rejected because the tip of your current branch is behind
hint: its remote counterpart. If you want to integrate the remote changes,
hint: use 'git pull' before pushing again.
hint: See the 'Note about fast-forwards' in 'git push --help' for details.
2026-07-23 16:28 pushed 1 commits
To https://github.com/Wibwubcar/Wibwub-Dashboard.git
 ! [rejected]        main -> main (non-fast-forward)
error: failed to push some refs to 'https://github.com/Wibwubcar/Wibwub-Dashboard.git'
hint: Updates were rejected because the tip of your current branch is behind
hint: its remote counterpart. If you want to integrate the remote changes,
hint: use 'git pull' before pushing again.
hint: See the 'Note about fast-forwards' in 'git push --help' for details.
2026-07-23 16:33 pushed 1 commits
To https://github.com/Wibwubcar/Wibwub-Dashboard.git
 ! [rejected]        main -> main (non-fast-forward)
error: failed to push some refs to 'https://github.com/Wibwubcar/Wibwub-Dashboard.git'
hint: Updates were rejected because the tip of your current branch is behind
hint: its remote counterpart. If you want to integrate the remote changes,
hint: use 'git pull' before pushing again.
hint: See the 'Note about fast-forwards' in 'git push --help' for details.
2026-07-23 16:38 pushed 1 commits
To https://github.com/Wibwubcar/Wibwub-Dashboard.git
 ! [rejected]        main -> main (non-fast-forward)
error: failed to push some refs to 'https://github.com/Wibwubcar/Wibwub-Dashboard.git'
hint: Updates were rejected because the tip of your current branch is behind
hint: its remote counterpart. If you want to integrate the remote changes,
hint: use 'git pull' before pushing again.
hint: See the 'Note about fast-forwards' in 'git push --help' for details.
2026-07-23 16:43 pushed 1 commits
To https://github.com/Wibwubcar/Wibwub-Dashboard.git
 ! [rejected]        main -> main (non-fast-forward)
error: failed to push some refs to 'https://github.com/Wibwubcar/Wibwub-Dashboard.git'
hint: Updates were rejected because the tip of your current branch is behind
hint: its remote counterpart. If you want to integrate the remote changes,
hint: use 'git pull' before pushing again.
hint: See the 'Note about fast-forwards' in 'git push --help' for details.
2026-07-23 16:48 pushed 1 commits
To https://github.com/Wibwubcar/Wibwub-Dashboard.git
 ! [rejected]        main -> main (non-fast-forward)
error: failed to push some refs to 'https://github.com/Wibwubcar/Wibwub-Dashboard.git'
hint: Updates were rejected because the tip of your current branch is behind
hint: its remote counterpart. If you want to integrate the remote changes,
hint: use 'git pull' before pushing again.
hint: See the 'Note about fast-forwards' in 'git push --help' for details.
2026-07-23 16:53 pushed 1 commits
To https://github.com/Wibwubcar/Wibwub-Dashboard.git
 ! [rejected]        main -> main (non-fast-forward)
error: failed to push some refs to 'https://github.com/Wibwubcar/Wibwub-Dashboard.git'
hint: Updates were rejected because the tip of your current branch is behind
hint: its remote counterpart. If you want to integrate the remote changes,
hint: use 'git pull' before pushing again.
hint: See the 'Note about fast-forwards' in 'git push --help' for details.
2026-07-23 16:58 pushed 1 commits
To https://github.com/Wibwubcar/Wibwub-Dashboard.git
 ! [rejected]        main -> main (non-fast-forward)
error: failed to push some refs to 'https://github.com/Wibwubcar/Wibwub-Dashboard.git'
hint: Updates were rejected because the tip of your current branch is behind
hint: its remote counterpart. If you want to integrate the remote changes,
hint: use 'git pull' before pushing again.
hint: See the 'Note about fast-forwards' in 'git push --help' for details.
2026-07-23 17:03 pushed 1 commits
To https://github.com/Wibwubcar/Wibwub-Dashboard.git
 ! [rejected]        main -> main (non-fast-forward)
error: failed to push some refs to 'https://github.com/Wibwubcar/Wibwub-Dashboard.git'
hint: Updates were rejected because the tip of your current branch is behind
hint: its remote counterpart. If you want to integrate the remote changes,
hint: use 'git pull' before pushing again.
hint: See the 'Note about fast-forwards' in 'git push --help' for details.
2026-07-23 17:08 pushed 1 commits
To https://github.com/Wibwubcar/Wibwub-Dashboard.git
 ! [rejected]        main -> main (non-fast-forward)
error: failed to push some refs to 'https://github.com/Wibwubcar/Wibwub-Dashboard.git'
hint: Updates were rejected because the tip of your current branch is behind
hint: its remote counterpart. If you want to integrate the remote changes,
hint: use 'git pull' before pushing again.
hint: See the 'Note about fast-forwards' in 'git push --help' for details.
2026-07-23 17:13 pushed 1 commits
To https://github.com/Wibwubcar/Wibwub-Dashboard.git
 ! [rejected]        main -> main (non-fast-forward)
error: failed to push some refs to 'https://github.com/Wibwubcar/Wibwub-Dashboard.git'
hint: Updates were rejected because the tip of your current branch is behind
hint: its remote counterpart. If you want to integrate the remote changes,
hint: use 'git pull' before pushing again.
hint: See the 'Note about fast-forwards' in 'git push --help' for details.
2026-07-23 17:18 pushed 1 commits
To https://github.com/Wibwubcar/Wibwub-Dashboard.git
 ! [rejected]        main -> main (non-fast-forward)
error: failed to push some refs to 'https://github.com/Wibwubcar/Wibwub-Dashboard.git'
hint: Updates were rejected because the tip of your current branch is behind
hint: its remote counterpart. If you want to integrate the remote changes,
hint: use 'git pull' before pushing again.
hint: See the 'Note about fast-forwards' in 'git push --help' for details.
2026-07-23 17:23 pushed 1 commits
To https://github.com/Wibwubcar/Wibwub-Dashboard.git
 ! [rejected]        main -> main (non-fast-forward)
error: failed to push some refs to 'https://github.com/Wibwubcar/Wibwub-Dashboard.git'
hint: Updates were rejected because the tip of your current branch is behind
hint: its remote counterpart. If you want to integrate the remote changes,
hint: use 'git pull' before pushing again.
hint: See the 'Note about fast-forwards' in 'git push --help' for details.
2026-07-23 17:28 pushed 1 commits
To https://github.com/Wibwubcar/Wibwub-Dashboard.git
 ! [rejected]        main -> main (non-fast-forward)
error: failed to push some refs to 'https://github.com/Wibwubcar/Wibwub-Dashboard.git'
hint: Updates were rejected because the tip of your current branch is behind
hint: its remote counterpart. If you want to integrate the remote changes,
hint: use 'git pull' before pushing again.
hint: See the 'Note about fast-forwards' in 'git push --help' for details.
2026-07-23 17:33 pushed 1 commits
To https://github.com/Wibwubcar/Wibwub-Dashboard.git
 ! [rejected]        main -> main (non-fast-forward)
error: failed to push some refs to 'https://github.com/Wibwubcar/Wibwub-Dashboard.git'
hint: Updates were rejected because the tip of your current branch is behind
hint: its remote counterpart. If you want to integrate the remote changes,
hint: use 'git pull' before pushing again.
hint: See the 'Note about fast-forwards' in 'git push --help' for details.
2026-07-23 17:38 pushed 1 commits
To https://github.com/Wibwubcar/Wibwub-Dashboard.git
 ! [rejected]        main -> main (non-fast-forward)
error: failed to push some refs to 'https://github.com/Wibwubcar/Wibwub-Dashboard.git'
hint: Updates were rejected because the tip of your current branch is behind
hint: its remote counterpart. If you want to integrate the remote changes,
hint: use 'git pull' before pushing again.
hint: See the 'Note about fast-forwards' in 'git push --help' for details.
2026-07-23 17:43 pushed 1 commits
To https://github.com/Wibwubcar/Wibwub-Dashboard.git
 ! [rejected]        main -> main (non-fast-forward)
error: failed to push some refs to 'https://github.com/Wibwubcar/Wibwub-Dashboard.git'
hint: Updates were rejected because the tip of your current branch is behind
hint: its remote counterpart. If you want to integrate the remote changes,
hint: use 'git pull' before pushing again.
hint: See the 'Note about fast-forwards' in 'git push --help' for details.
2026-07-23 17:48 pushed 1 commits
To https://github.com/Wibwubcar/Wibwub-Dashboard.git
 ! [rejected]        main -> main (non-fast-forward)
error: failed to push some refs to 'https://github.com/Wibwubcar/Wibwub-Dashboard.git'
hint: Updates were rejected because the tip of your current branch is behind
hint: its remote counterpart. If you want to integrate the remote changes,
hint: use 'git pull' before pushing again.
hint: See the 'Note about fast-forwards' in 'git push --help' for details.
2026-07-23 17:53 pushed 1 commits
To https://github.com/Wibwubcar/Wibwub-Dashboard.git
 ! [rejected]        main -> main (non-fast-forward)
error: failed to push some refs to 'https://github.com/Wibwubcar/Wibwub-Dashboard.git'
hint: Updates were rejected because the tip of your current branch is behind
hint: its remote counterpart. If you want to integrate the remote changes,
hint: use 'git pull' before pushing again.
hint: See the 'Note about fast-forwards' in 'git push --help' for details.
2026-07-23 17:58 pushed 1 commits
To https://github.com/Wibwubcar/Wibwub-Dashboard.git
 ! [rejected]        main -> main (non-fast-forward)
error: failed to push some refs to 'https://github.com/Wibwubcar/Wibwub-Dashboard.git'
hint: Updates were rejected because the tip of your current branch is behind
hint: its remote counterpart. If you want to integrate the remote changes,
hint: use 'git pull' before pushing again.
hint: See the 'Note about fast-forwards' in 'git push --help' for details.
2026-07-23 18:03 pushed 2 commits
To https://github.com/Wibwubcar/Wibwub-Dashboard.git
 ! [rejected]        main -> main (non-fast-forward)
error: failed to push some refs to 'https://github.com/Wibwubcar/Wibwub-Dashboard.git'
hint: Updates were rejected because the tip of your current branch is behind
hint: its remote counterpart. If you want to integrate the remote changes,
hint: use 'git pull' before pushing again.
hint: See the 'Note about fast-forwards' in 'git push --help' for details.
2026-07-23 18:08 pushed 2 commits
To https://github.com/Wibwubcar/Wibwub-Dashboard.git
 ! [rejected]        main -> main (non-fast-forward)
error: failed to push some refs to 'https://github.com/Wibwubcar/Wibwub-Dashboard.git'
hint: Updates were rejected because the tip of your current branch is behind
hint: its remote counterpart. If you want to integrate the remote changes,
hint: use 'git pull' before pushing again.
hint: See the 'Note about fast-forwards' in 'git push --help' for details.
2026-07-23 18:13 pushed 2 commits
To https://github.com/Wibwubcar/Wibwub-Dashboard.git
 ! [rejected]        main -> main (non-fast-forward)
error: failed to push some refs to 'https://github.com/Wibwubcar/Wibwub-Dashboard.git'
hint: Updates were rejected because the tip of your current branch is behind
hint: its remote counterpart. If you want to integrate the remote changes,
hint: use 'git pull' before pushing again.
hint: See the 'Note about fast-forwards' in 'git push --help' for details.
2026-07-23 18:18 pushed 2 commits
To https://github.com/Wibwubcar/Wibwub-Dashboard.git
 ! [rejected]        main -> main (non-fast-forward)
error: failed to push some refs to 'https://github.com/Wibwubcar/Wibwub-Dashboard.git'
hint: Updates were rejected because the tip of your current branch is behind
hint: its remote counterpart. If you want to integrate the remote changes,
hint: use 'git pull' before pushing again.
hint: See the 'Note about fast-forwards' in 'git push --help' for details.
2026-07-23 18:23 pushed 2 commits
To https://github.com/Wibwubcar/Wibwub-Dashboard.git
 ! [rejected]        main -> main (non-fast-forward)
error: failed to push some refs to 'https://github.com/Wibwubcar/Wibwub-Dashboard.git'
hint: Updates were rejected because the tip of your current branch is behind
hint: its remote counterpart. If you want to integrate the remote changes,
hint: use 'git pull' before pushing again.
hint: See the 'Note about fast-forwards' in 'git push --help' for details.
2026-07-23 18:28 pushed 2 commits
To https://github.com/Wibwubcar/Wibwub-Dashboard.git
 ! [rejected]        main -> main (non-fast-forward)
error: failed to push some refs to 'https://github.com/Wibwubcar/Wibwub-Dashboard.git'
hint: Updates were rejected because the tip of your current branch is behind
hint: its remote counterpart. If you want to integrate the remote changes,
hint: use 'git pull' before pushing again.
hint: See the 'Note about fast-forwards' in 'git push --help' for details.
2026-07-23 18:33 pushed 2 commits
To https://github.com/Wibwubcar/Wibwub-Dashboard.git
 ! [rejected]        main -> main (non-fast-forward)
error: failed to push some refs to 'https://github.com/Wibwubcar/Wibwub-Dashboard.git'
hint: Updates were rejected because the tip of your current branch is behind
hint: its remote counterpart. If you want to integrate the remote changes,
hint: use 'git pull' before pushing again.
hint: See the 'Note about fast-forwards' in 'git push --help' for details.
2026-07-23 18:38 pushed 2 commits
To https://github.com/Wibwubcar/Wibwub-Dashboard.git
 ! [rejected]        main -> main (non-fast-forward)
error: failed to push some refs to 'https://github.com/Wibwubcar/Wibwub-Dashboard.git'
hint: Updates were rejected because the tip of your current branch is behind
hint: its remote counterpart. If you want to integrate the remote changes,
hint: use 'git pull' before pushing again.
hint: See the 'Note about fast-forwards' in 'git push --help' for details.
2026-07-23 18:43 pushed 2 commits
To https://github.com/Wibwubcar/Wibwub-Dashboard.git
 ! [rejected]        main -> main (non-fast-forward)
error: failed to push some refs to 'https://github.com/Wibwubcar/Wibwub-Dashboard.git'
hint: Updates were rejected because the tip of your current branch is behind
hint: its remote counterpart. If you want to integrate the remote changes,
hint: use 'git pull' before pushing again.
hint: See the 'Note about fast-forwards' in 'git push --help' for details.
2026-07-23 18:48 pushed 2 commits
To https://github.com/Wibwubcar/Wibwub-Dashboard.git
 ! [rejected]        main -> main (non-fast-forward)
error: failed to push some refs to 'https://github.com/Wibwubcar/Wibwub-Dashboard.git'
hint: Updates were rejected because the tip of your current branch is behind
hint: its remote counterpart. If you want to integrate the remote changes,
hint: use 'git pull' before pushing again.
hint: See the 'Note about fast-forwards' in 'git push --help' for details.
2026-07-23 18:53 pushed 2 commits
To https://github.com/Wibwubcar/Wibwub-Dashboard.git
 ! [rejected]        main -> main (non-fast-forward)
error: failed to push some refs to 'https://github.com/Wibwubcar/Wibwub-Dashboard.git'
hint: Updates were rejected because the tip of your current branch is behind
hint: its remote counterpart. If you want to integrate the remote changes,
hint: use 'git pull' before pushing again.
hint: See the 'Note about fast-forwards' in 'git push --help' for details.
2026-07-23 18:58 pushed 2 commits
To https://github.com/Wibwubcar/Wibwub-Dashboard.git
 ! [rejected]        main -> main (non-fast-forward)
error: failed to push some refs to 'https://github.com/Wibwubcar/Wibwub-Dashboard.git'
hint: Updates were rejected because the tip of your current branch is behind
hint: its remote counterpart. If you want to integrate the remote changes,
hint: use 'git pull' before pushing again.
hint: See the 'Note about fast-forwards' in 'git push --help' for details.
2026-07-23 19:03 pushed 2 commits
To https://github.com/Wibwubcar/Wibwub-Dashboard.git
 ! [rejected]        main -> main (non-fast-forward)
error: failed to push some refs to 'https://github.com/Wibwubcar/Wibwub-Dashboard.git'
hint: Updates were rejected because the tip of your current branch is behind
hint: its remote counterpart. If you want to integrate the remote changes,
hint: use 'git pull' before pushing again.
hint: See the 'Note about fast-forwards' in 'git push --help' for details.
2026-07-23 19:08 pushed 2 commits
To https://github.com/Wibwubcar/Wibwub-Dashboard.git
 ! [rejected]        main -> main (non-fast-forward)
error: failed to push some refs to 'https://github.com/Wibwubcar/Wibwub-Dashboard.git'
hint: Updates were rejected because the tip of your current branch is behind
hint: its remote counterpart. If you want to integrate the remote changes,
hint: use 'git pull' before pushing again.
hint: See the 'Note about fast-forwards' in 'git push --help' for details.
2026-07-23 19:13 pushed 2 commits
To https://github.com/Wibwubcar/Wibwub-Dashboard.git
 ! [rejected]        main -> main (non-fast-forward)
error: failed to push some refs to 'https://github.com/Wibwubcar/Wibwub-Dashboard.git'
hint: Updates were rejected because the tip of your current branch is behind
hint: its remote counterpart. If you want to integrate the remote changes,
hint: use 'git pull' before pushing again.
hint: See the 'Note about fast-forwards' in 'git push --help' for details.
2026-07-23 19:18 pushed 2 commits
To https://github.com/Wibwubcar/Wibwub-Dashboard.git
 ! [rejected]        main -> main (non-fast-forward)
error: failed to push some refs to 'https://github.com/Wibwubcar/Wibwub-Dashboard.git'
hint: Updates were rejected because the tip of your current branch is behind
hint: its remote counterpart. If you want to integrate the remote changes,
hint: use 'git pull' before pushing again.
hint: See the 'Note about fast-forwards' in 'git push --help' for details.
2026-07-23 19:23 pushed 2 commits
To https://github.com/Wibwubcar/Wibwub-Dashboard.git
 ! [rejected]        main -> main (non-fast-forward)
error: failed to push some refs to 'https://github.com/Wibwubcar/Wibwub-Dashboard.git'
hint: Updates were rejected because the tip of your current branch is behind
hint: its remote counterpart. If you want to integrate the remote changes,
hint: use 'git pull' before pushing again.
hint: See the 'Note about fast-forwards' in 'git push --help' for details.
2026-07-23 19:28 pushed 2 commits
To https://github.com/Wibwubcar/Wibwub-Dashboard.git
 ! [rejected]        main -> main (non-fast-forward)
error: failed to push some refs to 'https://github.com/Wibwubcar/Wibwub-Dashboard.git'
hint: Updates were rejected because the tip of your current branch is behind
hint: its remote counterpart. If you want to integrate the remote changes,
hint: use 'git pull' before pushing again.
hint: See the 'Note about fast-forwards' in 'git push --help' for details.
2026-07-23 19:50 pushed 2 commits
To https://github.com/Wibwubcar/Wibwub-Dashboard.git
 ! [rejected]        main -> main (non-fast-forward)
error: failed to push some refs to 'https://github.com/Wibwubcar/Wibwub-Dashboard.git'
hint: Updates were rejected because the tip of your current branch is behind
hint: its remote counterpart. If you want to integrate the remote changes,
hint: use 'git pull' before pushing again.
hint: See the 'Note about fast-forwards' in 'git push --help' for details.
2026-07-23 19:55 pushed 4 commits
To https://github.com/Wibwubcar/Wibwub-Dashboard.git
 ! [rejected]        main -> main (non-fast-forward)
error: failed to push some refs to 'https://github.com/Wibwubcar/Wibwub-Dashboard.git'
hint: Updates were rejected because the tip of your current branch is behind
hint: its remote counterpart. If you want to integrate the remote changes,
hint: use 'git pull' before pushing again.
hint: See the 'Note about fast-forwards' in 'git push --help' for details.
2026-07-23 20:00 pushed 4 commits
To https://github.com/Wibwubcar/Wibwub-Dashboard.git
 ! [rejected]        main -> main (non-fast-forward)
error: failed to push some refs to 'https://github.com/Wibwubcar/Wibwub-Dashboard.git'
hint: Updates were rejected because the tip of your current branch is behind
hint: its remote counterpart. If you want to integrate the remote changes,
hint: use 'git pull' before pushing again.
hint: See the 'Note about fast-forwards' in 'git push --help' for details.
2026-07-23 20:05 pushed 4 commits
To https://github.com/Wibwubcar/Wibwub-Dashboard.git
 ! [rejected]        main -> main (non-fast-forward)
error: failed to push some refs to 'https://github.com/Wibwubcar/Wibwub-Dashboard.git'
hint: Updates were rejected because the tip of your current branch is behind
hint: its remote counterpart. If you want to integrate the remote changes,
hint: use 'git pull' before pushing again.
hint: See the 'Note about fast-forwards' in 'git push --help' for details.
2026-07-23 20:10 pushed 4 commits
To https://github.com/Wibwubcar/Wibwub-Dashboard.git
 ! [rejected]        main -> main (non-fast-forward)
error: failed to push some refs to 'https://github.com/Wibwubcar/Wibwub-Dashboard.git'
hint: Updates were rejected because the tip of your current branch is behind
hint: its remote counterpart. If you want to integrate the remote changes,
hint: use 'git pull' before pushing again.
hint: See the 'Note about fast-forwards' in 'git push --help' for details.
2026-07-23 20:15 pushed 4 commits
To https://github.com/Wibwubcar/Wibwub-Dashboard.git
 ! [rejected]        main -> main (non-fast-forward)
error: failed to push some refs to 'https://github.com/Wibwubcar/Wibwub-Dashboard.git'
hint: Updates were rejected because the tip of your current branch is behind
hint: its remote counterpart. If you want to integrate the remote changes,
hint: use 'git pull' before pushing again.
hint: See the 'Note about fast-forwards' in 'git push --help' for details.
2026-07-23 20:20 pushed 4 commits
To https://github.com/Wibwubcar/Wibwub-Dashboard.git
 ! [rejected]        main -> main (non-fast-forward)
error: failed to push some refs to 'https://github.com/Wibwubcar/Wibwub-Dashboard.git'
hint: Updates were rejected because the tip of your current branch is behind
hint: its remote counterpart. If you want to integrate the remote changes,
hint: use 'git pull' before pushing again.
hint: See the 'Note about fast-forwards' in 'git push --help' for details.
2026-07-23 20:25 pushed 4 commits
To https://github.com/Wibwubcar/Wibwub-Dashboard.git
 ! [rejected]        main -> main (non-fast-forward)
error: failed to push some refs to 'https://github.com/Wibwubcar/Wibwub-Dashboard.git'
hint: Updates were rejected because the tip of your current branch is behind
hint: its remote counterpart. If you want to integrate the remote changes,
hint: use 'git pull' before pushing again.
hint: See the 'Note about fast-forwards' in 'git push --help' for details.
2026-07-23 20:30 pushed 4 commits
To https://github.com/Wibwubcar/Wibwub-Dashboard.git
 ! [rejected]        main -> main (non-fast-forward)
error: failed to push some refs to 'https://github.com/Wibwubcar/Wibwub-Dashboard.git'
hint: Updates were rejected because the tip of your current branch is behind
hint: its remote counterpart. If you want to integrate the remote changes,
hint: use 'git pull' before pushing again.
hint: See the 'Note about fast-forwards' in 'git push --help' for details.
2026-07-23 20:35 pushed 4 commits
To https://github.com/Wibwubcar/Wibwub-Dashboard.git
 ! [rejected]        main -> main (non-fast-forward)
error: failed to push some refs to 'https://github.com/Wibwubcar/Wibwub-Dashboard.git'
hint: Updates were rejected because the tip of your current branch is behind
hint: its remote counterpart. If you want to integrate the remote changes,
hint: use 'git pull' before pushing again.
hint: See the 'Note about fast-forwards' in 'git push --help' for details.
2026-07-23 20:40 pushed 4 commits
To https://github.com/Wibwubcar/Wibwub-Dashboard.git
 ! [rejected]        main -> main (non-fast-forward)
error: failed to push some refs to 'https://github.com/Wibwubcar/Wibwub-Dashboard.git'
hint: Updates were rejected because the tip of your current branch is behind
hint: its remote counterpart. If you want to integrate the remote changes,
hint: use 'git pull' before pushing again.
hint: See the 'Note about fast-forwards' in 'git push --help' for details.
2026-07-23 20:45 pushed 4 commits
To https://github.com/Wibwubcar/Wibwub-Dashboard.git
 ! [rejected]        main -> main (non-fast-forward)
error: failed to push some refs to 'https://github.com/Wibwubcar/Wibwub-Dashboard.git'
hint: Updates were rejected because the tip of your current branch is behind
hint: its remote counterpart. If you want to integrate the remote changes,
hint: use 'git pull' before pushing again.
hint: See the 'Note about fast-forwards' in 'git push --help' for details.
2026-07-23 20:50 pushed 4 commits
To https://github.com/Wibwubcar/Wibwub-Dashboard.git
 ! [rejected]        main -> main (non-fast-forward)
error: failed to push some refs to 'https://github.com/Wibwubcar/Wibwub-Dashboard.git'
hint: Updates were rejected because the tip of your current branch is behind
hint: its remote counterpart. If you want to integrate the remote changes,
hint: use 'git pull' before pushing again.
hint: See the 'Note about fast-forwards' in 'git push --help' for details.
2026-07-23 20:55 pushed 4 commits
To https://github.com/Wibwubcar/Wibwub-Dashboard.git
 ! [rejected]        main -> main (non-fast-forward)
error: failed to push some refs to 'https://github.com/Wibwubcar/Wibwub-Dashboard.git'
hint: Updates were rejected because the tip of your current branch is behind
hint: its remote counterpart. If you want to integrate the remote changes,
hint: use 'git pull' before pushing again.
hint: See the 'Note about fast-forwards' in 'git push --help' for details.
2026-07-23 21:00 pushed 4 commits
To https://github.com/Wibwubcar/Wibwub-Dashboard.git
 ! [rejected]        main -> main (non-fast-forward)
error: failed to push some refs to 'https://github.com/Wibwubcar/Wibwub-Dashboard.git'
hint: Updates were rejected because the tip of your current branch is behind
hint: its remote counterpart. If you want to integrate the remote changes,
hint: use 'git pull' before pushing again.
hint: See the 'Note about fast-forwards' in 'git push --help' for details.
2026-07-23 21:05 pushed 4 commits
To https://github.com/Wibwubcar/Wibwub-Dashboard.git
 ! [rejected]        main -> main (non-fast-forward)
error: failed to push some refs to 'https://github.com/Wibwubcar/Wibwub-Dashboard.git'
hint: Updates were rejected because the tip of your current branch is behind
hint: its remote counterpart. If you want to integrate the remote changes,
hint: use 'git pull' before pushing again.
hint: See the 'Note about fast-forwards' in 'git push --help' for details.
2026-07-23 21:10 pushed 4 commits
To https://github.com/Wibwubcar/Wibwub-Dashboard.git
 ! [rejected]        main -> main (non-fast-forward)
error: failed to push some refs to 'https://github.com/Wibwubcar/Wibwub-Dashboard.git'
hint: Updates were rejected because the tip of your current branch is behind
hint: its remote counterpart. If you want to integrate the remote changes,
hint: use 'git pull' before pushing again.
hint: See the 'Note about fast-forwards' in 'git push --help' for details.
2026-07-23 21:15 pushed 4 commits
To https://github.com/Wibwubcar/Wibwub-Dashboard.git
 ! [rejected]        main -> main (non-fast-forward)
error: failed to push some refs to 'https://github.com/Wibwubcar/Wibwub-Dashboard.git'
hint: Updates were rejected because the tip of your current branch is behind
hint: its remote counterpart. If you want to integrate the remote changes,
hint: use 'git pull' before pushing again.
hint: See the 'Note about fast-forwards' in 'git push --help' for details.
2026-07-23 21:20 pushed 4 commits
To https://github.com/Wibwubcar/Wibwub-Dashboard.git
 ! [rejected]        main -> main (non-fast-forward)
error: failed to push some refs to 'https://github.com/Wibwubcar/Wibwub-Dashboard.git'
hint: Updates were rejected because the tip of your current branch is behind
hint: its remote counterpart. If you want to integrate the remote changes,
hint: use 'git pull' before pushing again.
hint: See the 'Note about fast-forwards' in 'git push --help' for details.
2026-07-23 21:25 pushed 4 commits
To https://github.com/Wibwubcar/Wibwub-Dashboard.git
 ! [rejected]        main -> main (non-fast-forward)
error: failed to push some refs to 'https://github.com/Wibwubcar/Wibwub-Dashboard.git'
hint: Updates were rejected because the tip of your current branch is behind
hint: its remote counterpart. If you want to integrate the remote changes,
hint: use 'git pull' before pushing again.
hint: See the 'Note about fast-forwards' in 'git push --help' for details.
2026-07-23 21:30 pushed 4 commits
To https://github.com/Wibwubcar/Wibwub-Dashboard.git
 ! [rejected]        main -> main (non-fast-forward)
error: failed to push some refs to 'https://github.com/Wibwubcar/Wibwub-Dashboard.git'
hint: Updates were rejected because the tip of your current branch is behind
hint: its remote counterpart. If you want to integrate the remote changes,
hint: use 'git pull' before pushing again.
hint: See the 'Note about fast-forwards' in 'git push --help' for details.
2026-07-23 21:35 pushed 4 commits
To https://github.com/Wibwubcar/Wibwub-Dashboard.git
 ! [rejected]        main -> main (non-fast-forward)
error: failed to push some refs to 'https://github.com/Wibwubcar/Wibwub-Dashboard.git'
hint: Updates were rejected because the tip of your current branch is behind
hint: its remote counterpart. If you want to integrate the remote changes,
hint: use 'git pull' before pushing again.
hint: See the 'Note about fast-forwards' in 'git push --help' for details.
2026-07-23 21:40 pushed 4 commits
To https://github.com/Wibwubcar/Wibwub-Dashboard.git
 ! [rejected]        main -> main (non-fast-forward)
error: failed to push some refs to 'https://github.com/Wibwubcar/Wibwub-Dashboard.git'
hint: Updates were rejected because the tip of your current branch is behind
hint: its remote counterpart. If you want to integrate the remote changes,
hint: use 'git pull' before pushing again.
hint: See the 'Note about fast-forwards' in 'git push --help' for details.
2026-07-23 21:45 pushed 4 commits
To https://github.com/Wibwubcar/Wibwub-Dashboard.git
 ! [rejected]        main -> main (non-fast-forward)
error: failed to push some refs to 'https://github.com/Wibwubcar/Wibwub-Dashboard.git'
hint: Updates were rejected because the tip of your current branch is behind
hint: its remote counterpart. If you want to integrate the remote changes,
hint: use 'git pull' before pushing again.
hint: See the 'Note about fast-forwards' in 'git push --help' for details.
2026-07-23 21:50 pushed 4 commits
To https://github.com/Wibwubcar/Wibwub-Dashboard.git
 ! [rejected]        main -> main (non-fast-forward)
error: failed to push some refs to 'https://github.com/Wibwubcar/Wibwub-Dashboard.git'
hint: Updates were rejected because the tip of your current branch is behind
hint: its remote counterpart. If you want to integrate the remote changes,
hint: use 'git pull' before pushing again.
hint: See the 'Note about fast-forwards' in 'git push --help' for details.
2026-07-23 21:55 pushed 4 commits
To https://github.com/Wibwubcar/Wibwub-Dashboard.git
 ! [rejected]        main -> main (non-fast-forward)
error: failed to push some refs to 'https://github.com/Wibwubcar/Wibwub-Dashboard.git'
hint: Updates were rejected because the tip of your current branch is behind
hint: its remote counterpart. If you want to integrate the remote changes,
hint: use 'git pull' before pushing again.
hint: See the 'Note about fast-forwards' in 'git push --help' for details.
2026-07-23 22:00 pushed 4 commits
To https://github.com/Wibwubcar/Wibwub-Dashboard.git
 ! [rejected]        main -> main (non-fast-forward)
error: failed to push some refs to 'https://github.com/Wibwubcar/Wibwub-Dashboard.git'
hint: Updates were rejected because the tip of your current branch is behind
hint: its remote counterpart. If you want to integrate the remote changes,
hint: use 'git pull' before pushing again.
hint: See the 'Note about fast-forwards' in 'git push --help' for details.
2026-07-23 22:05 pushed 4 commits
To https://github.com/Wibwubcar/Wibwub-Dashboard.git
 ! [rejected]        main -> main (non-fast-forward)
error: failed to push some refs to 'https://github.com/Wibwubcar/Wibwub-Dashboard.git'
hint: Updates were rejected because the tip of your current branch is behind
hint: its remote counterpart. If you want to integrate the remote changes,
hint: use 'git pull' before pushing again.
hint: See the 'Note about fast-forwards' in 'git push --help' for details.
2026-07-23 22:10 pushed 4 commits
To https://github.com/Wibwubcar/Wibwub-Dashboard.git
 ! [rejected]        main -> main (non-fast-forward)
error: failed to push some refs to 'https://github.com/Wibwubcar/Wibwub-Dashboard.git'
hint: Updates were rejected because the tip of your current branch is behind
hint: its remote counterpart. If you want to integrate the remote changes,
hint: use 'git pull' before pushing again.
hint: See the 'Note about fast-forwards' in 'git push --help' for details.
2026-07-23 22:15 pushed 4 commits
To https://github.com/Wibwubcar/Wibwub-Dashboard.git
 ! [rejected]        main -> main (non-fast-forward)
error: failed to push some refs to 'https://github.com/Wibwubcar/Wibwub-Dashboard.git'
hint: Updates were rejected because the tip of your current branch is behind
hint: its remote counterpart. If you want to integrate the remote changes,
hint: use 'git pull' before pushing again.
hint: See the 'Note about fast-forwards' in 'git push --help' for details.
2026-07-23 22:20 pushed 4 commits
To https://github.com/Wibwubcar/Wibwub-Dashboard.git
 ! [rejected]        main -> main (non-fast-forward)
error: failed to push some refs to 'https://github.com/Wibwubcar/Wibwub-Dashboard.git'
hint: Updates were rejected because the tip of your current branch is behind
hint: its remote counterpart. If you want to integrate the remote changes,
hint: use 'git pull' before pushing again.
hint: See the 'Note about fast-forwards' in 'git push --help' for details.
2026-07-23 22:25 pushed 4 commits
To https://github.com/Wibwubcar/Wibwub-Dashboard.git
 ! [rejected]        main -> main (non-fast-forward)
error: failed to push some refs to 'https://github.com/Wibwubcar/Wibwub-Dashboard.git'
hint: Updates were rejected because the tip of your current branch is behind
hint: its remote counterpart. If you want to integrate the remote changes,
hint: use 'git pull' before pushing again.
hint: See the 'Note about fast-forwards' in 'git push --help' for details.
2026-07-23 22:30 pushed 4 commits
To https://github.com/Wibwubcar/Wibwub-Dashboard.git
 ! [rejected]        main -> main (non-fast-forward)
error: failed to push some refs to 'https://github.com/Wibwubcar/Wibwub-Dashboard.git'
hint: Updates were rejected because the tip of your current branch is behind
hint: its remote counterpart. If you want to integrate the remote changes,
hint: use 'git pull' before pushing again.
hint: See the 'Note about fast-forwards' in 'git push --help' for details.
2026-07-23 22:35 pushed 4 commits
To https://github.com/Wibwubcar/Wibwub-Dashboard.git
 ! [rejected]        main -> main (non-fast-forward)
error: failed to push some refs to 'https://github.com/Wibwubcar/Wibwub-Dashboard.git'
hint: Updates were rejected because the tip of your current branch is behind
hint: its remote counterpart. If you want to integrate the remote changes,
hint: use 'git pull' before pushing again.
hint: See the 'Note about fast-forwards' in 'git push --help' for details.
2026-07-23 22:40 pushed 4 commits
To https://github.com/Wibwubcar/Wibwub-Dashboard.git
 ! [rejected]        main -> main (non-fast-forward)
error: failed to push some refs to 'https://github.com/Wibwubcar/Wibwub-Dashboard.git'
hint: Updates were rejected because the tip of your current branch is behind
hint: its remote counterpart. If you want to integrate the remote changes,
hint: use 'git pull' before pushing again.
hint: See the 'Note about fast-forwards' in 'git push --help' for details.
2026-07-23 22:45 pushed 4 commits
To https://github.com/Wibwubcar/Wibwub-Dashboard.git
 ! [rejected]        main -> main (non-fast-forward)
error: failed to push some refs to 'https://github.com/Wibwubcar/Wibwub-Dashboard.git'
hint: Updates were rejected because the tip of your current branch is behind
hint: its remote counterpart. If you want to integrate the remote changes,
hint: use 'git pull' before pushing again.
hint: See the 'Note about fast-forwards' in 'git push --help' for details.
2026-07-23 22:50 pushed 4 commits
To https://github.com/Wibwubcar/Wibwub-Dashboard.git
 ! [rejected]        main -> main (non-fast-forward)
error: failed to push some refs to 'https://github.com/Wibwubcar/Wibwub-Dashboard.git'
hint: Updates were rejected because the tip of your current branch is behind
hint: its remote counterpart. If you want to integrate the remote changes,
hint: use 'git pull' before pushing again.
hint: See the 'Note about fast-forwards' in 'git push --help' for details.
2026-07-23 22:56 pushed 4 commits
To https://github.com/Wibwubcar/Wibwub-Dashboard.git
 ! [rejected]        main -> main (non-fast-forward)
error: failed to push some refs to 'https://github.com/Wibwubcar/Wibwub-Dashboard.git'
hint: Updates were rejected because the tip of your current branch is behind
hint: its remote counterpart. If you want to integrate the remote changes,
hint: use 'git pull' before pushing again.
hint: See the 'Note about fast-forwards' in 'git push --help' for details.
2026-07-23 23:01 pushed 4 commits
To https://github.com/Wibwubcar/Wibwub-Dashboard.git
 ! [rejected]        main -> main (non-fast-forward)
error: failed to push some refs to 'https://github.com/Wibwubcar/Wibwub-Dashboard.git'
hint: Updates were rejected because the tip of your current branch is behind
hint: its remote counterpart. If you want to integrate the remote changes,
hint: use 'git pull' before pushing again.
hint: See the 'Note about fast-forwards' in 'git push --help' for details.
2026-07-23 23:06 pushed 4 commits
To https://github.com/Wibwubcar/Wibwub-Dashboard.git
 ! [rejected]        main -> main (non-fast-forward)
error: failed to push some refs to 'https://github.com/Wibwubcar/Wibwub-Dashboard.git'
hint: Updates were rejected because the tip of your current branch is behind
hint: its remote counterpart. If you want to integrate the remote changes,
hint: use 'git pull' before pushing again.
hint: See the 'Note about fast-forwards' in 'git push --help' for details.
2026-07-23 23:11 pushed 4 commits
To https://github.com/Wibwubcar/Wibwub-Dashboard.git
 ! [rejected]        main -> main (non-fast-forward)
error: failed to push some refs to 'https://github.com/Wibwubcar/Wibwub-Dashboard.git'
hint: Updates were rejected because the tip of your current branch is behind
hint: its remote counterpart. If you want to integrate the remote changes,
hint: use 'git pull' before pushing again.
hint: See the 'Note about fast-forwards' in 'git push --help' for details.
2026-07-23 23:16 pushed 4 commits
To https://github.com/Wibwubcar/Wibwub-Dashboard.git
 ! [rejected]        main -> main (non-fast-forward)
error: failed to push some refs to 'https://github.com/Wibwubcar/Wibwub-Dashboard.git'
hint: Updates were rejected because the tip of your current branch is behind
hint: its remote counterpart. If you want to integrate the remote changes,
hint: use 'git pull' before pushing again.
hint: See the 'Note about fast-forwards' in 'git push --help' for details.
2026-07-23 23:21 pushed 4 commits
To https://github.com/Wibwubcar/Wibwub-Dashboard.git
 ! [rejected]        main -> main (non-fast-forward)
error: failed to push some refs to 'https://github.com/Wibwubcar/Wibwub-Dashboard.git'
hint: Updates were rejected because the tip of your current branch is behind
hint: its remote counterpart. If you want to integrate the remote changes,
hint: use 'git pull' before pushing again.
hint: See the 'Note about fast-forwards' in 'git push --help' for details.
2026-07-23 23:26 pushed 4 commits
To https://github.com/Wibwubcar/Wibwub-Dashboard.git
 ! [rejected]        main -> main (non-fast-forward)
error: failed to push some refs to 'https://github.com/Wibwubcar/Wibwub-Dashboard.git'
hint: Updates were rejected because the tip of your current branch is behind
hint: its remote counterpart. If you want to integrate the remote changes,
hint: use 'git pull' before pushing again.
hint: See the 'Note about fast-forwards' in 'git push --help' for details.
2026-07-23 23:31 pushed 4 commits
To https://github.com/Wibwubcar/Wibwub-Dashboard.git
 ! [rejected]        main -> main (non-fast-forward)
error: failed to push some refs to 'https://github.com/Wibwubcar/Wibwub-Dashboard.git'
hint: Updates were rejected because the tip of your current branch is behind
hint: its remote counterpart. If you want to integrate the remote changes,
hint: use 'git pull' before pushing again.
hint: See the 'Note about fast-forwards' in 'git push --help' for details.
2026-07-23 23:36 pushed 4 commits
To https://github.com/Wibwubcar/Wibwub-Dashboard.git
 ! [rejected]        main -> main (non-fast-forward)
error: failed to push some refs to 'https://github.com/Wibwubcar/Wibwub-Dashboard.git'
hint: Updates were rejected because the tip of your current branch is behind
hint: its remote counterpart. If you want to integrate the remote changes,
hint: use 'git pull' before pushing again.
hint: See the 'Note about fast-forwards' in 'git push --help' for details.
2026-07-23 23:41 pushed 4 commits
To https://github.com/Wibwubcar/Wibwub-Dashboard.git
 ! [rejected]        main -> main (non-fast-forward)
error: failed to push some refs to 'https://github.com/Wibwubcar/Wibwub-Dashboard.git'
hint: Updates were rejected because the tip of your current branch is behind
hint: its remote counterpart. If you want to integrate the remote changes,
hint: use 'git pull' before pushing again.
hint: See the 'Note about fast-forwards' in 'git push --help' for details.
2026-07-23 23:46 pushed 4 commits
To https://github.com/Wibwubcar/Wibwub-Dashboard.git
 ! [rejected]        main -> main (non-fast-forward)
error: failed to push some refs to 'https://github.com/Wibwubcar/Wibwub-Dashboard.git'
hint: Updates were rejected because the tip of your current branch is behind
hint: its remote counterpart. If you want to integrate the remote changes,
hint: use 'git pull' before pushing again.
hint: See the 'Note about fast-forwards' in 'git push --help' for details.
2026-07-23 23:51 pushed 4 commits
To https://github.com/Wibwubcar/Wibwub-Dashboard.git
 ! [rejected]        main -> main (non-fast-forward)
error: failed to push some refs to 'https://github.com/Wibwubcar/Wibwub-Dashboard.git'
hint: Updates were rejected because the tip of your current branch is behind
hint: its remote counterpart. If you want to integrate the remote changes,
hint: use 'git pull' before pushing again.
hint: See the 'Note about fast-forwards' in 'git push --help' for details.
2026-07-23 23:56 pushed 4 commits
To https://github.com/Wibwubcar/Wibwub-Dashboard.git
 ! [rejected]        main -> main (non-fast-forward)
error: failed to push some refs to 'https://github.com/Wibwubcar/Wibwub-Dashboard.git'
hint: Updates were rejected because the tip of your current branch is behind
hint: its remote counterpart. If you want to integrate the remote changes,
hint: use 'git pull' before pushing again.
hint: See the 'Note about fast-forwards' in 'git push --help' for details.
2026-07-24 00:01 pushed 4 commits
To https://github.com/Wibwubcar/Wibwub-Dashboard.git
 ! [rejected]        main -> main (non-fast-forward)
error: failed to push some refs to 'https://github.com/Wibwubcar/Wibwub-Dashboard.git'
hint: Updates were rejected because the tip of your current branch is behind
hint: its remote counterpart. If you want to integrate the remote changes,
hint: use 'git pull' before pushing again.
hint: See the 'Note about fast-forwards' in 'git push --help' for details.
2026-07-24 00:06 pushed 4 commits
To https://github.com/Wibwubcar/Wibwub-Dashboard.git
 ! [rejected]        main -> main (non-fast-forward)
error: failed to push some refs to 'https://github.com/Wibwubcar/Wibwub-Dashboard.git'
hint: Updates were rejected because the tip of your current branch is behind
hint: its remote counterpart. If you want to integrate the remote changes,
hint: use 'git pull' before pushing again.
hint: See the 'Note about fast-forwards' in 'git push --help' for details.
2026-07-24 00:11 pushed 4 commits
To https://github.com/Wibwubcar/Wibwub-Dashboard.git
 ! [rejected]        main -> main (non-fast-forward)
error: failed to push some refs to 'https://github.com/Wibwubcar/Wibwub-Dashboard.git'
hint: Updates were rejected because the tip of your current branch is behind
hint: its remote counterpart. If you want to integrate the remote changes,
hint: use 'git pull' before pushing again.
hint: See the 'Note about fast-forwards' in 'git push --help' for details.
2026-07-24 00:16 pushed 4 commits
To https://github.com/Wibwubcar/Wibwub-Dashboard.git
 ! [rejected]        main -> main (non-fast-forward)
error: failed to push some refs to 'https://github.com/Wibwubcar/Wibwub-Dashboard.git'
hint: Updates were rejected because the tip of your current branch is behind
hint: its remote counterpart. If you want to integrate the remote changes,
hint: use 'git pull' before pushing again.
hint: See the 'Note about fast-forwards' in 'git push --help' for details.
2026-07-24 00:21 pushed 4 commits
To https://github.com/Wibwubcar/Wibwub-Dashboard.git
 ! [rejected]        main -> main (non-fast-forward)
error: failed to push some refs to 'https://github.com/Wibwubcar/Wibwub-Dashboard.git'
hint: Updates were rejected because the tip of your current branch is behind
hint: its remote counterpart. If you want to integrate the remote changes,
hint: use 'git pull' before pushing again.
hint: See the 'Note about fast-forwards' in 'git push --help' for details.
2026-07-24 00:26 pushed 4 commits
To https://github.com/Wibwubcar/Wibwub-Dashboard.git
 ! [rejected]        main -> main (non-fast-forward)
error: failed to push some refs to 'https://github.com/Wibwubcar/Wibwub-Dashboard.git'
hint: Updates were rejected because the tip of your current branch is behind
hint: its remote counterpart. If you want to integrate the remote changes,
hint: use 'git pull' before pushing again.
hint: See the 'Note about fast-forwards' in 'git push --help' for details.
2026-07-24 00:31 pushed 4 commits
To https://github.com/Wibwubcar/Wibwub-Dashboard.git
 ! [rejected]        main -> main (non-fast-forward)
error: failed to push some refs to 'https://github.com/Wibwubcar/Wibwub-Dashboard.git'
hint: Updates were rejected because the tip of your current branch is behind
hint: its remote counterpart. If you want to integrate the remote changes,
hint: use 'git pull' before pushing again.
hint: See the 'Note about fast-forwards' in 'git push --help' for details.
2026-07-24 00:36 pushed 4 commits
To https://github.com/Wibwubcar/Wibwub-Dashboard.git
 ! [rejected]        main -> main (non-fast-forward)
error: failed to push some refs to 'https://github.com/Wibwubcar/Wibwub-Dashboard.git'
hint: Updates were rejected because the tip of your current branch is behind
hint: its remote counterpart. If you want to integrate the remote changes,
hint: use 'git pull' before pushing again.
hint: See the 'Note about fast-forwards' in 'git push --help' for details.
2026-07-24 00:41 pushed 4 commits
To https://github.com/Wibwubcar/Wibwub-Dashboard.git
 ! [rejected]        main -> main (non-fast-forward)
error: failed to push some refs to 'https://github.com/Wibwubcar/Wibwub-Dashboard.git'
hint: Updates were rejected because the tip of your current branch is behind
hint: its remote counterpart. If you want to integrate the remote changes,
hint: use 'git pull' before pushing again.
hint: See the 'Note about fast-forwards' in 'git push --help' for details.
2026-07-24 00:46 pushed 4 commits
To https://github.com/Wibwubcar/Wibwub-Dashboard.git
 ! [rejected]        main -> main (non-fast-forward)
error: failed to push some refs to 'https://github.com/Wibwubcar/Wibwub-Dashboard.git'
hint: Updates were rejected because the tip of your current branch is behind
hint: its remote counterpart. If you want to integrate the remote changes,
hint: use 'git pull' before pushing again.
hint: See the 'Note about fast-forwards' in 'git push --help' for details.
2026-07-24 00:51 pushed 4 commits
To https://github.com/Wibwubcar/Wibwub-Dashboard.git
 ! [rejected]        main -> main (non-fast-forward)
error: failed to push some refs to 'https://github.com/Wibwubcar/Wibwub-Dashboard.git'
hint: Updates were rejected because the tip of your current branch is behind
hint: its remote counterpart. If you want to integrate the remote changes,
hint: use 'git pull' before pushing again.
hint: See the 'Note about fast-forwards' in 'git push --help' for details.
2026-07-24 00:56 pushed 4 commits
To https://github.com/Wibwubcar/Wibwub-Dashboard.git
 ! [rejected]        main -> main (non-fast-forward)
error: failed to push some refs to 'https://github.com/Wibwubcar/Wibwub-Dashboard.git'
hint: Updates were rejected because the tip of your current branch is behind
hint: its remote counterpart. If you want to integrate the remote changes,
hint: use 'git pull' before pushing again.
hint: See the 'Note about fast-forwards' in 'git push --help' for details.
2026-07-24 01:01 pushed 4 commits
To https://github.com/Wibwubcar/Wibwub-Dashboard.git
 ! [rejected]        main -> main (non-fast-forward)
error: failed to push some refs to 'https://github.com/Wibwubcar/Wibwub-Dashboard.git'
hint: Updates were rejected because the tip of your current branch is behind
hint: its remote counterpart. If you want to integrate the remote changes,
hint: use 'git pull' before pushing again.
hint: See the 'Note about fast-forwards' in 'git push --help' for details.
2026-07-24 01:06 pushed 4 commits
To https://github.com/Wibwubcar/Wibwub-Dashboard.git
 ! [rejected]        main -> main (non-fast-forward)
error: failed to push some refs to 'https://github.com/Wibwubcar/Wibwub-Dashboard.git'
hint: Updates were rejected because the tip of your current branch is behind
hint: its remote counterpart. If you want to integrate the remote changes,
hint: use 'git pull' before pushing again.
hint: See the 'Note about fast-forwards' in 'git push --help' for details.
2026-07-24 01:11 pushed 4 commits
To https://github.com/Wibwubcar/Wibwub-Dashboard.git
 ! [rejected]        main -> main (non-fast-forward)
error: failed to push some refs to 'https://github.com/Wibwubcar/Wibwub-Dashboard.git'
hint: Updates were rejected because the tip of your current branch is behind
hint: its remote counterpart. If you want to integrate the remote changes,
hint: use 'git pull' before pushing again.
hint: See the 'Note about fast-forwards' in 'git push --help' for details.
2026-07-24 01:16 pushed 4 commits
To https://github.com/Wibwubcar/Wibwub-Dashboard.git
 ! [rejected]        main -> main (non-fast-forward)
error: failed to push some refs to 'https://github.com/Wibwubcar/Wibwub-Dashboard.git'
hint: Updates were rejected because the tip of your current branch is behind
hint: its remote counterpart. If you want to integrate the remote changes,
hint: use 'git pull' before pushing again.
hint: See the 'Note about fast-forwards' in 'git push --help' for details.
2026-07-24 01:21 pushed 4 commits
To https://github.com/Wibwubcar/Wibwub-Dashboard.git
 ! [rejected]        main -> main (non-fast-forward)
error: failed to push some refs to 'https://github.com/Wibwubcar/Wibwub-Dashboard.git'
hint: Updates were rejected because the tip of your current branch is behind
hint: its remote counterpart. If you want to integrate the remote changes,
hint: use 'git pull' before pushing again.
hint: See the 'Note about fast-forwards' in 'git push --help' for details.
2026-07-24 01:26 pushed 4 commits
To https://github.com/Wibwubcar/Wibwub-Dashboard.git
 ! [rejected]        main -> main (non-fast-forward)
error: failed to push some refs to 'https://github.com/Wibwubcar/Wibwub-Dashboard.git'
hint: Updates were rejected because the tip of your current branch is behind
hint: its remote counterpart. If you want to integrate the remote changes,
hint: use 'git pull' before pushing again.
hint: See the 'Note about fast-forwards' in 'git push --help' for details.
2026-07-24 01:31 pushed 4 commits
To https://github.com/Wibwubcar/Wibwub-Dashboard.git
 ! [rejected]        main -> main (non-fast-forward)
error: failed to push some refs to 'https://github.com/Wibwubcar/Wibwub-Dashboard.git'
hint: Updates were rejected because the tip of your current branch is behind
hint: its remote counterpart. If you want to integrate the remote changes,
hint: use 'git pull' before pushing again.
hint: See the 'Note about fast-forwards' in 'git push --help' for details.
2026-07-24 01:36 pushed 4 commits
To https://github.com/Wibwubcar/Wibwub-Dashboard.git
 ! [rejected]        main -> main (non-fast-forward)
error: failed to push some refs to 'https://github.com/Wibwubcar/Wibwub-Dashboard.git'
hint: Updates were rejected because the tip of your current branch is behind
hint: its remote counterpart. If you want to integrate the remote changes,
hint: use 'git pull' before pushing again.
hint: See the 'Note about fast-forwards' in 'git push --help' for details.
2026-07-24 01:41 pushed 4 commits
To https://github.com/Wibwubcar/Wibwub-Dashboard.git
 ! [rejected]        main -> main (non-fast-forward)
error: failed to push some refs to 'https://github.com/Wibwubcar/Wibwub-Dashboard.git'
hint: Updates were rejected because the tip of your current branch is behind
hint: its remote counterpart. If you want to integrate the remote changes,
hint: use 'git pull' before pushing again.
hint: See the 'Note about fast-forwards' in 'git push --help' for details.
2026-07-24 01:46 pushed 4 commits
To https://github.com/Wibwubcar/Wibwub-Dashboard.git
 ! [rejected]        main -> main (non-fast-forward)
error: failed to push some refs to 'https://github.com/Wibwubcar/Wibwub-Dashboard.git'
hint: Updates were rejected because the tip of your current branch is behind
hint: its remote counterpart. If you want to integrate the remote changes,
hint: use 'git pull' before pushing again.
hint: See the 'Note about fast-forwards' in 'git push --help' for details.
2026-07-24 01:51 pushed 4 commits
To https://github.com/Wibwubcar/Wibwub-Dashboard.git
 ! [rejected]        main -> main (non-fast-forward)
error: failed to push some refs to 'https://github.com/Wibwubcar/Wibwub-Dashboard.git'
hint: Updates were rejected because the tip of your current branch is behind
hint: its remote counterpart. If you want to integrate the remote changes,
hint: use 'git pull' before pushing again.
hint: See the 'Note about fast-forwards' in 'git push --help' for details.
2026-07-24 01:56 pushed 4 commits
To https://github.com/Wibwubcar/Wibwub-Dashboard.git
 ! [rejected]        main -> main (non-fast-forward)
error: failed to push some refs to 'https://github.com/Wibwubcar/Wibwub-Dashboard.git'
hint: Updates were rejected because the tip of your current branch is behind
hint: its remote counterpart. If you want to integrate the remote changes,
hint: use 'git pull' before pushing again.
hint: See the 'Note about fast-forwards' in 'git push --help' for details.
2026-07-24 02:01 pushed 4 commits
To https://github.com/Wibwubcar/Wibwub-Dashboard.git
 ! [rejected]        main -> main (non-fast-forward)
error: failed to push some refs to 'https://github.com/Wibwubcar/Wibwub-Dashboard.git'
hint: Updates were rejected because the tip of your current branch is behind
hint: its remote counterpart. If you want to integrate the remote changes,
hint: use 'git pull' before pushing again.
hint: See the 'Note about fast-forwards' in 'git push --help' for details.
2026-07-24 02:06 pushed 4 commits
To https://github.com/Wibwubcar/Wibwub-Dashboard.git
 ! [rejected]        main -> main (non-fast-forward)
error: failed to push some refs to 'https://github.com/Wibwubcar/Wibwub-Dashboard.git'
hint: Updates were rejected because the tip of your current branch is behind
hint: its remote counterpart. If you want to integrate the remote changes,
hint: use 'git pull' before pushing again.
hint: See the 'Note about fast-forwards' in 'git push --help' for details.
2026-07-24 02:11 pushed 4 commits
To https://github.com/Wibwubcar/Wibwub-Dashboard.git
 ! [rejected]        main -> main (non-fast-forward)
error: failed to push some refs to 'https://github.com/Wibwubcar/Wibwub-Dashboard.git'
hint: Updates were rejected because the tip of your current branch is behind
hint: its remote counterpart. If you want to integrate the remote changes,
hint: use 'git pull' before pushing again.
hint: See the 'Note about fast-forwards' in 'git push --help' for details.
2026-07-24 02:16 pushed 4 commits
To https://github.com/Wibwubcar/Wibwub-Dashboard.git
 ! [rejected]        main -> main (non-fast-forward)
error: failed to push some refs to 'https://github.com/Wibwubcar/Wibwub-Dashboard.git'
hint: Updates were rejected because the tip of your current branch is behind
hint: its remote counterpart. If you want to integrate the remote changes,
hint: use 'git pull' before pushing again.
hint: See the 'Note about fast-forwards' in 'git push --help' for details.
2026-07-24 02:21 pushed 4 commits
To https://github.com/Wibwubcar/Wibwub-Dashboard.git
 ! [rejected]        main -> main (non-fast-forward)
error: failed to push some refs to 'https://github.com/Wibwubcar/Wibwub-Dashboard.git'
hint: Updates were rejected because the tip of your current branch is behind
hint: its remote counterpart. If you want to integrate the remote changes,
hint: use 'git pull' before pushing again.
hint: See the 'Note about fast-forwards' in 'git push --help' for details.
2026-07-24 02:26 pushed 4 commits
To https://github.com/Wibwubcar/Wibwub-Dashboard.git
 ! [rejected]        main -> main (non-fast-forward)
error: failed to push some refs to 'https://github.com/Wibwubcar/Wibwub-Dashboard.git'
hint: Updates were rejected because the tip of your current branch is behind
hint: its remote counterpart. If you want to integrate the remote changes,
hint: use 'git pull' before pushing again.
hint: See the 'Note about fast-forwards' in 'git push --help' for details.
2026-07-24 02:31 pushed 4 commits
To https://github.com/Wibwubcar/Wibwub-Dashboard.git
 ! [rejected]        main -> main (non-fast-forward)
error: failed to push some refs to 'https://github.com/Wibwubcar/Wibwub-Dashboard.git'
hint: Updates were rejected because the tip of your current branch is behind
hint: its remote counterpart. If you want to integrate the remote changes,
hint: use 'git pull' before pushing again.
hint: See the 'Note about fast-forwards' in 'git push --help' for details.
2026-07-24 02:36 pushed 4 commits
To https://github.com/Wibwubcar/Wibwub-Dashboard.git
 ! [rejected]        main -> main (non-fast-forward)
error: failed to push some refs to 'https://github.com/Wibwubcar/Wibwub-Dashboard.git'
hint: Updates were rejected because the tip of your current branch is behind
hint: its remote counterpart. If you want to integrate the remote changes,
hint: use 'git pull' before pushing again.
hint: See the 'Note about fast-forwards' in 'git push --help' for details.
2026-07-24 02:41 pushed 4 commits
To https://github.com/Wibwubcar/Wibwub-Dashboard.git
 ! [rejected]        main -> main (non-fast-forward)
error: failed to push some refs to 'https://github.com/Wibwubcar/Wibwub-Dashboard.git'
hint: Updates were rejected because the tip of your current branch is behind
hint: its remote counterpart. If you want to integrate the remote changes,
hint: use 'git pull' before pushing again.
hint: See the 'Note about fast-forwards' in 'git push --help' for details.
2026-07-24 02:46 pushed 4 commits
To https://github.com/Wibwubcar/Wibwub-Dashboard.git
 ! [rejected]        main -> main (non-fast-forward)
error: failed to push some refs to 'https://github.com/Wibwubcar/Wibwub-Dashboard.git'
hint: Updates were rejected because the tip of your current branch is behind
hint: its remote counterpart. If you want to integrate the remote changes,
hint: use 'git pull' before pushing again.
hint: See the 'Note about fast-forwards' in 'git push --help' for details.
2026-07-24 02:52 pushed 4 commits
To https://github.com/Wibwubcar/Wibwub-Dashboard.git
 ! [rejected]        main -> main (non-fast-forward)
error: failed to push some refs to 'https://github.com/Wibwubcar/Wibwub-Dashboard.git'
hint: Updates were rejected because the tip of your current branch is behind
hint: its remote counterpart. If you want to integrate the remote changes,
hint: use 'git pull' before pushing again.
hint: See the 'Note about fast-forwards' in 'git push --help' for details.
2026-07-24 02:57 pushed 4 commits
To https://github.com/Wibwubcar/Wibwub-Dashboard.git
 ! [rejected]        main -> main (non-fast-forward)
error: failed to push some refs to 'https://github.com/Wibwubcar/Wibwub-Dashboard.git'
hint: Updates were rejected because the tip of your current branch is behind
hint: its remote counterpart. If you want to integrate the remote changes,
hint: use 'git pull' before pushing again.
hint: See the 'Note about fast-forwards' in 'git push --help' for details.
2026-07-24 03:02 pushed 4 commits
To https://github.com/Wibwubcar/Wibwub-Dashboard.git
 ! [rejected]        main -> main (non-fast-forward)
error: failed to push some refs to 'https://github.com/Wibwubcar/Wibwub-Dashboard.git'
hint: Updates were rejected because the tip of your current branch is behind
hint: its remote counterpart. If you want to integrate the remote changes,
hint: use 'git pull' before pushing again.
hint: See the 'Note about fast-forwards' in 'git push --help' for details.
2026-07-24 03:07 pushed 4 commits
To https://github.com/Wibwubcar/Wibwub-Dashboard.git
 ! [rejected]        main -> main (non-fast-forward)
error: failed to push some refs to 'https://github.com/Wibwubcar/Wibwub-Dashboard.git'
hint: Updates were rejected because the tip of your current branch is behind
hint: its remote counterpart. If you want to integrate the remote changes,
hint: use 'git pull' before pushing again.
hint: See the 'Note about fast-forwards' in 'git push --help' for details.
2026-07-24 03:12 pushed 4 commits
To https://github.com/Wibwubcar/Wibwub-Dashboard.git
 ! [rejected]        main -> main (non-fast-forward)
error: failed to push some refs to 'https://github.com/Wibwubcar/Wibwub-Dashboard.git'
hint: Updates were rejected because the tip of your current branch is behind
hint: its remote counterpart. If you want to integrate the remote changes,
hint: use 'git pull' before pushing again.
hint: See the 'Note about fast-forwards' in 'git push --help' for details.
2026-07-24 03:17 pushed 4 commits
To https://github.com/Wibwubcar/Wibwub-Dashboard.git
 ! [rejected]        main -> main (non-fast-forward)
error: failed to push some refs to 'https://github.com/Wibwubcar/Wibwub-Dashboard.git'
hint: Updates were rejected because the tip of your current branch is behind
hint: its remote counterpart. If you want to integrate the remote changes,
hint: use 'git pull' before pushing again.
hint: See the 'Note about fast-forwards' in 'git push --help' for details.
2026-07-24 03:22 pushed 4 commits
To https://github.com/Wibwubcar/Wibwub-Dashboard.git
 ! [rejected]        main -> main (non-fast-forward)
error: failed to push some refs to 'https://github.com/Wibwubcar/Wibwub-Dashboard.git'
hint: Updates were rejected because the tip of your current branch is behind
hint: its remote counterpart. If you want to integrate the remote changes,
hint: use 'git pull' before pushing again.
hint: See the 'Note about fast-forwards' in 'git push --help' for details.
2026-07-24 03:27 pushed 4 commits
To https://github.com/Wibwubcar/Wibwub-Dashboard.git
 ! [rejected]        main -> main (non-fast-forward)
error: failed to push some refs to 'https://github.com/Wibwubcar/Wibwub-Dashboard.git'
hint: Updates were rejected because the tip of your current branch is behind
hint: its remote counterpart. If you want to integrate the remote changes,
hint: use 'git pull' before pushing again.
hint: See the 'Note about fast-forwards' in 'git push --help' for details.
2026-07-24 03:32 pushed 4 commits
To https://github.com/Wibwubcar/Wibwub-Dashboard.git
 ! [rejected]        main -> main (non-fast-forward)
error: failed to push some refs to 'https://github.com/Wibwubcar/Wibwub-Dashboard.git'
hint: Updates were rejected because the tip of your current branch is behind
hint: its remote counterpart. If you want to integrate the remote changes,
hint: use 'git pull' before pushing again.
hint: See the 'Note about fast-forwards' in 'git push --help' for details.
2026-07-24 03:37 pushed 4 commits
To https://github.com/Wibwubcar/Wibwub-Dashboard.git
 ! [rejected]        main -> main (non-fast-forward)
error: failed to push some refs to 'https://github.com/Wibwubcar/Wibwub-Dashboard.git'
hint: Updates were rejected because the tip of your current branch is behind
hint: its remote counterpart. If you want to integrate the remote changes,
hint: use 'git pull' before pushing again.
hint: See the 'Note about fast-forwards' in 'git push --help' for details.
2026-07-24 03:42 pushed 4 commits
To https://github.com/Wibwubcar/Wibwub-Dashboard.git
 ! [rejected]        main -> main (non-fast-forward)
error: failed to push some refs to 'https://github.com/Wibwubcar/Wibwub-Dashboard.git'
hint: Updates were rejected because the tip of your current branch is behind
hint: its remote counterpart. If you want to integrate the remote changes,
hint: use 'git pull' before pushing again.
hint: See the 'Note about fast-forwards' in 'git push --help' for details.
2026-07-24 03:47 pushed 4 commits
To https://github.com/Wibwubcar/Wibwub-Dashboard.git
 ! [rejected]        main -> main (non-fast-forward)
error: failed to push some refs to 'https://github.com/Wibwubcar/Wibwub-Dashboard.git'
hint: Updates were rejected because the tip of your current branch is behind
hint: its remote counterpart. If you want to integrate the remote changes,
hint: use 'git pull' before pushing again.
hint: See the 'Note about fast-forwards' in 'git push --help' for details.
2026-07-24 03:52 pushed 4 commits
To https://github.com/Wibwubcar/Wibwub-Dashboard.git
 ! [rejected]        main -> main (non-fast-forward)
error: failed to push some refs to 'https://github.com/Wibwubcar/Wibwub-Dashboard.git'
hint: Updates were rejected because the tip of your current branch is behind
hint: its remote counterpart. If you want to integrate the remote changes,
hint: use 'git pull' before pushing again.
hint: See the 'Note about fast-forwards' in 'git push --help' for details.
2026-07-24 03:57 pushed 4 commits
To https://github.com/Wibwubcar/Wibwub-Dashboard.git
 ! [rejected]        main -> main (non-fast-forward)
error: failed to push some refs to 'https://github.com/Wibwubcar/Wibwub-Dashboard.git'
hint: Updates were rejected because the tip of your current branch is behind
hint: its remote counterpart. If you want to integrate the remote changes,
hint: use 'git pull' before pushing again.
hint: See the 'Note about fast-forwards' in 'git push --help' for details.
2026-07-24 04:02 pushed 4 commits
To https://github.com/Wibwubcar/Wibwub-Dashboard.git
 ! [rejected]        main -> main (non-fast-forward)
error: failed to push some refs to 'https://github.com/Wibwubcar/Wibwub-Dashboard.git'
hint: Updates were rejected because the tip of your current branch is behind
hint: its remote counterpart. If you want to integrate the remote changes,
hint: use 'git pull' before pushing again.
hint: See the 'Note about fast-forwards' in 'git push --help' for details.
2026-07-24 04:07 pushed 4 commits
To https://github.com/Wibwubcar/Wibwub-Dashboard.git
 ! [rejected]        main -> main (non-fast-forward)
error: failed to push some refs to 'https://github.com/Wibwubcar/Wibwub-Dashboard.git'
hint: Updates were rejected because the tip of your current branch is behind
hint: its remote counterpart. If you want to integrate the remote changes,
hint: use 'git pull' before pushing again.
hint: See the 'Note about fast-forwards' in 'git push --help' for details.
2026-07-24 04:12 pushed 4 commits
To https://github.com/Wibwubcar/Wibwub-Dashboard.git
 ! [rejected]        main -> main (non-fast-forward)
error: failed to push some refs to 'https://github.com/Wibwubcar/Wibwub-Dashboard.git'
hint: Updates were rejected because the tip of your current branch is behind
hint: its remote counterpart. If you want to integrate the remote changes,
hint: use 'git pull' before pushing again.
hint: See the 'Note about fast-forwards' in 'git push --help' for details.
2026-07-24 04:17 pushed 4 commits
To https://github.com/Wibwubcar/Wibwub-Dashboard.git
 ! [rejected]        main -> main (non-fast-forward)
error: failed to push some refs to 'https://github.com/Wibwubcar/Wibwub-Dashboard.git'
hint: Updates were rejected because the tip of your current branch is behind
hint: its remote counterpart. If you want to integrate the remote changes,
hint: use 'git pull' before pushing again.
hint: See the 'Note about fast-forwards' in 'git push --help' for details.
2026-07-24 04:22 pushed 4 commits
To https://github.com/Wibwubcar/Wibwub-Dashboard.git
 ! [rejected]        main -> main (non-fast-forward)
error: failed to push some refs to 'https://github.com/Wibwubcar/Wibwub-Dashboard.git'
hint: Updates were rejected because the tip of your current branch is behind
hint: its remote counterpart. If you want to integrate the remote changes,
hint: use 'git pull' before pushing again.
hint: See the 'Note about fast-forwards' in 'git push --help' for details.
2026-07-24 04:27 pushed 4 commits
To https://github.com/Wibwubcar/Wibwub-Dashboard.git
 ! [rejected]        main -> main (non-fast-forward)
error: failed to push some refs to 'https://github.com/Wibwubcar/Wibwub-Dashboard.git'
hint: Updates were rejected because the tip of your current branch is behind
hint: its remote counterpart. If you want to integrate the remote changes,
hint: use 'git pull' before pushing again.
hint: See the 'Note about fast-forwards' in 'git push --help' for details.
2026-07-24 04:32 pushed 4 commits
To https://github.com/Wibwubcar/Wibwub-Dashboard.git
 ! [rejected]        main -> main (non-fast-forward)
error: failed to push some refs to 'https://github.com/Wibwubcar/Wibwub-Dashboard.git'
hint: Updates were rejected because the tip of your current branch is behind
hint: its remote counterpart. If you want to integrate the remote changes,
hint: use 'git pull' before pushing again.
hint: See the 'Note about fast-forwards' in 'git push --help' for details.
2026-07-24 04:37 pushed 4 commits
To https://github.com/Wibwubcar/Wibwub-Dashboard.git
 ! [rejected]        main -> main (non-fast-forward)
error: failed to push some refs to 'https://github.com/Wibwubcar/Wibwub-Dashboard.git'
hint: Updates were rejected because the tip of your current branch is behind
hint: its remote counterpart. If you want to integrate the remote changes,
hint: use 'git pull' before pushing again.
hint: See the 'Note about fast-forwards' in 'git push --help' for details.
2026-07-24 04:42 pushed 4 commits
To https://github.com/Wibwubcar/Wibwub-Dashboard.git
 ! [rejected]        main -> main (non-fast-forward)
error: failed to push some refs to 'https://github.com/Wibwubcar/Wibwub-Dashboard.git'
hint: Updates were rejected because the tip of your current branch is behind
hint: its remote counterpart. If you want to integrate the remote changes,
hint: use 'git pull' before pushing again.
hint: See the 'Note about fast-forwards' in 'git push --help' for details.
2026-07-24 04:47 pushed 4 commits
To https://github.com/Wibwubcar/Wibwub-Dashboard.git
 ! [rejected]        main -> main (non-fast-forward)
error: failed to push some refs to 'https://github.com/Wibwubcar/Wibwub-Dashboard.git'
hint: Updates were rejected because the tip of your current branch is behind
hint: its remote counterpart. If you want to integrate the remote changes,
hint: use 'git pull' before pushing again.
hint: See the 'Note about fast-forwards' in 'git push --help' for details.
2026-07-24 04:52 pushed 4 commits
To https://github.com/Wibwubcar/Wibwub-Dashboard.git
 ! [rejected]        main -> main (non-fast-forward)
error: failed to push some refs to 'https://github.com/Wibwubcar/Wibwub-Dashboard.git'
hint: Updates were rejected because the tip of your current branch is behind
hint: its remote counterpart. If you want to integrate the remote changes,
hint: use 'git pull' before pushing again.
hint: See the 'Note about fast-forwards' in 'git push --help' for details.
2026-07-24 04:57 pushed 4 commits
To https://github.com/Wibwubcar/Wibwub-Dashboard.git
 ! [rejected]        main -> main (non-fast-forward)
error: failed to push some refs to 'https://github.com/Wibwubcar/Wibwub-Dashboard.git'
hint: Updates were rejected because the tip of your current branch is behind
hint: its remote counterpart. If you want to integrate the remote changes,
hint: use 'git pull' before pushing again.
hint: See the 'Note about fast-forwards' in 'git push --help' for details.
2026-07-24 05:02 pushed 4 commits
To https://github.com/Wibwubcar/Wibwub-Dashboard.git
 ! [rejected]        main -> main (non-fast-forward)
error: failed to push some refs to 'https://github.com/Wibwubcar/Wibwub-Dashboard.git'
hint: Updates were rejected because the tip of your current branch is behind
hint: its remote counterpart. If you want to integrate the remote changes,
hint: use 'git pull' before pushing again.
hint: See the 'Note about fast-forwards' in 'git push --help' for details.
2026-07-24 05:07 pushed 4 commits
To https://github.com/Wibwubcar/Wibwub-Dashboard.git
 ! [rejected]        main -> main (non-fast-forward)
error: failed to push some refs to 'https://github.com/Wibwubcar/Wibwub-Dashboard.git'
hint: Updates were rejected because the tip of your current branch is behind
hint: its remote counterpart. If you want to integrate the remote changes,
hint: use 'git pull' before pushing again.
hint: See the 'Note about fast-forwards' in 'git push --help' for details.
2026-07-24 05:12 pushed 4 commits
To https://github.com/Wibwubcar/Wibwub-Dashboard.git
 ! [rejected]        main -> main (non-fast-forward)
error: failed to push some refs to 'https://github.com/Wibwubcar/Wibwub-Dashboard.git'
hint: Updates were rejected because the tip of your current branch is behind
hint: its remote counterpart. If you want to integrate the remote changes,
hint: use 'git pull' before pushing again.
hint: See the 'Note about fast-forwards' in 'git push --help' for details.
2026-07-24 05:17 pushed 4 commits
To https://github.com/Wibwubcar/Wibwub-Dashboard.git
 ! [rejected]        main -> main (non-fast-forward)
error: failed to push some refs to 'https://github.com/Wibwubcar/Wibwub-Dashboard.git'
hint: Updates were rejected because the tip of your current branch is behind
hint: its remote counterpart. If you want to integrate the remote changes,
hint: use 'git pull' before pushing again.
hint: See the 'Note about fast-forwards' in 'git push --help' for details.
2026-07-24 05:22 pushed 4 commits
To https://github.com/Wibwubcar/Wibwub-Dashboard.git
 ! [rejected]        main -> main (non-fast-forward)
error: failed to push some refs to 'https://github.com/Wibwubcar/Wibwub-Dashboard.git'
hint: Updates were rejected because the tip of your current branch is behind
hint: its remote counterpart. If you want to integrate the remote changes,
hint: use 'git pull' before pushing again.
hint: See the 'Note about fast-forwards' in 'git push --help' for details.
2026-07-24 05:27 pushed 4 commits
To https://github.com/Wibwubcar/Wibwub-Dashboard.git
 ! [rejected]        main -> main (non-fast-forward)
error: failed to push some refs to 'https://github.com/Wibwubcar/Wibwub-Dashboard.git'
hint: Updates were rejected because the tip of your current branch is behind
hint: its remote counterpart. If you want to integrate the remote changes,
hint: use 'git pull' before pushing again.
hint: See the 'Note about fast-forwards' in 'git push --help' for details.
2026-07-24 05:32 pushed 4 commits
To https://github.com/Wibwubcar/Wibwub-Dashboard.git
 ! [rejected]        main -> main (non-fast-forward)
error: failed to push some refs to 'https://github.com/Wibwubcar/Wibwub-Dashboard.git'
hint: Updates were rejected because the tip of your current branch is behind
hint: its remote counterpart. If you want to integrate the remote changes,
hint: use 'git pull' before pushing again.
hint: See the 'Note about fast-forwards' in 'git push --help' for details.
2026-07-24 05:37 pushed 4 commits
To https://github.com/Wibwubcar/Wibwub-Dashboard.git
 ! [rejected]        main -> main (non-fast-forward)
error: failed to push some refs to 'https://github.com/Wibwubcar/Wibwub-Dashboard.git'
hint: Updates were rejected because the tip of your current branch is behind
hint: its remote counterpart. If you want to integrate the remote changes,
hint: use 'git pull' before pushing again.
hint: See the 'Note about fast-forwards' in 'git push --help' for details.
2026-07-24 05:42 pushed 4 commits
To https://github.com/Wibwubcar/Wibwub-Dashboard.git
 ! [rejected]        main -> main (non-fast-forward)
error: failed to push some refs to 'https://github.com/Wibwubcar/Wibwub-Dashboard.git'
hint: Updates were rejected because the tip of your current branch is behind
hint: its remote counterpart. If you want to integrate the remote changes,
hint: use 'git pull' before pushing again.
hint: See the 'Note about fast-forwards' in 'git push --help' for details.
2026-07-24 05:47 pushed 4 commits
To https://github.com/Wibwubcar/Wibwub-Dashboard.git
 ! [rejected]        main -> main (non-fast-forward)
error: failed to push some refs to 'https://github.com/Wibwubcar/Wibwub-Dashboard.git'
hint: Updates were rejected because the tip of your current branch is behind
hint: its remote counterpart. If you want to integrate the remote changes,
hint: use 'git pull' before pushing again.
hint: See the 'Note about fast-forwards' in 'git push --help' for details.
2026-07-24 05:52 pushed 4 commits
To https://github.com/Wibwubcar/Wibwub-Dashboard.git
 ! [rejected]        main -> main (non-fast-forward)
error: failed to push some refs to 'https://github.com/Wibwubcar/Wibwub-Dashboard.git'
hint: Updates were rejected because the tip of your current branch is behind
hint: its remote counterpart. If you want to integrate the remote changes,
hint: use 'git pull' before pushing again.
hint: See the 'Note about fast-forwards' in 'git push --help' for details.
2026-07-24 05:57 pushed 4 commits
To https://github.com/Wibwubcar/Wibwub-Dashboard.git
 ! [rejected]        main -> main (non-fast-forward)
error: failed to push some refs to 'https://github.com/Wibwubcar/Wibwub-Dashboard.git'
hint: Updates were rejected because the tip of your current branch is behind
hint: its remote counterpart. If you want to integrate the remote changes,
hint: use 'git pull' before pushing again.
hint: See the 'Note about fast-forwards' in 'git push --help' for details.
2026-07-24 06:02 pushed 4 commits
To https://github.com/Wibwubcar/Wibwub-Dashboard.git
 ! [rejected]        main -> main (non-fast-forward)
error: failed to push some refs to 'https://github.com/Wibwubcar/Wibwub-Dashboard.git'
hint: Updates were rejected because the tip of your current branch is behind
hint: its remote counterpart. If you want to integrate the remote changes,
hint: use 'git pull' before pushing again.
hint: See the 'Note about fast-forwards' in 'git push --help' for details.
2026-07-24 06:07 pushed 4 commits
To https://github.com/Wibwubcar/Wibwub-Dashboard.git
 ! [rejected]        main -> main (non-fast-forward)
error: failed to push some refs to 'https://github.com/Wibwubcar/Wibwub-Dashboard.git'
hint: Updates were rejected because the tip of your current branch is behind
hint: its remote counterpart. If you want to integrate the remote changes,
hint: use 'git pull' before pushing again.
hint: See the 'Note about fast-forwards' in 'git push --help' for details.
2026-07-24 06:12 pushed 4 commits
To https://github.com/Wibwubcar/Wibwub-Dashboard.git
 ! [rejected]        main -> main (non-fast-forward)
error: failed to push some refs to 'https://github.com/Wibwubcar/Wibwub-Dashboard.git'
hint: Updates were rejected because the tip of your current branch is behind
hint: its remote counterpart. If you want to integrate the remote changes,
hint: use 'git pull' before pushing again.
hint: See the 'Note about fast-forwards' in 'git push --help' for details.
2026-07-24 06:17 pushed 4 commits
To https://github.com/Wibwubcar/Wibwub-Dashboard.git
 ! [rejected]        main -> main (non-fast-forward)
error: failed to push some refs to 'https://github.com/Wibwubcar/Wibwub-Dashboard.git'
hint: Updates were rejected because the tip of your current branch is behind
hint: its remote counterpart. If you want to integrate the remote changes,
hint: use 'git pull' before pushing again.
hint: See the 'Note about fast-forwards' in 'git push --help' for details.
2026-07-24 06:23 pushed 4 commits
To https://github.com/Wibwubcar/Wibwub-Dashboard.git
 ! [rejected]        main -> main (non-fast-forward)
error: failed to push some refs to 'https://github.com/Wibwubcar/Wibwub-Dashboard.git'
hint: Updates were rejected because the tip of your current branch is behind
hint: its remote counterpart. If you want to integrate the remote changes,
hint: use 'git pull' before pushing again.
hint: See the 'Note about fast-forwards' in 'git push --help' for details.
2026-07-24 06:28 pushed 4 commits
To https://github.com/Wibwubcar/Wibwub-Dashboard.git
 ! [rejected]        main -> main (non-fast-forward)
error: failed to push some refs to 'https://github.com/Wibwubcar/Wibwub-Dashboard.git'
hint: Updates were rejected because the tip of your current branch is behind
hint: its remote counterpart. If you want to integrate the remote changes,
hint: use 'git pull' before pushing again.
hint: See the 'Note about fast-forwards' in 'git push --help' for details.
2026-07-24 06:33 pushed 4 commits
To https://github.com/Wibwubcar/Wibwub-Dashboard.git
 ! [rejected]        main -> main (non-fast-forward)
error: failed to push some refs to 'https://github.com/Wibwubcar/Wibwub-Dashboard.git'
hint: Updates were rejected because the tip of your current branch is behind
hint: its remote counterpart. If you want to integrate the remote changes,
hint: use 'git pull' before pushing again.
hint: See the 'Note about fast-forwards' in 'git push --help' for details.
2026-07-24 06:38 pushed 4 commits
To https://github.com/Wibwubcar/Wibwub-Dashboard.git
 ! [rejected]        main -> main (non-fast-forward)
error: failed to push some refs to 'https://github.com/Wibwubcar/Wibwub-Dashboard.git'
hint: Updates were rejected because the tip of your current branch is behind
hint: its remote counterpart. If you want to integrate the remote changes,
hint: use 'git pull' before pushing again.
hint: See the 'Note about fast-forwards' in 'git push --help' for details.
2026-07-24 06:43 pushed 4 commits
To https://github.com/Wibwubcar/Wibwub-Dashboard.git
 ! [rejected]        main -> main (non-fast-forward)
error: failed to push some refs to 'https://github.com/Wibwubcar/Wibwub-Dashboard.git'
hint: Updates were rejected because the tip of your current branch is behind
hint: its remote counterpart. If you want to integrate the remote changes,
hint: use 'git pull' before pushing again.
hint: See the 'Note about fast-forwards' in 'git push --help' for details.
2026-07-24 06:48 pushed 4 commits
To https://github.com/Wibwubcar/Wibwub-Dashboard.git
 ! [rejected]        main -> main (non-fast-forward)
error: failed to push some refs to 'https://github.com/Wibwubcar/Wibwub-Dashboard.git'
hint: Updates were rejected because the tip of your current branch is behind
hint: its remote counterpart. If you want to integrate the remote changes,
hint: use 'git pull' before pushing again.
hint: See the 'Note about fast-forwards' in 'git push --help' for details.
2026-07-24 06:53 pushed 4 commits
To https://github.com/Wibwubcar/Wibwub-Dashboard.git
 ! [rejected]        main -> main (non-fast-forward)
error: failed to push some refs to 'https://github.com/Wibwubcar/Wibwub-Dashboard.git'
hint: Updates were rejected because the tip of your current branch is behind
hint: its remote counterpart. If you want to integrate the remote changes,
hint: use 'git pull' before pushing again.
hint: See the 'Note about fast-forwards' in 'git push --help' for details.
2026-07-24 06:58 pushed 4 commits
To https://github.com/Wibwubcar/Wibwub-Dashboard.git
 ! [rejected]        main -> main (non-fast-forward)
error: failed to push some refs to 'https://github.com/Wibwubcar/Wibwub-Dashboard.git'
hint: Updates were rejected because the tip of your current branch is behind
hint: its remote counterpart. If you want to integrate the remote changes,
hint: use 'git pull' before pushing again.
hint: See the 'Note about fast-forwards' in 'git push --help' for details.
2026-07-24 07:03 pushed 4 commits
To https://github.com/Wibwubcar/Wibwub-Dashboard.git
 ! [rejected]        main -> main (non-fast-forward)
error: failed to push some refs to 'https://github.com/Wibwubcar/Wibwub-Dashboard.git'
hint: Updates were rejected because the tip of your current branch is behind
hint: its remote counterpart. If you want to integrate the remote changes,
hint: use 'git pull' before pushing again.
hint: See the 'Note about fast-forwards' in 'git push --help' for details.
2026-07-24 07:08 pushed 4 commits
To https://github.com/Wibwubcar/Wibwub-Dashboard.git
 ! [rejected]        main -> main (non-fast-forward)
error: failed to push some refs to 'https://github.com/Wibwubcar/Wibwub-Dashboard.git'
hint: Updates were rejected because the tip of your current branch is behind
hint: its remote counterpart. If you want to integrate the remote changes,
hint: use 'git pull' before pushing again.
hint: See the 'Note about fast-forwards' in 'git push --help' for details.
2026-07-24 07:13 pushed 4 commits
To https://github.com/Wibwubcar/Wibwub-Dashboard.git
 ! [rejected]        main -> main (non-fast-forward)
error: failed to push some refs to 'https://github.com/Wibwubcar/Wibwub-Dashboard.git'
hint: Updates were rejected because the tip of your current branch is behind
hint: its remote counterpart. If you want to integrate the remote changes,
hint: use 'git pull' before pushing again.
hint: See the 'Note about fast-forwards' in 'git push --help' for details.
2026-07-24 07:18 pushed 4 commits
To https://github.com/Wibwubcar/Wibwub-Dashboard.git
 ! [rejected]        main -> main (non-fast-forward)
error: failed to push some refs to 'https://github.com/Wibwubcar/Wibwub-Dashboard.git'
hint: Updates were rejected because the tip of your current branch is behind
hint: its remote counterpart. If you want to integrate the remote changes,
hint: use 'git pull' before pushing again.
hint: See the 'Note about fast-forwards' in 'git push --help' for details.
2026-07-24 07:23 pushed 4 commits
To https://github.com/Wibwubcar/Wibwub-Dashboard.git
 ! [rejected]        main -> main (non-fast-forward)
error: failed to push some refs to 'https://github.com/Wibwubcar/Wibwub-Dashboard.git'
hint: Updates were rejected because the tip of your current branch is behind
hint: its remote counterpart. If you want to integrate the remote changes,
hint: use 'git pull' before pushing again.
hint: See the 'Note about fast-forwards' in 'git push --help' for details.
2026-07-24 07:28 pushed 4 commits
To https://github.com/Wibwubcar/Wibwub-Dashboard.git
 ! [rejected]        main -> main (non-fast-forward)
error: failed to push some refs to 'https://github.com/Wibwubcar/Wibwub-Dashboard.git'
hint: Updates were rejected because the tip of your current branch is behind
hint: its remote counterpart. If you want to integrate the remote changes,
hint: use 'git pull' before pushing again.
hint: See the 'Note about fast-forwards' in 'git push --help' for details.
2026-07-24 07:33 pushed 4 commits
To https://github.com/Wibwubcar/Wibwub-Dashboard.git
 ! [rejected]        main -> main (non-fast-forward)
error: failed to push some refs to 'https://github.com/Wibwubcar/Wibwub-Dashboard.git'
hint: Updates were rejected because the tip of your current branch is behind
hint: its remote counterpart. If you want to integrate the remote changes,
hint: use 'git pull' before pushing again.
hint: See the 'Note about fast-forwards' in 'git push --help' for details.
2026-07-24 07:38 pushed 4 commits
To https://github.com/Wibwubcar/Wibwub-Dashboard.git
 ! [rejected]        main -> main (non-fast-forward)
error: failed to push some refs to 'https://github.com/Wibwubcar/Wibwub-Dashboard.git'
hint: Updates were rejected because the tip of your current branch is behind
hint: its remote counterpart. If you want to integrate the remote changes,
hint: use 'git pull' before pushing again.
hint: See the 'Note about fast-forwards' in 'git push --help' for details.
2026-07-24 07:43 pushed 4 commits
To https://github.com/Wibwubcar/Wibwub-Dashboard.git
 ! [rejected]        main -> main (non-fast-forward)
error: failed to push some refs to 'https://github.com/Wibwubcar/Wibwub-Dashboard.git'
hint: Updates were rejected because the tip of your current branch is behind
hint: its remote counterpart. If you want to integrate the remote changes,
hint: use 'git pull' before pushing again.
hint: See the 'Note about fast-forwards' in 'git push --help' for details.
2026-07-24 07:48 pushed 4 commits
To https://github.com/Wibwubcar/Wibwub-Dashboard.git
 ! [rejected]        main -> main (non-fast-forward)
error: failed to push some refs to 'https://github.com/Wibwubcar/Wibwub-Dashboard.git'
hint: Updates were rejected because the tip of your current branch is behind
hint: its remote counterpart. If you want to integrate the remote changes,
hint: use 'git pull' before pushing again.
hint: See the 'Note about fast-forwards' in 'git push --help' for details.
2026-07-24 07:53 pushed 4 commits
To https://github.com/Wibwubcar/Wibwub-Dashboard.git
 ! [rejected]        main -> main (non-fast-forward)
error: failed to push some refs to 'https://github.com/Wibwubcar/Wibwub-Dashboard.git'
hint: Updates were rejected because the tip of your current branch is behind
hint: its remote counterpart. If you want to integrate the remote changes,
hint: use 'git pull' before pushing again.
hint: See the 'Note about fast-forwards' in 'git push --help' for details.
2026-07-24 07:58 pushed 4 commits
To https://github.com/Wibwubcar/Wibwub-Dashboard.git
 ! [rejected]        main -> main (non-fast-forward)
error: failed to push some refs to 'https://github.com/Wibwubcar/Wibwub-Dashboard.git'
hint: Updates were rejected because the tip of your current branch is behind
hint: its remote counterpart. If you want to integrate the remote changes,
hint: use 'git pull' before pushing again.
hint: See the 'Note about fast-forwards' in 'git push --help' for details.
2026-07-24 08:03 pushed 4 commits
To https://github.com/Wibwubcar/Wibwub-Dashboard.git
 ! [rejected]        main -> main (non-fast-forward)
error: failed to push some refs to 'https://github.com/Wibwubcar/Wibwub-Dashboard.git'
hint: Updates were rejected because the tip of your current branch is behind
hint: its remote counterpart. If you want to integrate the remote changes,
hint: use 'git pull' before pushing again.
hint: See the 'Note about fast-forwards' in 'git push --help' for details.
2026-07-24 08:08 pushed 4 commits
To https://github.com/Wibwubcar/Wibwub-Dashboard.git
 ! [rejected]        main -> main (non-fast-forward)
error: failed to push some refs to 'https://github.com/Wibwubcar/Wibwub-Dashboard.git'
hint: Updates were rejected because the tip of your current branch is behind
hint: its remote counterpart. If you want to integrate the remote changes,
hint: use 'git pull' before pushing again.
hint: See the 'Note about fast-forwards' in 'git push --help' for details.
2026-07-24 08:13 pushed 4 commits
To https://github.com/Wibwubcar/Wibwub-Dashboard.git
 ! [rejected]        main -> main (non-fast-forward)
error: failed to push some refs to 'https://github.com/Wibwubcar/Wibwub-Dashboard.git'
hint: Updates were rejected because the tip of your current branch is behind
hint: its remote counterpart. If you want to integrate the remote changes,
hint: use 'git pull' before pushing again.
hint: See the 'Note about fast-forwards' in 'git push --help' for details.
2026-07-24 08:18 pushed 4 commits
To https://github.com/Wibwubcar/Wibwub-Dashboard.git
 ! [rejected]        main -> main (non-fast-forward)
error: failed to push some refs to 'https://github.com/Wibwubcar/Wibwub-Dashboard.git'
hint: Updates were rejected because the tip of your current branch is behind
hint: its remote counterpart. If you want to integrate the remote changes,
hint: use 'git pull' before pushing again.
hint: See the 'Note about fast-forwards' in 'git push --help' for details.
2026-07-24 08:23 pushed 4 commits
To https://github.com/Wibwubcar/Wibwub-Dashboard.git
 ! [rejected]        main -> main (non-fast-forward)
error: failed to push some refs to 'https://github.com/Wibwubcar/Wibwub-Dashboard.git'
hint: Updates were rejected because the tip of your current branch is behind
hint: its remote counterpart. If you want to integrate the remote changes,
hint: use 'git pull' before pushing again.
hint: See the 'Note about fast-forwards' in 'git push --help' for details.
2026-07-24 08:28 pushed 4 commits
To https://github.com/Wibwubcar/Wibwub-Dashboard.git
 ! [rejected]        main -> main (non-fast-forward)
error: failed to push some refs to 'https://github.com/Wibwubcar/Wibwub-Dashboard.git'
hint: Updates were rejected because the tip of your current branch is behind
hint: its remote counterpart. If you want to integrate the remote changes,
hint: use 'git pull' before pushing again.
hint: See the 'Note about fast-forwards' in 'git push --help' for details.
2026-07-24 08:33 pushed 4 commits
To https://github.com/Wibwubcar/Wibwub-Dashboard.git
 ! [rejected]        main -> main (non-fast-forward)
error: failed to push some refs to 'https://github.com/Wibwubcar/Wibwub-Dashboard.git'
hint: Updates were rejected because the tip of your current branch is behind
hint: its remote counterpart. If you want to integrate the remote changes,
hint: use 'git pull' before pushing again.
hint: See the 'Note about fast-forwards' in 'git push --help' for details.
2026-07-24 08:38 pushed 4 commits
To https://github.com/Wibwubcar/Wibwub-Dashboard.git
 ! [rejected]        main -> main (non-fast-forward)
error: failed to push some refs to 'https://github.com/Wibwubcar/Wibwub-Dashboard.git'
hint: Updates were rejected because the tip of your current branch is behind
hint: its remote counterpart. If you want to integrate the remote changes,
hint: use 'git pull' before pushing again.
hint: See the 'Note about fast-forwards' in 'git push --help' for details.
2026-07-24 08:43 pushed 4 commits
To https://github.com/Wibwubcar/Wibwub-Dashboard.git
 ! [rejected]        main -> main (non-fast-forward)
error: failed to push some refs to 'https://github.com/Wibwubcar/Wibwub-Dashboard.git'
hint: Updates were rejected because the tip of your current branch is behind
hint: its remote counterpart. If you want to integrate the remote changes,
hint: use 'git pull' before pushing again.
hint: See the 'Note about fast-forwards' in 'git push --help' for details.
2026-07-24 08:48 pushed 4 commits
To https://github.com/Wibwubcar/Wibwub-Dashboard.git
 ! [rejected]        main -> main (non-fast-forward)
error: failed to push some refs to 'https://github.com/Wibwubcar/Wibwub-Dashboard.git'
hint: Updates were rejected because the tip of your current branch is behind
hint: its remote counterpart. If you want to integrate the remote changes,
hint: use 'git pull' before pushing again.
hint: See the 'Note about fast-forwards' in 'git push --help' for details.
2026-07-24 08:53 pushed 6 commits
To https://github.com/Wibwubcar/Wibwub-Dashboard.git
 ! [rejected]        main -> main (non-fast-forward)
error: failed to push some refs to 'https://github.com/Wibwubcar/Wibwub-Dashboard.git'
hint: Updates were rejected because the tip of your current branch is behind
hint: its remote counterpart. If you want to integrate the remote changes,
hint: use 'git pull' before pushing again.
hint: See the 'Note about fast-forwards' in 'git push --help' for details.
2026-07-24 08:58 pushed 6 commits
To https://github.com/Wibwubcar/Wibwub-Dashboard.git
 ! [rejected]        main -> main (non-fast-forward)
error: failed to push some refs to 'https://github.com/Wibwubcar/Wibwub-Dashboard.git'
hint: Updates were rejected because the tip of your current branch is behind
hint: its remote counterpart. If you want to integrate the remote changes,
hint: use 'git pull' before pushing again.
hint: See the 'Note about fast-forwards' in 'git push --help' for details.
2026-07-24 09:03 pushed 7 commits
To https://github.com/Wibwubcar/Wibwub-Dashboard.git
 ! [rejected]        main -> main (non-fast-forward)
error: failed to push some refs to 'https://github.com/Wibwubcar/Wibwub-Dashboard.git'
hint: Updates were rejected because the tip of your current branch is behind
hint: its remote counterpart. If you want to integrate the remote changes,
hint: use 'git pull' before pushing again.
hint: See the 'Note about fast-forwards' in 'git push --help' for details.
2026-07-24 09:08 pushed 7 commits
To https://github.com/Wibwubcar/Wibwub-Dashboard.git
 ! [rejected]        main -> main (non-fast-forward)
error: failed to push some refs to 'https://github.com/Wibwubcar/Wibwub-Dashboard.git'
hint: Updates were rejected because the tip of your current branch is behind
hint: its remote counterpart. If you want to integrate the remote changes,
hint: use 'git pull' before pushing again.
hint: See the 'Note about fast-forwards' in 'git push --help' for details.
2026-07-24 09:13 pushed 8 commits
To https://github.com/Wibwubcar/Wibwub-Dashboard.git
 ! [rejected]        main -> main (non-fast-forward)
error: failed to push some refs to 'https://github.com/Wibwubcar/Wibwub-Dashboard.git'
hint: Updates were rejected because the tip of your current branch is behind
hint: its remote counterpart. If you want to integrate the remote changes,
hint: use 'git pull' before pushing again.
hint: See the 'Note about fast-forwards' in 'git push --help' for details.
2026-07-24 09:18 pushed 8 commits
To https://github.com/Wibwubcar/Wibwub-Dashboard.git
 ! [rejected]        main -> main (non-fast-forward)
error: failed to push some refs to 'https://github.com/Wibwubcar/Wibwub-Dashboard.git'
hint: Updates were rejected because the tip of your current branch is behind
hint: its remote counterpart. If you want to integrate the remote changes,
hint: use 'git pull' before pushing again.
hint: See the 'Note about fast-forwards' in 'git push --help' for details.
2026-07-24 09:23 pushed 8 commits
To https://github.com/Wibwubcar/Wibwub-Dashboard.git
 ! [rejected]        main -> main (non-fast-forward)
error: failed to push some refs to 'https://github.com/Wibwubcar/Wibwub-Dashboard.git'
hint: Updates were rejected because the tip of your current branch is behind
hint: its remote counterpart. If you want to integrate the remote changes,
hint: use 'git pull' before pushing again.
hint: See the 'Note about fast-forwards' in 'git push --help' for details.
2026-07-24 09:28 pushed 8 commits
To https://github.com/Wibwubcar/Wibwub-Dashboard.git
 ! [rejected]        main -> main (non-fast-forward)
error: failed to push some refs to 'https://github.com/Wibwubcar/Wibwub-Dashboard.git'
hint: Updates were rejected because the tip of your current branch is behind
hint: its remote counterpart. If you want to integrate the remote changes,
hint: use 'git pull' before pushing again.
hint: See the 'Note about fast-forwards' in 'git push --help' for details.
2026-07-24 09:33 pushed 8 commits
To https://github.com/Wibwubcar/Wibwub-Dashboard.git
 ! [rejected]        main -> main (non-fast-forward)
error: failed to push some refs to 'https://github.com/Wibwubcar/Wibwub-Dashboard.git'
hint: Updates were rejected because the tip of your current branch is behind
hint: its remote counterpart. If you want to integrate the remote changes,
hint: use 'git pull' before pushing again.
hint: See the 'Note about fast-forwards' in 'git push --help' for details.
2026-07-24 09:38 pushed 8 commits
To https://github.com/Wibwubcar/Wibwub-Dashboard.git
 ! [rejected]        main -> main (non-fast-forward)
error: failed to push some refs to 'https://github.com/Wibwubcar/Wibwub-Dashboard.git'
hint: Updates were rejected because the tip of your current branch is behind
hint: its remote counterpart. If you want to integrate the remote changes,
hint: use 'git pull' before pushing again.
hint: See the 'Note about fast-forwards' in 'git push --help' for details.
2026-07-24 09:44 pushed 8 commits
To https://github.com/Wibwubcar/Wibwub-Dashboard.git
 ! [rejected]        main -> main (non-fast-forward)
error: failed to push some refs to 'https://github.com/Wibwubcar/Wibwub-Dashboard.git'
hint: Updates were rejected because the tip of your current branch is behind
hint: its remote counterpart. If you want to integrate the remote changes,
hint: use 'git pull' before pushing again.
hint: See the 'Note about fast-forwards' in 'git push --help' for details.
2026-07-24 09:49 pushed 8 commits
To https://github.com/Wibwubcar/Wibwub-Dashboard.git
 ! [rejected]        main -> main (non-fast-forward)
error: failed to push some refs to 'https://github.com/Wibwubcar/Wibwub-Dashboard.git'
hint: Updates were rejected because the tip of your current branch is behind
hint: its remote counterpart. If you want to integrate the remote changes,
hint: use 'git pull' before pushing again.
hint: See the 'Note about fast-forwards' in 'git push --help' for details.
2026-07-24 09:54 pushed 8 commits
To https://github.com/Wibwubcar/Wibwub-Dashboard.git
 ! [rejected]        main -> main (non-fast-forward)
error: failed to push some refs to 'https://github.com/Wibwubcar/Wibwub-Dashboard.git'
hint: Updates were rejected because the tip of your current branch is behind
hint: its remote counterpart. If you want to integrate the remote changes,
hint: use 'git pull' before pushing again.
hint: See the 'Note about fast-forwards' in 'git push --help' for details.
2026-07-24 09:59 pushed 8 commits
To https://github.com/Wibwubcar/Wibwub-Dashboard.git
 ! [rejected]        main -> main (non-fast-forward)
error: failed to push some refs to 'https://github.com/Wibwubcar/Wibwub-Dashboard.git'
hint: Updates were rejected because the tip of your current branch is behind
hint: its remote counterpart. If you want to integrate the remote changes,
hint: use 'git pull' before pushing again.
hint: See the 'Note about fast-forwards' in 'git push --help' for details.
2026-07-24 10:04 pushed 8 commits
To https://github.com/Wibwubcar/Wibwub-Dashboard.git
 ! [rejected]        main -> main (non-fast-forward)
error: failed to push some refs to 'https://github.com/Wibwubcar/Wibwub-Dashboard.git'
hint: Updates were rejected because the tip of your current branch is behind
hint: its remote counterpart. If you want to integrate the remote changes,
hint: use 'git pull' before pushing again.
hint: See the 'Note about fast-forwards' in 'git push --help' for details.
2026-07-24 10:09 pushed 8 commits
To https://github.com/Wibwubcar/Wibwub-Dashboard.git
 ! [rejected]        main -> main (non-fast-forward)
error: failed to push some refs to 'https://github.com/Wibwubcar/Wibwub-Dashboard.git'
hint: Updates were rejected because the tip of your current branch is behind
hint: its remote counterpart. If you want to integrate the remote changes,
hint: use 'git pull' before pushing again.
hint: See the 'Note about fast-forwards' in 'git push --help' for details.
2026-07-24 10:14 pushed 8 commits
To https://github.com/Wibwubcar/Wibwub-Dashboard.git
 ! [rejected]        main -> main (non-fast-forward)
error: failed to push some refs to 'https://github.com/Wibwubcar/Wibwub-Dashboard.git'
hint: Updates were rejected because the tip of your current branch is behind
hint: its remote counterpart. If you want to integrate the remote changes,
hint: use 'git pull' before pushing again.
hint: See the 'Note about fast-forwards' in 'git push --help' for details.
2026-07-24 10:19 pushed 8 commits
To https://github.com/Wibwubcar/Wibwub-Dashboard.git
 ! [rejected]        main -> main (non-fast-forward)
error: failed to push some refs to 'https://github.com/Wibwubcar/Wibwub-Dashboard.git'
hint: Updates were rejected because the tip of your current branch is behind
hint: its remote counterpart. If you want to integrate the remote changes,
hint: use 'git pull' before pushing again.
hint: See the 'Note about fast-forwards' in 'git push --help' for details.
2026-07-24 10:24 pushed 8 commits
To https://github.com/Wibwubcar/Wibwub-Dashboard.git
 ! [rejected]        main -> main (non-fast-forward)
error: failed to push some refs to 'https://github.com/Wibwubcar/Wibwub-Dashboard.git'
hint: Updates were rejected because the tip of your current branch is behind
hint: its remote counterpart. If you want to integrate the remote changes,
hint: use 'git pull' before pushing again.
hint: See the 'Note about fast-forwards' in 'git push --help' for details.
2026-07-24 10:29 pushed 8 commits
To https://github.com/Wibwubcar/Wibwub-Dashboard.git
 ! [rejected]        main -> main (non-fast-forward)
error: failed to push some refs to 'https://github.com/Wibwubcar/Wibwub-Dashboard.git'
hint: Updates were rejected because the tip of your current branch is behind
hint: its remote counterpart. If you want to integrate the remote changes,
hint: use 'git pull' before pushing again.
hint: See the 'Note about fast-forwards' in 'git push --help' for details.
2026-07-24 10:34 pushed 8 commits
To https://github.com/Wibwubcar/Wibwub-Dashboard.git
 ! [rejected]        main -> main (non-fast-forward)
error: failed to push some refs to 'https://github.com/Wibwubcar/Wibwub-Dashboard.git'
hint: Updates were rejected because the tip of your current branch is behind
hint: its remote counterpart. If you want to integrate the remote changes,
hint: use 'git pull' before pushing again.
hint: See the 'Note about fast-forwards' in 'git push --help' for details.
2026-07-24 10:39 pushed 8 commits
To https://github.com/Wibwubcar/Wibwub-Dashboard.git
 ! [rejected]        main -> main (non-fast-forward)
error: failed to push some refs to 'https://github.com/Wibwubcar/Wibwub-Dashboard.git'
hint: Updates were rejected because the tip of your current branch is behind
hint: its remote counterpart. If you want to integrate the remote changes,
hint: use 'git pull' before pushing again.
hint: See the 'Note about fast-forwards' in 'git push --help' for details.
2026-07-24 10:44 pushed 8 commits
To https://github.com/Wibwubcar/Wibwub-Dashboard.git
 ! [rejected]        main -> main (non-fast-forward)
error: failed to push some refs to 'https://github.com/Wibwubcar/Wibwub-Dashboard.git'
hint: Updates were rejected because the tip of your current branch is behind
hint: its remote counterpart. If you want to integrate the remote changes,
hint: use 'git pull' before pushing again.
hint: See the 'Note about fast-forwards' in 'git push --help' for details.
2026-07-24 10:49 pushed 8 commits
To https://github.com/Wibwubcar/Wibwub-Dashboard.git
 ! [rejected]        main -> main (non-fast-forward)
error: failed to push some refs to 'https://github.com/Wibwubcar/Wibwub-Dashboard.git'
hint: Updates were rejected because the tip of your current branch is behind
hint: its remote counterpart. If you want to integrate the remote changes,
hint: use 'git pull' before pushing again.
hint: See the 'Note about fast-forwards' in 'git push --help' for details.
2026-07-24 10:54 pushed 8 commits
To https://github.com/Wibwubcar/Wibwub-Dashboard.git
 ! [rejected]        main -> main (non-fast-forward)
error: failed to push some refs to 'https://github.com/Wibwubcar/Wibwub-Dashboard.git'
hint: Updates were rejected because the tip of your current branch is behind
hint: its remote counterpart. If you want to integrate the remote changes,
hint: use 'git pull' before pushing again.
hint: See the 'Note about fast-forwards' in 'git push --help' for details.
2026-07-24 10:59 pushed 8 commits
To https://github.com/Wibwubcar/Wibwub-Dashboard.git
 ! [rejected]        main -> main (non-fast-forward)
error: failed to push some refs to 'https://github.com/Wibwubcar/Wibwub-Dashboard.git'
hint: Updates were rejected because the tip of your current branch is behind
hint: its remote counterpart. If you want to integrate the remote changes,
hint: use 'git pull' before pushing again.
hint: See the 'Note about fast-forwards' in 'git push --help' for details.
2026-07-24 11:04 pushed 8 commits
To https://github.com/Wibwubcar/Wibwub-Dashboard.git
 ! [rejected]        main -> main (non-fast-forward)
error: failed to push some refs to 'https://github.com/Wibwubcar/Wibwub-Dashboard.git'
hint: Updates were rejected because the tip of your current branch is behind
hint: its remote counterpart. If you want to integrate the remote changes,
hint: use 'git pull' before pushing again.
hint: See the 'Note about fast-forwards' in 'git push --help' for details.
2026-07-24 11:09 pushed 8 commits
To https://github.com/Wibwubcar/Wibwub-Dashboard.git
 ! [rejected]        main -> main (non-fast-forward)
error: failed to push some refs to 'https://github.com/Wibwubcar/Wibwub-Dashboard.git'
hint: Updates were rejected because the tip of your current branch is behind
hint: its remote counterpart. If you want to integrate the remote changes,
hint: use 'git pull' before pushing again.
hint: See the 'Note about fast-forwards' in 'git push --help' for details.
2026-07-24 11:14 pushed 8 commits
To https://github.com/Wibwubcar/Wibwub-Dashboard.git
 ! [rejected]        main -> main (non-fast-forward)
error: failed to push some refs to 'https://github.com/Wibwubcar/Wibwub-Dashboard.git'
hint: Updates were rejected because the tip of your current branch is behind
hint: its remote counterpart. If you want to integrate the remote changes,
hint: use 'git pull' before pushing again.
hint: See the 'Note about fast-forwards' in 'git push --help' for details.
2026-07-24 11:19 pushed 8 commits
To https://github.com/Wibwubcar/Wibwub-Dashboard.git
 ! [rejected]        main -> main (non-fast-forward)
error: failed to push some refs to 'https://github.com/Wibwubcar/Wibwub-Dashboard.git'
hint: Updates were rejected because the tip of your current branch is behind
hint: its remote counterpart. If you want to integrate the remote changes,
hint: use 'git pull' before pushing again.
hint: See the 'Note about fast-forwards' in 'git push --help' for details.
2026-07-24 11:24 pushed 8 commits
To https://github.com/Wibwubcar/Wibwub-Dashboard.git
 ! [rejected]        main -> main (non-fast-forward)
error: failed to push some refs to 'https://github.com/Wibwubcar/Wibwub-Dashboard.git'
hint: Updates were rejected because the tip of your current branch is behind
hint: its remote counterpart. If you want to integrate the remote changes,
hint: use 'git pull' before pushing again.
hint: See the 'Note about fast-forwards' in 'git push --help' for details.
2026-07-24 11:30 pushed 8 commits
To https://github.com/Wibwubcar/Wibwub-Dashboard.git
 ! [rejected]        main -> main (non-fast-forward)
error: failed to push some refs to 'https://github.com/Wibwubcar/Wibwub-Dashboard.git'
hint: Updates were rejected because the tip of your current branch is behind
hint: its remote counterpart. If you want to integrate the remote changes,
hint: use 'git pull' before pushing again.
hint: See the 'Note about fast-forwards' in 'git push --help' for details.
2026-07-24 11:35 pushed 8 commits
To https://github.com/Wibwubcar/Wibwub-Dashboard.git
 ! [rejected]        main -> main (non-fast-forward)
error: failed to push some refs to 'https://github.com/Wibwubcar/Wibwub-Dashboard.git'
hint: Updates were rejected because the tip of your current branch is behind
hint: its remote counterpart. If you want to integrate the remote changes,
hint: use 'git pull' before pushing again.
hint: See the 'Note about fast-forwards' in 'git push --help' for details.
2026-07-24 11:40 pushed 8 commits
To https://github.com/Wibwubcar/Wibwub-Dashboard.git
 ! [rejected]        main -> main (non-fast-forward)
error: failed to push some refs to 'https://github.com/Wibwubcar/Wibwub-Dashboard.git'
hint: Updates were rejected because the tip of your current branch is behind
hint: its remote counterpart. If you want to integrate the remote changes,
hint: use 'git pull' before pushing again.
hint: See the 'Note about fast-forwards' in 'git push --help' for details.
2026-07-24 11:45 pushed 8 commits
To https://github.com/Wibwubcar/Wibwub-Dashboard.git
 ! [rejected]        main -> main (non-fast-forward)
error: failed to push some refs to 'https://github.com/Wibwubcar/Wibwub-Dashboard.git'
hint: Updates were rejected because the tip of your current branch is behind
hint: its remote counterpart. If you want to integrate the remote changes,
hint: use 'git pull' before pushing again.
hint: See the 'Note about fast-forwards' in 'git push --help' for details.
2026-07-24 11:50 pushed 8 commits
To https://github.com/Wibwubcar/Wibwub-Dashboard.git
 ! [rejected]        main -> main (non-fast-forward)
error: failed to push some refs to 'https://github.com/Wibwubcar/Wibwub-Dashboard.git'
hint: Updates were rejected because the tip of your current branch is behind
hint: its remote counterpart. If you want to integrate the remote changes,
hint: use 'git pull' before pushing again.
hint: See the 'Note about fast-forwards' in 'git push --help' for details.
2026-07-24 11:55 pushed 8 commits
To https://github.com/Wibwubcar/Wibwub-Dashboard.git
 ! [rejected]        main -> main (non-fast-forward)
error: failed to push some refs to 'https://github.com/Wibwubcar/Wibwub-Dashboard.git'
hint: Updates were rejected because the tip of your current branch is behind
hint: its remote counterpart. If you want to integrate the remote changes,
hint: use 'git pull' before pushing again.
hint: See the 'Note about fast-forwards' in 'git push --help' for details.
2026-07-24 12:00 pushed 8 commits
To https://github.com/Wibwubcar/Wibwub-Dashboard.git
 ! [rejected]        main -> main (non-fast-forward)
error: failed to push some refs to 'https://github.com/Wibwubcar/Wibwub-Dashboard.git'
hint: Updates were rejected because the tip of your current branch is behind
hint: its remote counterpart. If you want to integrate the remote changes,
hint: use 'git pull' before pushing again.
hint: See the 'Note about fast-forwards' in 'git push --help' for details.
2026-07-24 12:05 pushed 8 commits
To https://github.com/Wibwubcar/Wibwub-Dashboard.git
 ! [rejected]        main -> main (non-fast-forward)
error: failed to push some refs to 'https://github.com/Wibwubcar/Wibwub-Dashboard.git'
hint: Updates were rejected because the tip of your current branch is behind
hint: its remote counterpart. If you want to integrate the remote changes,
hint: use 'git pull' before pushing again.
hint: See the 'Note about fast-forwards' in 'git push --help' for details.
2026-07-24 12:10 pushed 8 commits
To https://github.com/Wibwubcar/Wibwub-Dashboard.git
 ! [rejected]        main -> main (non-fast-forward)
error: failed to push some refs to 'https://github.com/Wibwubcar/Wibwub-Dashboard.git'
hint: Updates were rejected because the tip of your current branch is behind
hint: its remote counterpart. If you want to integrate the remote changes,
hint: use 'git pull' before pushing again.
hint: See the 'Note about fast-forwards' in 'git push --help' for details.
2026-07-24 12:15 pushed 8 commits
To https://github.com/Wibwubcar/Wibwub-Dashboard.git
 ! [rejected]        main -> main (non-fast-forward)
error: failed to push some refs to 'https://github.com/Wibwubcar/Wibwub-Dashboard.git'
hint: Updates were rejected because the tip of your current branch is behind
hint: its remote counterpart. If you want to integrate the remote changes,
hint: use 'git pull' before pushing again.
hint: See the 'Note about fast-forwards' in 'git push --help' for details.
2026-07-24 12:20 pushed 8 commits
To https://github.com/Wibwubcar/Wibwub-Dashboard.git
 ! [rejected]        main -> main (non-fast-forward)
error: failed to push some refs to 'https://github.com/Wibwubcar/Wibwub-Dashboard.git'
hint: Updates were rejected because the tip of your current branch is behind
hint: its remote counterpart. If you want to integrate the remote changes,
hint: use 'git pull' before pushing again.
hint: See the 'Note about fast-forwards' in 'git push --help' for details.
2026-07-24 12:25 pushed 8 commits
To https://github.com/Wibwubcar/Wibwub-Dashboard.git
 ! [rejected]        main -> main (non-fast-forward)
error: failed to push some refs to 'https://github.com/Wibwubcar/Wibwub-Dashboard.git'
hint: Updates were rejected because the tip of your current branch is behind
hint: its remote counterpart. If you want to integrate the remote changes,
hint: use 'git pull' before pushing again.
hint: See the 'Note about fast-forwards' in 'git push --help' for details.
2026-07-24 12:30 pushed 8 commits
To https://github.com/Wibwubcar/Wibwub-Dashboard.git
 ! [rejected]        main -> main (non-fast-forward)
error: failed to push some refs to 'https://github.com/Wibwubcar/Wibwub-Dashboard.git'
hint: Updates were rejected because the tip of your current branch is behind
hint: its remote counterpart. If you want to integrate the remote changes,
hint: use 'git pull' before pushing again.
hint: See the 'Note about fast-forwards' in 'git push --help' for details.
2026-07-24 12:35 pushed 8 commits
To https://github.com/Wibwubcar/Wibwub-Dashboard.git
 ! [rejected]        main -> main (non-fast-forward)
error: failed to push some refs to 'https://github.com/Wibwubcar/Wibwub-Dashboard.git'
hint: Updates were rejected because the tip of your current branch is behind
hint: its remote counterpart. If you want to integrate the remote changes,
hint: use 'git pull' before pushing again.
hint: See the 'Note about fast-forwards' in 'git push --help' for details.
2026-07-24 12:40 pushed 8 commits
To https://github.com/Wibwubcar/Wibwub-Dashboard.git
 ! [rejected]        main -> main (non-fast-forward)
error: failed to push some refs to 'https://github.com/Wibwubcar/Wibwub-Dashboard.git'
hint: Updates were rejected because the tip of your current branch is behind
hint: its remote counterpart. If you want to integrate the remote changes,
hint: use 'git pull' before pushing again.
hint: See the 'Note about fast-forwards' in 'git push --help' for details.
2026-07-24 12:45 pushed 8 commits
To https://github.com/Wibwubcar/Wibwub-Dashboard.git
 ! [rejected]        main -> main (non-fast-forward)
error: failed to push some refs to 'https://github.com/Wibwubcar/Wibwub-Dashboard.git'
hint: Updates were rejected because the tip of your current branch is behind
hint: its remote counterpart. If you want to integrate the remote changes,
hint: use 'git pull' before pushing again.
hint: See the 'Note about fast-forwards' in 'git push --help' for details.
2026-07-24 12:50 pushed 8 commits
To https://github.com/Wibwubcar/Wibwub-Dashboard.git
 ! [rejected]        main -> main (non-fast-forward)
error: failed to push some refs to 'https://github.com/Wibwubcar/Wibwub-Dashboard.git'
hint: Updates were rejected because the tip of your current branch is behind
hint: its remote counterpart. If you want to integrate the remote changes,
hint: use 'git pull' before pushing again.
hint: See the 'Note about fast-forwards' in 'git push --help' for details.
2026-07-24 12:55 pushed 8 commits
To https://github.com/Wibwubcar/Wibwub-Dashboard.git
 ! [rejected]        main -> main (non-fast-forward)
error: failed to push some refs to 'https://github.com/Wibwubcar/Wibwub-Dashboard.git'
hint: Updates were rejected because the tip of your current branch is behind
hint: its remote counterpart. If you want to integrate the remote changes,
hint: use 'git pull' before pushing again.
hint: See the 'Note about fast-forwards' in 'git push --help' for details.
2026-07-24 13:00 pushed 8 commits
To https://github.com/Wibwubcar/Wibwub-Dashboard.git
 ! [rejected]        main -> main (non-fast-forward)
error: failed to push some refs to 'https://github.com/Wibwubcar/Wibwub-Dashboard.git'
hint: Updates were rejected because the tip of your current branch is behind
hint: its remote counterpart. If you want to integrate the remote changes,
hint: use 'git pull' before pushing again.
hint: See the 'Note about fast-forwards' in 'git push --help' for details.
2026-07-24 13:05 pushed 8 commits
To https://github.com/Wibwubcar/Wibwub-Dashboard.git
 ! [rejected]        main -> main (non-fast-forward)
error: failed to push some refs to 'https://github.com/Wibwubcar/Wibwub-Dashboard.git'
hint: Updates were rejected because the tip of your current branch is behind
hint: its remote counterpart. If you want to integrate the remote changes,
hint: use 'git pull' before pushing again.
hint: See the 'Note about fast-forwards' in 'git push --help' for details.
2026-07-24 13:10 pushed 8 commits
To https://github.com/Wibwubcar/Wibwub-Dashboard.git
 ! [rejected]        main -> main (non-fast-forward)
error: failed to push some refs to 'https://github.com/Wibwubcar/Wibwub-Dashboard.git'
hint: Updates were rejected because the tip of your current branch is behind
hint: its remote counterpart. If you want to integrate the remote changes,
hint: use 'git pull' before pushing again.
hint: See the 'Note about fast-forwards' in 'git push --help' for details.
2026-07-24 13:15 pushed 8 commits
To https://github.com/Wibwubcar/Wibwub-Dashboard.git
 ! [rejected]        main -> main (non-fast-forward)
error: failed to push some refs to 'https://github.com/Wibwubcar/Wibwub-Dashboard.git'
hint: Updates were rejected because the tip of your current branch is behind
hint: its remote counterpart. If you want to integrate the remote changes,
hint: use 'git pull' before pushing again.
hint: See the 'Note about fast-forwards' in 'git push --help' for details.
2026-07-24 13:20 pushed 8 commits
To https://github.com/Wibwubcar/Wibwub-Dashboard.git
 ! [rejected]        main -> main (non-fast-forward)
error: failed to push some refs to 'https://github.com/Wibwubcar/Wibwub-Dashboard.git'
hint: Updates were rejected because the tip of your current branch is behind
hint: its remote counterpart. If you want to integrate the remote changes,
hint: use 'git pull' before pushing again.
hint: See the 'Note about fast-forwards' in 'git push --help' for details.
2026-07-24 13:25 pushed 8 commits
To https://github.com/Wibwubcar/Wibwub-Dashboard.git
 ! [rejected]        main -> main (non-fast-forward)
error: failed to push some refs to 'https://github.com/Wibwubcar/Wibwub-Dashboard.git'
hint: Updates were rejected because the tip of your current branch is behind
hint: its remote counterpart. If you want to integrate the remote changes,
hint: use 'git pull' before pushing again.
hint: See the 'Note about fast-forwards' in 'git push --help' for details.
2026-07-24 13:30 pushed 8 commits
To https://github.com/Wibwubcar/Wibwub-Dashboard.git
 ! [rejected]        main -> main (non-fast-forward)
error: failed to push some refs to 'https://github.com/Wibwubcar/Wibwub-Dashboard.git'
hint: Updates were rejected because the tip of your current branch is behind
hint: its remote counterpart. If you want to integrate the remote changes,
hint: use 'git pull' before pushing again.
hint: See the 'Note about fast-forwards' in 'git push --help' for details.
2026-07-24 13:35 pushed 8 commits
To https://github.com/Wibwubcar/Wibwub-Dashboard.git
 ! [rejected]        main -> main (non-fast-forward)
error: failed to push some refs to 'https://github.com/Wibwubcar/Wibwub-Dashboard.git'
hint: Updates were rejected because the tip of your current branch is behind
hint: its remote counterpart. If you want to integrate the remote changes,
hint: use 'git pull' before pushing again.
hint: See the 'Note about fast-forwards' in 'git push --help' for details.
2026-07-24 13:40 pushed 8 commits
To https://github.com/Wibwubcar/Wibwub-Dashboard.git
 ! [rejected]        main -> main (non-fast-forward)
error: failed to push some refs to 'https://github.com/Wibwubcar/Wibwub-Dashboard.git'
hint: Updates were rejected because the tip of your current branch is behind
hint: its remote counterpart. If you want to integrate the remote changes,
hint: use 'git pull' before pushing again.
hint: See the 'Note about fast-forwards' in 'git push --help' for details.
2026-07-24 13:45 pushed 8 commits
To https://github.com/Wibwubcar/Wibwub-Dashboard.git
 ! [rejected]        main -> main (non-fast-forward)
error: failed to push some refs to 'https://github.com/Wibwubcar/Wibwub-Dashboard.git'
hint: Updates were rejected because the tip of your current branch is behind
hint: its remote counterpart. If you want to integrate the remote changes,
hint: use 'git pull' before pushing again.
hint: See the 'Note about fast-forwards' in 'git push --help' for details.
2026-07-24 13:50 pushed 8 commits
To https://github.com/Wibwubcar/Wibwub-Dashboard.git
 ! [rejected]        main -> main (non-fast-forward)
error: failed to push some refs to 'https://github.com/Wibwubcar/Wibwub-Dashboard.git'
hint: Updates were rejected because the tip of your current branch is behind
hint: its remote counterpart. If you want to integrate the remote changes,
hint: use 'git pull' before pushing again.
hint: See the 'Note about fast-forwards' in 'git push --help' for details.
2026-07-24 13:55 pushed 8 commits
To https://github.com/Wibwubcar/Wibwub-Dashboard.git
 ! [rejected]        main -> main (non-fast-forward)
error: failed to push some refs to 'https://github.com/Wibwubcar/Wibwub-Dashboard.git'
hint: Updates were rejected because the tip of your current branch is behind
hint: its remote counterpart. If you want to integrate the remote changes,
hint: use 'git pull' before pushing again.
hint: See the 'Note about fast-forwards' in 'git push --help' for details.
2026-07-24 14:00 pushed 8 commits
To https://github.com/Wibwubcar/Wibwub-Dashboard.git
 ! [rejected]        main -> main (non-fast-forward)
error: failed to push some refs to 'https://github.com/Wibwubcar/Wibwub-Dashboard.git'
hint: Updates were rejected because the tip of your current branch is behind
hint: its remote counterpart. If you want to integrate the remote changes,
hint: use 'git pull' before pushing again.
hint: See the 'Note about fast-forwards' in 'git push --help' for details.
2026-07-24 14:05 pushed 8 commits
To https://github.com/Wibwubcar/Wibwub-Dashboard.git
 ! [rejected]        main -> main (non-fast-forward)
error: failed to push some refs to 'https://github.com/Wibwubcar/Wibwub-Dashboard.git'
hint: Updates were rejected because the tip of your current branch is behind
hint: its remote counterpart. If you want to integrate the remote changes,
hint: use 'git pull' before pushing again.
hint: See the 'Note about fast-forwards' in 'git push --help' for details.
2026-07-24 14:10 pushed 8 commits
To https://github.com/Wibwubcar/Wibwub-Dashboard.git
 ! [rejected]        main -> main (non-fast-forward)
error: failed to push some refs to 'https://github.com/Wibwubcar/Wibwub-Dashboard.git'
hint: Updates were rejected because the tip of your current branch is behind
hint: its remote counterpart. If you want to integrate the remote changes,
hint: use 'git pull' before pushing again.
hint: See the 'Note about fast-forwards' in 'git push --help' for details.
2026-07-24 14:15 pushed 8 commits
To https://github.com/Wibwubcar/Wibwub-Dashboard.git
 ! [rejected]        main -> main (non-fast-forward)
error: failed to push some refs to 'https://github.com/Wibwubcar/Wibwub-Dashboard.git'
hint: Updates were rejected because the tip of your current branch is behind
hint: its remote counterpart. If you want to integrate the remote changes,
hint: use 'git pull' before pushing again.
hint: See the 'Note about fast-forwards' in 'git push --help' for details.
2026-07-24 14:20 pushed 8 commits
To https://github.com/Wibwubcar/Wibwub-Dashboard.git
 ! [rejected]        main -> main (non-fast-forward)
error: failed to push some refs to 'https://github.com/Wibwubcar/Wibwub-Dashboard.git'
hint: Updates were rejected because the tip of your current branch is behind
hint: its remote counterpart. If you want to integrate the remote changes,
hint: use 'git pull' before pushing again.
hint: See the 'Note about fast-forwards' in 'git push --help' for details.
2026-07-24 14:25 pushed 8 commits
To https://github.com/Wibwubcar/Wibwub-Dashboard.git
 ! [rejected]        main -> main (non-fast-forward)
error: failed to push some refs to 'https://github.com/Wibwubcar/Wibwub-Dashboard.git'
hint: Updates were rejected because the tip of your current branch is behind
hint: its remote counterpart. If you want to integrate the remote changes,
hint: use 'git pull' before pushing again.
hint: See the 'Note about fast-forwards' in 'git push --help' for details.
2026-07-24 14:30 pushed 8 commits
To https://github.com/Wibwubcar/Wibwub-Dashboard.git
 ! [rejected]        main -> main (non-fast-forward)
error: failed to push some refs to 'https://github.com/Wibwubcar/Wibwub-Dashboard.git'
hint: Updates were rejected because the tip of your current branch is behind
hint: its remote counterpart. If you want to integrate the remote changes,
hint: use 'git pull' before pushing again.
hint: See the 'Note about fast-forwards' in 'git push --help' for details.
2026-07-24 14:35 pushed 8 commits
To https://github.com/Wibwubcar/Wibwub-Dashboard.git
 ! [rejected]        main -> main (non-fast-forward)
error: failed to push some refs to 'https://github.com/Wibwubcar/Wibwub-Dashboard.git'
hint: Updates were rejected because the tip of your current branch is behind
hint: its remote counterpart. If you want to integrate the remote changes,
hint: use 'git pull' before pushing again.
hint: See the 'Note about fast-forwards' in 'git push --help' for details.
2026-07-24 14:41 pushed 8 commits
To https://github.com/Wibwubcar/Wibwub-Dashboard.git
 ! [rejected]        main -> main (non-fast-forward)
error: failed to push some refs to 'https://github.com/Wibwubcar/Wibwub-Dashboard.git'
hint: Updates were rejected because the tip of your current branch is behind
hint: its remote counterpart. If you want to integrate the remote changes,
hint: use 'git pull' before pushing again.
hint: See the 'Note about fast-forwards' in 'git push --help' for details.
2026-07-24 14:46 pushed 8 commits
To https://github.com/Wibwubcar/Wibwub-Dashboard.git
 ! [rejected]        main -> main (non-fast-forward)
error: failed to push some refs to 'https://github.com/Wibwubcar/Wibwub-Dashboard.git'
hint: Updates were rejected because the tip of your current branch is behind
hint: its remote counterpart. If you want to integrate the remote changes,
hint: use 'git pull' before pushing again.
hint: See the 'Note about fast-forwards' in 'git push --help' for details.
2026-07-24 14:51 pushed 8 commits
To https://github.com/Wibwubcar/Wibwub-Dashboard.git
 ! [rejected]        main -> main (non-fast-forward)
error: failed to push some refs to 'https://github.com/Wibwubcar/Wibwub-Dashboard.git'
hint: Updates were rejected because the tip of your current branch is behind
hint: its remote counterpart. If you want to integrate the remote changes,
hint: use 'git pull' before pushing again.
hint: See the 'Note about fast-forwards' in 'git push --help' for details.
2026-07-24 14:56 pushed 9 commits
To https://github.com/Wibwubcar/Wibwub-Dashboard.git
 ! [rejected]        main -> main (non-fast-forward)
error: failed to push some refs to 'https://github.com/Wibwubcar/Wibwub-Dashboard.git'
hint: Updates were rejected because the tip of your current branch is behind
hint: its remote counterpart. If you want to integrate the remote changes,
hint: use 'git pull' before pushing again.
hint: See the 'Note about fast-forwards' in 'git push --help' for details.
2026-07-24 15:01 pushed 9 commits
To https://github.com/Wibwubcar/Wibwub-Dashboard.git
 ! [rejected]        main -> main (non-fast-forward)
error: failed to push some refs to 'https://github.com/Wibwubcar/Wibwub-Dashboard.git'
hint: Updates were rejected because the tip of your current branch is behind
hint: its remote counterpart. If you want to integrate the remote changes,
hint: use 'git pull' before pushing again.
hint: See the 'Note about fast-forwards' in 'git push --help' for details.
2026-07-24 15:06 pushed 9 commits
To https://github.com/Wibwubcar/Wibwub-Dashboard.git
 ! [rejected]        main -> main (non-fast-forward)
error: failed to push some refs to 'https://github.com/Wibwubcar/Wibwub-Dashboard.git'
hint: Updates were rejected because the tip of your current branch is behind
hint: its remote counterpart. If you want to integrate the remote changes,
hint: use 'git pull' before pushing again.
hint: See the 'Note about fast-forwards' in 'git push --help' for details.
2026-07-24 15:11 pushed 9 commits
To https://github.com/Wibwubcar/Wibwub-Dashboard.git
 ! [rejected]        main -> main (non-fast-forward)
error: failed to push some refs to 'https://github.com/Wibwubcar/Wibwub-Dashboard.git'
hint: Updates were rejected because the tip of your current branch is behind
hint: its remote counterpart. If you want to integrate the remote changes,
hint: use 'git pull' before pushing again.
hint: See the 'Note about fast-forwards' in 'git push --help' for details.
2026-07-24 15:16 pushed 9 commits
To https://github.com/Wibwubcar/Wibwub-Dashboard.git
 ! [rejected]        main -> main (non-fast-forward)
error: failed to push some refs to 'https://github.com/Wibwubcar/Wibwub-Dashboard.git'
hint: Updates were rejected because the tip of your current branch is behind
hint: its remote counterpart. If you want to integrate the remote changes,
hint: use 'git pull' before pushing again.
hint: See the 'Note about fast-forwards' in 'git push --help' for details.
2026-07-24 15:21 pushed 9 commits
To https://github.com/Wibwubcar/Wibwub-Dashboard.git
 ! [rejected]        main -> main (non-fast-forward)
error: failed to push some refs to 'https://github.com/Wibwubcar/Wibwub-Dashboard.git'
hint: Updates were rejected because the tip of your current branch is behind
hint: its remote counterpart. If you want to integrate the remote changes,
hint: use 'git pull' before pushing again.
hint: See the 'Note about fast-forwards' in 'git push --help' for details.
2026-07-24 15:26 pushed 9 commits
To https://github.com/Wibwubcar/Wibwub-Dashboard.git
 ! [rejected]        main -> main (non-fast-forward)
error: failed to push some refs to 'https://github.com/Wibwubcar/Wibwub-Dashboard.git'
hint: Updates were rejected because the tip of your current branch is behind
hint: its remote counterpart. If you want to integrate the remote changes,
hint: use 'git pull' before pushing again.
hint: See the 'Note about fast-forwards' in 'git push --help' for details.
2026-07-24 15:31 pushed 9 commits
To https://github.com/Wibwubcar/Wibwub-Dashboard.git
 ! [rejected]        main -> main (non-fast-forward)
error: failed to push some refs to 'https://github.com/Wibwubcar/Wibwub-Dashboard.git'
hint: Updates were rejected because the tip of your current branch is behind
hint: its remote counterpart. If you want to integrate the remote changes,
hint: use 'git pull' before pushing again.
hint: See the 'Note about fast-forwards' in 'git push --help' for details.
2026-07-24 15:36 pushed 9 commits
To https://github.com/Wibwubcar/Wibwub-Dashboard.git
 ! [rejected]        main -> main (non-fast-forward)
error: failed to push some refs to 'https://github.com/Wibwubcar/Wibwub-Dashboard.git'
hint: Updates were rejected because the tip of your current branch is behind
hint: its remote counterpart. If you want to integrate the remote changes,
hint: use 'git pull' before pushing again.
hint: See the 'Note about fast-forwards' in 'git push --help' for details.
2026-07-24 15:41 pushed 9 commits
To https://github.com/Wibwubcar/Wibwub-Dashboard.git
 ! [rejected]        main -> main (non-fast-forward)
error: failed to push some refs to 'https://github.com/Wibwubcar/Wibwub-Dashboard.git'
hint: Updates were rejected because the tip of your current branch is behind
hint: its remote counterpart. If you want to integrate the remote changes,
hint: use 'git pull' before pushing again.
hint: See the 'Note about fast-forwards' in 'git push --help' for details.
2026-07-24 15:46 pushed 9 commits
To https://github.com/Wibwubcar/Wibwub-Dashboard.git
 ! [rejected]        main -> main (non-fast-forward)
error: failed to push some refs to 'https://github.com/Wibwubcar/Wibwub-Dashboard.git'
hint: Updates were rejected because the tip of your current branch is behind
hint: its remote counterpart. If you want to integrate the remote changes,
hint: use 'git pull' before pushing again.
hint: See the 'Note about fast-forwards' in 'git push --help' for details.
2026-07-24 15:51 pushed 9 commits
To https://github.com/Wibwubcar/Wibwub-Dashboard.git
 ! [rejected]        main -> main (non-fast-forward)
error: failed to push some refs to 'https://github.com/Wibwubcar/Wibwub-Dashboard.git'
hint: Updates were rejected because the tip of your current branch is behind
hint: its remote counterpart. If you want to integrate the remote changes,
hint: use 'git pull' before pushing again.
hint: See the 'Note about fast-forwards' in 'git push --help' for details.
2026-07-24 15:56 pushed 9 commits
To https://github.com/Wibwubcar/Wibwub-Dashboard.git
 ! [rejected]        main -> main (non-fast-forward)
error: failed to push some refs to 'https://github.com/Wibwubcar/Wibwub-Dashboard.git'
hint: Updates were rejected because the tip of your current branch is behind
hint: its remote counterpart. If you want to integrate the remote changes,
hint: use 'git pull' before pushing again.
hint: See the 'Note about fast-forwards' in 'git push --help' for details.
2026-07-24 16:01 pushed 9 commits
To https://github.com/Wibwubcar/Wibwub-Dashboard.git
 ! [rejected]        main -> main (non-fast-forward)
error: failed to push some refs to 'https://github.com/Wibwubcar/Wibwub-Dashboard.git'
hint: Updates were rejected because the tip of your current branch is behind
hint: its remote counterpart. If you want to integrate the remote changes,
hint: use 'git pull' before pushing again.
hint: See the 'Note about fast-forwards' in 'git push --help' for details.
2026-07-24 16:06 pushed 9 commits
To https://github.com/Wibwubcar/Wibwub-Dashboard.git
 ! [rejected]        main -> main (non-fast-forward)
error: failed to push some refs to 'https://github.com/Wibwubcar/Wibwub-Dashboard.git'
hint: Updates were rejected because the tip of your current branch is behind
hint: its remote counterpart. If you want to integrate the remote changes,
hint: use 'git pull' before pushing again.
hint: See the 'Note about fast-forwards' in 'git push --help' for details.
2026-07-24 16:11 pushed 9 commits
To https://github.com/Wibwubcar/Wibwub-Dashboard.git
 ! [rejected]        main -> main (non-fast-forward)
error: failed to push some refs to 'https://github.com/Wibwubcar/Wibwub-Dashboard.git'
hint: Updates were rejected because the tip of your current branch is behind
hint: its remote counterpart. If you want to integrate the remote changes,
hint: use 'git pull' before pushing again.
hint: See the 'Note about fast-forwards' in 'git push --help' for details.
2026-07-24 16:16 pushed 9 commits
To https://github.com/Wibwubcar/Wibwub-Dashboard.git
 ! [rejected]        main -> main (non-fast-forward)
error: failed to push some refs to 'https://github.com/Wibwubcar/Wibwub-Dashboard.git'
hint: Updates were rejected because the tip of your current branch is behind
hint: its remote counterpart. If you want to integrate the remote changes,
hint: use 'git pull' before pushing again.
hint: See the 'Note about fast-forwards' in 'git push --help' for details.
2026-07-24 16:21 pushed 9 commits
To https://github.com/Wibwubcar/Wibwub-Dashboard.git
 ! [rejected]        main -> main (non-fast-forward)
error: failed to push some refs to 'https://github.com/Wibwubcar/Wibwub-Dashboard.git'
hint: Updates were rejected because the tip of your current branch is behind
hint: its remote counterpart. If you want to integrate the remote changes,
hint: use 'git pull' before pushing again.
hint: See the 'Note about fast-forwards' in 'git push --help' for details.
2026-07-24 16:26 pushed 9 commits
To https://github.com/Wibwubcar/Wibwub-Dashboard.git
 ! [rejected]        main -> main (non-fast-forward)
error: failed to push some refs to 'https://github.com/Wibwubcar/Wibwub-Dashboard.git'
hint: Updates were rejected because the tip of your current branch is behind
hint: its remote counterpart. If you want to integrate the remote changes,
hint: use 'git pull' before pushing again.
hint: See the 'Note about fast-forwards' in 'git push --help' for details.
2026-07-24 16:31 pushed 9 commits
To https://github.com/Wibwubcar/Wibwub-Dashboard.git
 ! [rejected]        main -> main (non-fast-forward)
error: failed to push some refs to 'https://github.com/Wibwubcar/Wibwub-Dashboard.git'
hint: Updates were rejected because the tip of your current branch is behind
hint: its remote counterpart. If you want to integrate the remote changes,
hint: use 'git pull' before pushing again.
hint: See the 'Note about fast-forwards' in 'git push --help' for details.
2026-07-24 16:36 pushed 9 commits
To https://github.com/Wibwubcar/Wibwub-Dashboard.git
 ! [rejected]        main -> main (non-fast-forward)
error: failed to push some refs to 'https://github.com/Wibwubcar/Wibwub-Dashboard.git'
hint: Updates were rejected because the tip of your current branch is behind
hint: its remote counterpart. If you want to integrate the remote changes,
hint: use 'git pull' before pushing again.
hint: See the 'Note about fast-forwards' in 'git push --help' for details.
2026-07-24 16:41 pushed 9 commits
To https://github.com/Wibwubcar/Wibwub-Dashboard.git
 ! [rejected]        main -> main (non-fast-forward)
error: failed to push some refs to 'https://github.com/Wibwubcar/Wibwub-Dashboard.git'
hint: Updates were rejected because the tip of your current branch is behind
hint: its remote counterpart. If you want to integrate the remote changes,
hint: use 'git pull' before pushing again.
hint: See the 'Note about fast-forwards' in 'git push --help' for details.
2026-07-24 16:46 pushed 9 commits
To https://github.com/Wibwubcar/Wibwub-Dashboard.git
 ! [rejected]        main -> main (non-fast-forward)
error: failed to push some refs to 'https://github.com/Wibwubcar/Wibwub-Dashboard.git'
hint: Updates were rejected because the tip of your current branch is behind
hint: its remote counterpart. If you want to integrate the remote changes,
hint: use 'git pull' before pushing again.
hint: See the 'Note about fast-forwards' in 'git push --help' for details.
2026-07-24 16:51 pushed 9 commits
To https://github.com/Wibwubcar/Wibwub-Dashboard.git
 ! [rejected]        main -> main (non-fast-forward)
error: failed to push some refs to 'https://github.com/Wibwubcar/Wibwub-Dashboard.git'
hint: Updates were rejected because the tip of your current branch is behind
hint: its remote counterpart. If you want to integrate the remote changes,
hint: use 'git pull' before pushing again.
hint: See the 'Note about fast-forwards' in 'git push --help' for details.
2026-07-24 16:56 pushed 9 commits
To https://github.com/Wibwubcar/Wibwub-Dashboard.git
 ! [rejected]        main -> main (non-fast-forward)
error: failed to push some refs to 'https://github.com/Wibwubcar/Wibwub-Dashboard.git'
hint: Updates were rejected because the tip of your current branch is behind
hint: its remote counterpart. If you want to integrate the remote changes,
hint: use 'git pull' before pushing again.
hint: See the 'Note about fast-forwards' in 'git push --help' for details.
2026-07-24 17:01 pushed 9 commits
To https://github.com/Wibwubcar/Wibwub-Dashboard.git
 ! [rejected]        main -> main (non-fast-forward)
error: failed to push some refs to 'https://github.com/Wibwubcar/Wibwub-Dashboard.git'
hint: Updates were rejected because the tip of your current branch is behind
hint: its remote counterpart. If you want to integrate the remote changes,
hint: use 'git pull' before pushing again.
hint: See the 'Note about fast-forwards' in 'git push --help' for details.
2026-07-24 17:06 pushed 9 commits
To https://github.com/Wibwubcar/Wibwub-Dashboard.git
 ! [rejected]        main -> main (non-fast-forward)
error: failed to push some refs to 'https://github.com/Wibwubcar/Wibwub-Dashboard.git'
hint: Updates were rejected because the tip of your current branch is behind
hint: its remote counterpart. If you want to integrate the remote changes,
hint: use 'git pull' before pushing again.
hint: See the 'Note about fast-forwards' in 'git push --help' for details.
2026-07-24 17:11 pushed 9 commits
To https://github.com/Wibwubcar/Wibwub-Dashboard.git
 ! [rejected]        main -> main (non-fast-forward)
error: failed to push some refs to 'https://github.com/Wibwubcar/Wibwub-Dashboard.git'
hint: Updates were rejected because the tip of your current branch is behind
hint: its remote counterpart. If you want to integrate the remote changes,
hint: use 'git pull' before pushing again.
hint: See the 'Note about fast-forwards' in 'git push --help' for details.
2026-07-24 17:16 pushed 9 commits
To https://github.com/Wibwubcar/Wibwub-Dashboard.git
 ! [rejected]        main -> main (non-fast-forward)
error: failed to push some refs to 'https://github.com/Wibwubcar/Wibwub-Dashboard.git'
hint: Updates were rejected because the tip of your current branch is behind
hint: its remote counterpart. If you want to integrate the remote changes,
hint: use 'git pull' before pushing again.
hint: See the 'Note about fast-forwards' in 'git push --help' for details.
2026-07-24 17:21 pushed 9 commits
To https://github.com/Wibwubcar/Wibwub-Dashboard.git
 ! [rejected]        main -> main (non-fast-forward)
error: failed to push some refs to 'https://github.com/Wibwubcar/Wibwub-Dashboard.git'
hint: Updates were rejected because the tip of your current branch is behind
hint: its remote counterpart. If you want to integrate the remote changes,
hint: use 'git pull' before pushing again.
hint: See the 'Note about fast-forwards' in 'git push --help' for details.
2026-07-24 17:26 pushed 9 commits
To https://github.com/Wibwubcar/Wibwub-Dashboard.git
 ! [rejected]        main -> main (non-fast-forward)
error: failed to push some refs to 'https://github.com/Wibwubcar/Wibwub-Dashboard.git'
hint: Updates were rejected because the tip of your current branch is behind
hint: its remote counterpart. If you want to integrate the remote changes,
hint: use 'git pull' before pushing again.
hint: See the 'Note about fast-forwards' in 'git push --help' for details.
2026-07-24 17:31 pushed 9 commits
To https://github.com/Wibwubcar/Wibwub-Dashboard.git
 ! [rejected]        main -> main (non-fast-forward)
error: failed to push some refs to 'https://github.com/Wibwubcar/Wibwub-Dashboard.git'
hint: Updates were rejected because the tip of your current branch is behind
hint: its remote counterpart. If you want to integrate the remote changes,
hint: use 'git pull' before pushing again.
hint: See the 'Note about fast-forwards' in 'git push --help' for details.
2026-07-24 17:36 pushed 9 commits
To https://github.com/Wibwubcar/Wibwub-Dashboard.git
 ! [rejected]        main -> main (non-fast-forward)
error: failed to push some refs to 'https://github.com/Wibwubcar/Wibwub-Dashboard.git'
hint: Updates were rejected because the tip of your current branch is behind
hint: its remote counterpart. If you want to integrate the remote changes,
hint: use 'git pull' before pushing again.
hint: See the 'Note about fast-forwards' in 'git push --help' for details.
2026-07-24 17:41 pushed 9 commits
To https://github.com/Wibwubcar/Wibwub-Dashboard.git
 ! [rejected]        main -> main (non-fast-forward)
error: failed to push some refs to 'https://github.com/Wibwubcar/Wibwub-Dashboard.git'
hint: Updates were rejected because the tip of your current branch is behind
hint: its remote counterpart. If you want to integrate the remote changes,
hint: use 'git pull' before pushing again.
hint: See the 'Note about fast-forwards' in 'git push --help' for details.
2026-07-24 17:46 pushed 9 commits
To https://github.com/Wibwubcar/Wibwub-Dashboard.git
 ! [rejected]        main -> main (non-fast-forward)
error: failed to push some refs to 'https://github.com/Wibwubcar/Wibwub-Dashboard.git'
hint: Updates were rejected because the tip of your current branch is behind
hint: its remote counterpart. If you want to integrate the remote changes,
hint: use 'git pull' before pushing again.
hint: See the 'Note about fast-forwards' in 'git push --help' for details.
2026-07-24 17:51 pushed 9 commits
To https://github.com/Wibwubcar/Wibwub-Dashboard.git
 ! [rejected]        main -> main (non-fast-forward)
error: failed to push some refs to 'https://github.com/Wibwubcar/Wibwub-Dashboard.git'
hint: Updates were rejected because the tip of your current branch is behind
hint: its remote counterpart. If you want to integrate the remote changes,
hint: use 'git pull' before pushing again.
hint: See the 'Note about fast-forwards' in 'git push --help' for details.
2026-07-24 17:57 pushed 9 commits
To https://github.com/Wibwubcar/Wibwub-Dashboard.git
 ! [rejected]        main -> main (non-fast-forward)
error: failed to push some refs to 'https://github.com/Wibwubcar/Wibwub-Dashboard.git'
hint: Updates were rejected because the tip of your current branch is behind
hint: its remote counterpart. If you want to integrate the remote changes,
hint: use 'git pull' before pushing again.
hint: See the 'Note about fast-forwards' in 'git push --help' for details.
2026-07-24 18:02 pushed 9 commits
To https://github.com/Wibwubcar/Wibwub-Dashboard.git
 ! [rejected]        main -> main (non-fast-forward)
error: failed to push some refs to 'https://github.com/Wibwubcar/Wibwub-Dashboard.git'
hint: Updates were rejected because the tip of your current branch is behind
hint: its remote counterpart. If you want to integrate the remote changes,
hint: use 'git pull' before pushing again.
hint: See the 'Note about fast-forwards' in 'git push --help' for details.
2026-07-24 18:07 pushed 10 commits
To https://github.com/Wibwubcar/Wibwub-Dashboard.git
 ! [rejected]        main -> main (non-fast-forward)
error: failed to push some refs to 'https://github.com/Wibwubcar/Wibwub-Dashboard.git'
hint: Updates were rejected because the tip of your current branch is behind
hint: its remote counterpart. If you want to integrate the remote changes,
hint: use 'git pull' before pushing again.
hint: See the 'Note about fast-forwards' in 'git push --help' for details.
2026-07-24 18:12 pushed 10 commits
fatal: unable to access 'https://github.com/Wibwubcar/Wibwub-Dashboard.git/': Could not resolve host: github.com
2026-07-24 18:32 pushed 10 commits
To https://github.com/Wibwubcar/Wibwub-Dashboard.git
 ! [rejected]        main -> main (non-fast-forward)
error: failed to push some refs to 'https://github.com/Wibwubcar/Wibwub-Dashboard.git'
hint: Updates were rejected because the tip of your current branch is behind
hint: its remote counterpart. If you want to integrate the remote changes,
hint: use 'git pull' before pushing again.
hint: See the 'Note about fast-forwards' in 'git push --help' for details.
2026-07-24 21:58 pushed 10 commits
fatal: unable to access 'https://github.com/Wibwubcar/Wibwub-Dashboard.git/': Could not resolve host: github.com
2026-07-24 22:03 pushed 10 commits
fatal: unable to access 'https://github.com/Wibwubcar/Wibwub-Dashboard.git/': Could not resolve host: github.com
2026-07-25 02:29 pushed 10 commits
fatal: unable to access 'https://github.com/Wibwubcar/Wibwub-Dashboard.git/': Could not resolve host: github.com
2026-07-25 03:59 pushed 10 commits
fatal: unable to access 'https://github.com/Wibwubcar/Wibwub-Dashboard.git/': Could not resolve host: github.com
2026-07-25 04:05 pushed 10 commits
fatal: unable to access 'https://github.com/Wibwubcar/Wibwub-Dashboard.git/': Could not resolve host: github.com
2026-07-25 06:40 pushed 10 commits
fatal: unable to access 'https://github.com/Wibwubcar/Wibwub-Dashboard.git/': Could not resolve host: github.com
2026-07-25 06:46 pushed 10 commits
fatal: unable to access 'https://github.com/Wibwubcar/Wibwub-Dashboard.git/': Could not resolve host: github.com
2026-07-25 06:52 pushed 10 commits
fatal: unable to access 'https://github.com/Wibwubcar/Wibwub-Dashboard.git/': Could not resolve host: github.com
2026-07-25 06:57 pushed 10 commits
fatal: unable to access 'https://github.com/Wibwubcar/Wibwub-Dashboard.git/': Could not resolve host: github.com
2026-07-25 07:03 pushed 10 commits
To https://github.com/Wibwubcar/Wibwub-Dashboard.git
 ! [rejected]        main -> main (non-fast-forward)
error: failed to push some refs to 'https://github.com/Wibwubcar/Wibwub-Dashboard.git'
hint: Updates were rejected because the tip of your current branch is behind
hint: its remote counterpart. If you want to integrate the remote changes,
hint: use 'git pull' before pushing again.
hint: See the 'Note about fast-forwards' in 'git push --help' for details.
2026-07-25 07:24 pushed 10 commits
fatal: unable to access 'https://github.com/Wibwubcar/Wibwub-Dashboard.git/': Could not resolve host: github.com
2026-07-25 08:54 pushed 10 commits
fatal: unable to access 'https://github.com/Wibwubcar/Wibwub-Dashboard.git/': Could not resolve host: github.com
2026-07-25 10:48 pushed 11 commits
fatal: unable to access 'https://github.com/Wibwubcar/Wibwub-Dashboard.git/': Could not resolve host: github.com
2026-07-25 12:18 pushed 11 commits
fatal: unable to access 'https://github.com/Wibwubcar/Wibwub-Dashboard.git/': Could not resolve host: github.com
2026-07-25 15:47 pushed 11 commits
fatal: unable to access 'https://github.com/Wibwubcar/Wibwub-Dashboard.git/': Could not resolve host: github.com
2026-07-25 16:56 pushed 11 commits
fatal: unable to access 'https://github.com/Wibwubcar/Wibwub-Dashboard.git/': Could not resolve host: github.com
2026-07-25 17:37 pushed 11 commits
To https://github.com/Wibwubcar/Wibwub-Dashboard.git
 ! [rejected]        main -> main (non-fast-forward)
error: failed to push some refs to 'https://github.com/Wibwubcar/Wibwub-Dashboard.git'
hint: Updates were rejected because the tip of your current branch is behind
hint: its remote counterpart. If you want to integrate the remote changes,
hint: use 'git pull' before pushing again.
hint: See the 'Note about fast-forwards' in 'git push --help' for details.
2026-07-25 17:54 pushed 11 commits
To https://github.com/Wibwubcar/Wibwub-Dashboard.git
 ! [rejected]        main -> main (non-fast-forward)
error: failed to push some refs to 'https://github.com/Wibwubcar/Wibwub-Dashboard.git'
hint: Updates were rejected because the tip of your current branch is behind
hint: its remote counterpart. If you want to integrate the remote changes,
hint: use 'git pull' before pushing again.
hint: See the 'Note about fast-forwards' in 'git push --help' for details.
2026-07-25 17:59 pushed 11 commits
To https://github.com/Wibwubcar/Wibwub-Dashboard.git
 ! [rejected]        main -> main (non-fast-forward)
error: failed to push some refs to 'https://github.com/Wibwubcar/Wibwub-Dashboard.git'
hint: Updates were rejected because the tip of your current branch is behind
hint: its remote counterpart. If you want to integrate the remote changes,
hint: use 'git pull' before pushing again.
hint: See the 'Note about fast-forwards' in 'git push --help' for details.
2026-07-25 18:04 pushed 12 commits
To https://github.com/Wibwubcar/Wibwub-Dashboard.git
 ! [rejected]        main -> main (non-fast-forward)
error: failed to push some refs to 'https://github.com/Wibwubcar/Wibwub-Dashboard.git'
hint: Updates were rejected because the tip of your current branch is behind
hint: its remote counterpart. If you want to integrate the remote changes,
hint: use 'git pull' before pushing again.
hint: See the 'Note about fast-forwards' in 'git push --help' for details.
2026-07-25 18:09 pushed 13 commits
To https://github.com/Wibwubcar/Wibwub-Dashboard.git
 ! [rejected]        main -> main (non-fast-forward)
error: failed to push some refs to 'https://github.com/Wibwubcar/Wibwub-Dashboard.git'
hint: Updates were rejected because the tip of your current branch is behind
hint: its remote counterpart. If you want to integrate the remote changes,
hint: use 'git pull' before pushing again.
hint: See the 'Note about fast-forwards' in 'git push --help' for details.
2026-07-25 18:14 pushed 16 commits
To https://github.com/Wibwubcar/Wibwub-Dashboard.git
 ! [rejected]        main -> main (non-fast-forward)
error: failed to push some refs to 'https://github.com/Wibwubcar/Wibwub-Dashboard.git'
hint: Updates were rejected because the tip of your current branch is behind
hint: its remote counterpart. If you want to integrate the remote changes,
hint: use 'git pull' before pushing again.
hint: See the 'Note about fast-forwards' in 'git push --help' for details.
2026-07-25 18:19 pushed 16 commits
To https://github.com/Wibwubcar/Wibwub-Dashboard.git
 ! [rejected]        main -> main (non-fast-forward)
error: failed to push some refs to 'https://github.com/Wibwubcar/Wibwub-Dashboard.git'
hint: Updates were rejected because the tip of your current branch is behind
hint: its remote counterpart. If you want to integrate the remote changes,
hint: use 'git pull' before pushing again.
hint: See the 'Note about fast-forwards' in 'git push --help' for details.
2026-07-25 18:24 pushed 16 commits
To https://github.com/Wibwubcar/Wibwub-Dashboard.git
 ! [rejected]        main -> main (non-fast-forward)
error: failed to push some refs to 'https://github.com/Wibwubcar/Wibwub-Dashboard.git'
hint: Updates were rejected because the tip of your current branch is behind
hint: its remote counterpart. If you want to integrate the remote changes,
hint: use 'git pull' before pushing again.
hint: See the 'Note about fast-forwards' in 'git push --help' for details.
2026-07-25 18:29 pushed 16 commits
To https://github.com/Wibwubcar/Wibwub-Dashboard.git
 ! [rejected]        main -> main (non-fast-forward)
error: failed to push some refs to 'https://github.com/Wibwubcar/Wibwub-Dashboard.git'
hint: Updates were rejected because the tip of your current branch is behind
hint: its remote counterpart. If you want to integrate the remote changes,
hint: use 'git pull' before pushing again.
hint: See the 'Note about fast-forwards' in 'git push --help' for details.
2026-07-25 18:34 pushed 16 commits
To https://github.com/Wibwubcar/Wibwub-Dashboard.git
 ! [rejected]        main -> main (non-fast-forward)
error: failed to push some refs to 'https://github.com/Wibwubcar/Wibwub-Dashboard.git'
hint: Updates were rejected because the tip of your current branch is behind
hint: its remote counterpart. If you want to integrate the remote changes,
hint: use 'git pull' before pushing again.
hint: See the 'Note about fast-forwards' in 'git push --help' for details.
2026-07-25 19:09 pushed 16 commits
To https://github.com/Wibwubcar/Wibwub-Dashboard.git
 ! [rejected]        main -> main (non-fast-forward)
error: failed to push some refs to 'https://github.com/Wibwubcar/Wibwub-Dashboard.git'
hint: Updates were rejected because the tip of your current branch is behind
hint: its remote counterpart. If you want to integrate the remote changes,
hint: use 'git pull' before pushing again.
hint: See the 'Note about fast-forwards' in 'git push --help' for details.
2026-07-25 20:56 pushed 16 commits
To https://github.com/Wibwubcar/Wibwub-Dashboard.git
 ! [rejected]        main -> main (non-fast-forward)
error: failed to push some refs to 'https://github.com/Wibwubcar/Wibwub-Dashboard.git'
hint: Updates were rejected because the tip of your current branch is behind
hint: its remote counterpart. If you want to integrate the remote changes,
hint: use 'git pull' before pushing again.
hint: See the 'Note about fast-forwards' in 'git push --help' for details.
2026-07-25 21:22 pushed 16 commits
To https://github.com/Wibwubcar/Wibwub-Dashboard.git
 ! [rejected]        main -> main (non-fast-forward)
error: failed to push some refs to 'https://github.com/Wibwubcar/Wibwub-Dashboard.git'
hint: Updates were rejected because the tip of your current branch is behind
hint: its remote counterpart. If you want to integrate the remote changes,
hint: use 'git pull' before pushing again.
hint: See the 'Note about fast-forwards' in 'git push --help' for details.
2026-07-25 21:27 pushed 16 commits
To https://github.com/Wibwubcar/Wibwub-Dashboard.git
 ! [rejected]        main -> main (non-fast-forward)
error: failed to push some refs to 'https://github.com/Wibwubcar/Wibwub-Dashboard.git'
hint: Updates were rejected because the tip of your current branch is behind
hint: its remote counterpart. If you want to integrate the remote changes,
hint: use 'git pull' before pushing again.
hint: See the 'Note about fast-forwards' in 'git push --help' for details.
2026-07-25 21:32 pushed 16 commits
To https://github.com/Wibwubcar/Wibwub-Dashboard.git
 ! [rejected]        main -> main (non-fast-forward)
error: failed to push some refs to 'https://github.com/Wibwubcar/Wibwub-Dashboard.git'
hint: Updates were rejected because the tip of your current branch is behind
hint: its remote counterpart. If you want to integrate the remote changes,
hint: use 'git pull' before pushing again.
hint: See the 'Note about fast-forwards' in 'git push --help' for details.
2026-07-25 21:37 pushed 16 commits
To https://github.com/Wibwubcar/Wibwub-Dashboard.git
 ! [rejected]        main -> main (non-fast-forward)
error: failed to push some refs to 'https://github.com/Wibwubcar/Wibwub-Dashboard.git'
hint: Updates were rejected because the tip of your current branch is behind
hint: its remote counterpart. If you want to integrate the remote changes,
hint: use 'git pull' before pushing again.
hint: See the 'Note about fast-forwards' in 'git push --help' for details.
2026-07-25 21:42 pushed 16 commits
To https://github.com/Wibwubcar/Wibwub-Dashboard.git
 ! [rejected]        main -> main (non-fast-forward)
error: failed to push some refs to 'https://github.com/Wibwubcar/Wibwub-Dashboard.git'
hint: Updates were rejected because the tip of your current branch is behind
hint: its remote counterpart. If you want to integrate the remote changes,
hint: use 'git pull' before pushing again.
hint: See the 'Note about fast-forwards' in 'git push --help' for details.
2026-07-25 21:47 pushed 16 commits
To https://github.com/Wibwubcar/Wibwub-Dashboard.git
 ! [rejected]        main -> main (non-fast-forward)
error: failed to push some refs to 'https://github.com/Wibwubcar/Wibwub-Dashboard.git'
hint: Updates were rejected because the tip of your current branch is behind
hint: its remote counterpart. If you want to integrate the remote changes,
hint: use 'git pull' before pushing again.
hint: See the 'Note about fast-forwards' in 'git push --help' for details.
2026-07-25 21:52 pushed 16 commits
To https://github.com/Wibwubcar/Wibwub-Dashboard.git
 ! [rejected]        main -> main (non-fast-forward)
error: failed to push some refs to 'https://github.com/Wibwubcar/Wibwub-Dashboard.git'
hint: Updates were rejected because the tip of your current branch is behind
hint: its remote counterpart. If you want to integrate the remote changes,
hint: use 'git pull' before pushing again.
hint: See the 'Note about fast-forwards' in 'git push --help' for details.
2026-07-25 21:57 pushed 17 commits
To https://github.com/Wibwubcar/Wibwub-Dashboard.git
 ! [rejected]        main -> main (non-fast-forward)
error: failed to push some refs to 'https://github.com/Wibwubcar/Wibwub-Dashboard.git'
hint: Updates were rejected because the tip of your current branch is behind
hint: its remote counterpart. If you want to integrate the remote changes,
hint: use 'git pull' before pushing again.
hint: See the 'Note about fast-forwards' in 'git push --help' for details.
2026-07-25 22:02 pushed 18 commits
To https://github.com/Wibwubcar/Wibwub-Dashboard.git
 ! [rejected]        main -> main (non-fast-forward)
error: failed to push some refs to 'https://github.com/Wibwubcar/Wibwub-Dashboard.git'
hint: Updates were rejected because the tip of your current branch is behind
hint: its remote counterpart. If you want to integrate the remote changes,
hint: use 'git pull' before pushing again.
hint: See the 'Note about fast-forwards' in 'git push --help' for details.
2026-07-25 22:07 pushed 18 commits
To https://github.com/Wibwubcar/Wibwub-Dashboard.git
 ! [rejected]        main -> main (non-fast-forward)
error: failed to push some refs to 'https://github.com/Wibwubcar/Wibwub-Dashboard.git'
hint: Updates were rejected because the tip of your current branch is behind
hint: its remote counterpart. If you want to integrate the remote changes,
hint: use 'git pull' before pushing again.
hint: See the 'Note about fast-forwards' in 'git push --help' for details.
2026-07-25 22:13 pushed 18 commits
To https://github.com/Wibwubcar/Wibwub-Dashboard.git
 ! [rejected]        main -> main (non-fast-forward)
error: failed to push some refs to 'https://github.com/Wibwubcar/Wibwub-Dashboard.git'
hint: Updates were rejected because the tip of your current branch is behind
hint: its remote counterpart. If you want to integrate the remote changes,
hint: use 'git pull' before pushing again.
hint: See the 'Note about fast-forwards' in 'git push --help' for details.
2026-07-25 22:18 pushed 18 commits
To https://github.com/Wibwubcar/Wibwub-Dashboard.git
 ! [rejected]        main -> main (non-fast-forward)
error: failed to push some refs to 'https://github.com/Wibwubcar/Wibwub-Dashboard.git'
hint: Updates were rejected because the tip of your current branch is behind
hint: its remote counterpart. If you want to integrate the remote changes,
hint: use 'git pull' before pushing again.
hint: See the 'Note about fast-forwards' in 'git push --help' for details.
2026-07-25 22:32 pushed 18 commits
To https://github.com/Wibwubcar/Wibwub-Dashboard.git
 ! [rejected]        main -> main (non-fast-forward)
error: failed to push some refs to 'https://github.com/Wibwubcar/Wibwub-Dashboard.git'
hint: Updates were rejected because the tip of your current branch is behind
hint: its remote counterpart. If you want to integrate the remote changes,
hint: use 'git pull' before pushing again.
hint: See the 'Note about fast-forwards' in 'git push --help' for details.
2026-07-25 23:05 pushed 18 commits
fatal: unable to access 'https://github.com/Wibwubcar/Wibwub-Dashboard.git/': Could not resolve host: github.com
2026-07-25 23:41 pushed 18 commits
To https://github.com/Wibwubcar/Wibwub-Dashboard.git
 ! [rejected]        main -> main (non-fast-forward)
error: failed to push some refs to 'https://github.com/Wibwubcar/Wibwub-Dashboard.git'
hint: Updates were rejected because the tip of your current branch is behind
hint: its remote counterpart. If you want to integrate the remote changes,
hint: use 'git pull' before pushing again.
hint: See the 'Note about fast-forwards' in 'git push --help' for details.
2026-07-26 00:11 pushed 18 commits
To https://github.com/Wibwubcar/Wibwub-Dashboard.git
 ! [rejected]        main -> main (non-fast-forward)
error: failed to push some refs to 'https://github.com/Wibwubcar/Wibwub-Dashboard.git'
hint: Updates were rejected because the tip of your current branch is behind
hint: its remote counterpart. If you want to integrate the remote changes,
hint: use 'git pull' before pushing again.
hint: See the 'Note about fast-forwards' in 'git push --help' for details.
2026-07-26 00:26 pushed 18 commits
To https://github.com/Wibwubcar/Wibwub-Dashboard.git
 ! [rejected]        main -> main (non-fast-forward)
error: failed to push some refs to 'https://github.com/Wibwubcar/Wibwub-Dashboard.git'
hint: Updates were rejected because the tip of your current branch is behind
hint: its remote counterpart. If you want to integrate the remote changes,
hint: use 'git pull' before pushing again.
hint: See the 'Note about fast-forwards' in 'git push --help' for details.
2026-07-26 00:31 pushed 18 commits
To https://github.com/Wibwubcar/Wibwub-Dashboard.git
 ! [rejected]        main -> main (non-fast-forward)
error: failed to push some refs to 'https://github.com/Wibwubcar/Wibwub-Dashboard.git'
hint: Updates were rejected because the tip of your current branch is behind
hint: its remote counterpart. If you want to integrate the remote changes,
hint: use 'git pull' before pushing again.
hint: See the 'Note about fast-forwards' in 'git push --help' for details.
2026-07-26 00:36 pushed 18 commits
To https://github.com/Wibwubcar/Wibwub-Dashboard.git
 ! [rejected]        main -> main (non-fast-forward)
error: failed to push some refs to 'https://github.com/Wibwubcar/Wibwub-Dashboard.git'
hint: Updates were rejected because the tip of your current branch is behind
hint: its remote counterpart. If you want to integrate the remote changes,
hint: use 'git pull' before pushing again.
hint: See the 'Note about fast-forwards' in 'git push --help' for details.
2026-07-26 00:41 pushed 18 commits
To https://github.com/Wibwubcar/Wibwub-Dashboard.git
 ! [rejected]        main -> main (non-fast-forward)
error: failed to push some refs to 'https://github.com/Wibwubcar/Wibwub-Dashboard.git'
hint: Updates were rejected because the tip of your current branch is behind
hint: its remote counterpart. If you want to integrate the remote changes,
hint: use 'git pull' before pushing again.
hint: See the 'Note about fast-forwards' in 'git push --help' for details.
2026-07-26 00:46 pushed 18 commits
To https://github.com/Wibwubcar/Wibwub-Dashboard.git
 ! [rejected]        main -> main (non-fast-forward)
error: failed to push some refs to 'https://github.com/Wibwubcar/Wibwub-Dashboard.git'
hint: Updates were rejected because the tip of your current branch is behind
hint: its remote counterpart. If you want to integrate the remote changes,
hint: use 'git pull' before pushing again.
hint: See the 'Note about fast-forwards' in 'git push --help' for details.
2026-07-26 00:51 pushed 18 commits
To https://github.com/Wibwubcar/Wibwub-Dashboard.git
 ! [rejected]        main -> main (non-fast-forward)
error: failed to push some refs to 'https://github.com/Wibwubcar/Wibwub-Dashboard.git'
hint: Updates were rejected because the tip of your current branch is behind
hint: its remote counterpart. If you want to integrate the remote changes,
hint: use 'git pull' before pushing again.
hint: See the 'Note about fast-forwards' in 'git push --help' for details.
2026-07-26 00:56 pushed 18 commits
To https://github.com/Wibwubcar/Wibwub-Dashboard.git
 ! [rejected]        main -> main (non-fast-forward)
error: failed to push some refs to 'https://github.com/Wibwubcar/Wibwub-Dashboard.git'
hint: Updates were rejected because the tip of your current branch is behind
hint: its remote counterpart. If you want to integrate the remote changes,
hint: use 'git pull' before pushing again.
hint: See the 'Note about fast-forwards' in 'git push --help' for details.
2026-07-26 01:01 pushed 18 commits
To https://github.com/Wibwubcar/Wibwub-Dashboard.git
 ! [rejected]        main -> main (non-fast-forward)
error: failed to push some refs to 'https://github.com/Wibwubcar/Wibwub-Dashboard.git'
hint: Updates were rejected because the tip of your current branch is behind
hint: its remote counterpart. If you want to integrate the remote changes,
hint: use 'git pull' before pushing again.
hint: See the 'Note about fast-forwards' in 'git push --help' for details.
2026-07-26 01:06 pushed 18 commits
To https://github.com/Wibwubcar/Wibwub-Dashboard.git
 ! [rejected]        main -> main (non-fast-forward)
error: failed to push some refs to 'https://github.com/Wibwubcar/Wibwub-Dashboard.git'
hint: Updates were rejected because the tip of your current branch is behind
hint: its remote counterpart. If you want to integrate the remote changes,
hint: use 'git pull' before pushing again.
hint: See the 'Note about fast-forwards' in 'git push --help' for details.
2026-07-26 01:11 pushed 18 commits
To https://github.com/Wibwubcar/Wibwub-Dashboard.git
 ! [rejected]        main -> main (non-fast-forward)
error: failed to push some refs to 'https://github.com/Wibwubcar/Wibwub-Dashboard.git'
hint: Updates were rejected because the tip of your current branch is behind
hint: its remote counterpart. If you want to integrate the remote changes,
hint: use 'git pull' before pushing again.
hint: See the 'Note about fast-forwards' in 'git push --help' for details.
2026-07-26 01:16 pushed 18 commits
To https://github.com/Wibwubcar/Wibwub-Dashboard.git
 ! [rejected]        main -> main (non-fast-forward)
error: failed to push some refs to 'https://github.com/Wibwubcar/Wibwub-Dashboard.git'
hint: Updates were rejected because the tip of your current branch is behind
hint: its remote counterpart. If you want to integrate the remote changes,
hint: use 'git pull' before pushing again.
hint: See the 'Note about fast-forwards' in 'git push --help' for details.
2026-07-26 01:21 pushed 18 commits
To https://github.com/Wibwubcar/Wibwub-Dashboard.git
 ! [rejected]        main -> main (non-fast-forward)
error: failed to push some refs to 'https://github.com/Wibwubcar/Wibwub-Dashboard.git'
hint: Updates were rejected because the tip of your current branch is behind
hint: its remote counterpart. If you want to integrate the remote changes,
hint: use 'git pull' before pushing again.
hint: See the 'Note about fast-forwards' in 'git push --help' for details.
2026-07-26 01:26 pushed 18 commits
To https://github.com/Wibwubcar/Wibwub-Dashboard.git
 ! [rejected]        main -> main (non-fast-forward)
error: failed to push some refs to 'https://github.com/Wibwubcar/Wibwub-Dashboard.git'
hint: Updates were rejected because the tip of your current branch is behind
hint: its remote counterpart. If you want to integrate the remote changes,
hint: use 'git pull' before pushing again.
hint: See the 'Note about fast-forwards' in 'git push --help' for details.
2026-07-26 01:31 pushed 18 commits
To https://github.com/Wibwubcar/Wibwub-Dashboard.git
 ! [rejected]        main -> main (non-fast-forward)
error: failed to push some refs to 'https://github.com/Wibwubcar/Wibwub-Dashboard.git'
hint: Updates were rejected because the tip of your current branch is behind
hint: its remote counterpart. If you want to integrate the remote changes,
hint: use 'git pull' before pushing again.
hint: See the 'Note about fast-forwards' in 'git push --help' for details.
2026-07-26 01:36 pushed 18 commits
To https://github.com/Wibwubcar/Wibwub-Dashboard.git
 ! [rejected]        main -> main (non-fast-forward)
error: failed to push some refs to 'https://github.com/Wibwubcar/Wibwub-Dashboard.git'
hint: Updates were rejected because the tip of your current branch is behind
hint: its remote counterpart. If you want to integrate the remote changes,
hint: use 'git pull' before pushing again.
hint: See the 'Note about fast-forwards' in 'git push --help' for details.
2026-07-26 01:41 pushed 18 commits
To https://github.com/Wibwubcar/Wibwub-Dashboard.git
 ! [rejected]        main -> main (non-fast-forward)
error: failed to push some refs to 'https://github.com/Wibwubcar/Wibwub-Dashboard.git'
hint: Updates were rejected because the tip of your current branch is behind
hint: its remote counterpart. If you want to integrate the remote changes,
hint: use 'git pull' before pushing again.
hint: See the 'Note about fast-forwards' in 'git push --help' for details.
2026-07-26 01:46 pushed 18 commits
To https://github.com/Wibwubcar/Wibwub-Dashboard.git
 ! [rejected]        main -> main (non-fast-forward)
error: failed to push some refs to 'https://github.com/Wibwubcar/Wibwub-Dashboard.git'
hint: Updates were rejected because the tip of your current branch is behind
hint: its remote counterpart. If you want to integrate the remote changes,
hint: use 'git pull' before pushing again.
hint: See the 'Note about fast-forwards' in 'git push --help' for details.
2026-07-26 01:51 pushed 18 commits
To https://github.com/Wibwubcar/Wibwub-Dashboard.git
 ! [rejected]        main -> main (non-fast-forward)
error: failed to push some refs to 'https://github.com/Wibwubcar/Wibwub-Dashboard.git'
hint: Updates were rejected because the tip of your current branch is behind
hint: its remote counterpart. If you want to integrate the remote changes,
hint: use 'git pull' before pushing again.
hint: See the 'Note about fast-forwards' in 'git push --help' for details.
2026-07-26 01:56 pushed 18 commits
To https://github.com/Wibwubcar/Wibwub-Dashboard.git
 ! [rejected]        main -> main (non-fast-forward)
error: failed to push some refs to 'https://github.com/Wibwubcar/Wibwub-Dashboard.git'
hint: Updates were rejected because the tip of your current branch is behind
hint: its remote counterpart. If you want to integrate the remote changes,
hint: use 'git pull' before pushing again.
hint: See the 'Note about fast-forwards' in 'git push --help' for details.
2026-07-26 02:01 pushed 18 commits
To https://github.com/Wibwubcar/Wibwub-Dashboard.git
 ! [rejected]        main -> main (non-fast-forward)
error: failed to push some refs to 'https://github.com/Wibwubcar/Wibwub-Dashboard.git'
hint: Updates were rejected because the tip of your current branch is behind
hint: its remote counterpart. If you want to integrate the remote changes,
hint: use 'git pull' before pushing again.
hint: See the 'Note about fast-forwards' in 'git push --help' for details.
2026-07-26 02:06 pushed 18 commits
To https://github.com/Wibwubcar/Wibwub-Dashboard.git
 ! [rejected]        main -> main (non-fast-forward)
error: failed to push some refs to 'https://github.com/Wibwubcar/Wibwub-Dashboard.git'
hint: Updates were rejected because the tip of your current branch is behind
hint: its remote counterpart. If you want to integrate the remote changes,
hint: use 'git pull' before pushing again.
hint: See the 'Note about fast-forwards' in 'git push --help' for details.
2026-07-26 02:11 pushed 18 commits
To https://github.com/Wibwubcar/Wibwub-Dashboard.git
 ! [rejected]        main -> main (non-fast-forward)
error: failed to push some refs to 'https://github.com/Wibwubcar/Wibwub-Dashboard.git'
hint: Updates were rejected because the tip of your current branch is behind
hint: its remote counterpart. If you want to integrate the remote changes,
hint: use 'git pull' before pushing again.
hint: See the 'Note about fast-forwards' in 'git push --help' for details.
2026-07-26 02:16 pushed 18 commits
To https://github.com/Wibwubcar/Wibwub-Dashboard.git
 ! [rejected]        main -> main (non-fast-forward)
error: failed to push some refs to 'https://github.com/Wibwubcar/Wibwub-Dashboard.git'
hint: Updates were rejected because the tip of your current branch is behind
hint: its remote counterpart. If you want to integrate the remote changes,
hint: use 'git pull' before pushing again.
hint: See the 'Note about fast-forwards' in 'git push --help' for details.
2026-07-26 02:22 pushed 18 commits
To https://github.com/Wibwubcar/Wibwub-Dashboard.git
 ! [rejected]        main -> main (non-fast-forward)
error: failed to push some refs to 'https://github.com/Wibwubcar/Wibwub-Dashboard.git'
hint: Updates were rejected because the tip of your current branch is behind
hint: its remote counterpart. If you want to integrate the remote changes,
hint: use 'git pull' before pushing again.
hint: See the 'Note about fast-forwards' in 'git push --help' for details.
2026-07-26 02:27 pushed 18 commits
To https://github.com/Wibwubcar/Wibwub-Dashboard.git
 ! [rejected]        main -> main (non-fast-forward)
error: failed to push some refs to 'https://github.com/Wibwubcar/Wibwub-Dashboard.git'
hint: Updates were rejected because the tip of your current branch is behind
hint: its remote counterpart. If you want to integrate the remote changes,
hint: use 'git pull' before pushing again.
hint: See the 'Note about fast-forwards' in 'git push --help' for details.
2026-07-26 02:32 pushed 18 commits
To https://github.com/Wibwubcar/Wibwub-Dashboard.git
 ! [rejected]        main -> main (non-fast-forward)
error: failed to push some refs to 'https://github.com/Wibwubcar/Wibwub-Dashboard.git'
hint: Updates were rejected because the tip of your current branch is behind
hint: its remote counterpart. If you want to integrate the remote changes,
hint: use 'git pull' before pushing again.
hint: See the 'Note about fast-forwards' in 'git push --help' for details.
2026-07-26 02:37 pushed 18 commits
To https://github.com/Wibwubcar/Wibwub-Dashboard.git
 ! [rejected]        main -> main (non-fast-forward)
error: failed to push some refs to 'https://github.com/Wibwubcar/Wibwub-Dashboard.git'
hint: Updates were rejected because the tip of your current branch is behind
hint: its remote counterpart. If you want to integrate the remote changes,
hint: use 'git pull' before pushing again.
hint: See the 'Note about fast-forwards' in 'git push --help' for details.
2026-07-26 02:42 pushed 18 commits
To https://github.com/Wibwubcar/Wibwub-Dashboard.git
 ! [rejected]        main -> main (non-fast-forward)
error: failed to push some refs to 'https://github.com/Wibwubcar/Wibwub-Dashboard.git'
hint: Updates were rejected because the tip of your current branch is behind
hint: its remote counterpart. If you want to integrate the remote changes,
hint: use 'git pull' before pushing again.
hint: See the 'Note about fast-forwards' in 'git push --help' for details.
2026-07-26 02:47 pushed 18 commits
To https://github.com/Wibwubcar/Wibwub-Dashboard.git
 ! [rejected]        main -> main (non-fast-forward)
error: failed to push some refs to 'https://github.com/Wibwubcar/Wibwub-Dashboard.git'
hint: Updates were rejected because the tip of your current branch is behind
hint: its remote counterpart. If you want to integrate the remote changes,
hint: use 'git pull' before pushing again.
hint: See the 'Note about fast-forwards' in 'git push --help' for details.
2026-07-26 02:52 pushed 18 commits
To https://github.com/Wibwubcar/Wibwub-Dashboard.git
 ! [rejected]        main -> main (non-fast-forward)
error: failed to push some refs to 'https://github.com/Wibwubcar/Wibwub-Dashboard.git'
hint: Updates were rejected because the tip of your current branch is behind
hint: its remote counterpart. If you want to integrate the remote changes,
hint: use 'git pull' before pushing again.
hint: See the 'Note about fast-forwards' in 'git push --help' for details.
2026-07-26 02:57 pushed 18 commits
To https://github.com/Wibwubcar/Wibwub-Dashboard.git
 ! [rejected]        main -> main (non-fast-forward)
error: failed to push some refs to 'https://github.com/Wibwubcar/Wibwub-Dashboard.git'
hint: Updates were rejected because the tip of your current branch is behind
hint: its remote counterpart. If you want to integrate the remote changes,
hint: use 'git pull' before pushing again.
hint: See the 'Note about fast-forwards' in 'git push --help' for details.
2026-07-26 03:02 pushed 18 commits
To https://github.com/Wibwubcar/Wibwub-Dashboard.git
 ! [rejected]        main -> main (non-fast-forward)
error: failed to push some refs to 'https://github.com/Wibwubcar/Wibwub-Dashboard.git'
hint: Updates were rejected because the tip of your current branch is behind
hint: its remote counterpart. If you want to integrate the remote changes,
hint: use 'git pull' before pushing again.
hint: See the 'Note about fast-forwards' in 'git push --help' for details.
2026-07-26 03:07 pushed 18 commits
To https://github.com/Wibwubcar/Wibwub-Dashboard.git
 ! [rejected]        main -> main (non-fast-forward)
error: failed to push some refs to 'https://github.com/Wibwubcar/Wibwub-Dashboard.git'
hint: Updates were rejected because the tip of your current branch is behind
hint: its remote counterpart. If you want to integrate the remote changes,
hint: use 'git pull' before pushing again.
hint: See the 'Note about fast-forwards' in 'git push --help' for details.
2026-07-26 03:12 pushed 18 commits
To https://github.com/Wibwubcar/Wibwub-Dashboard.git
 ! [rejected]        main -> main (non-fast-forward)
error: failed to push some refs to 'https://github.com/Wibwubcar/Wibwub-Dashboard.git'
hint: Updates were rejected because the tip of your current branch is behind
hint: its remote counterpart. If you want to integrate the remote changes,
hint: use 'git pull' before pushing again.
hint: See the 'Note about fast-forwards' in 'git push --help' for details.
2026-07-26 03:17 pushed 18 commits
To https://github.com/Wibwubcar/Wibwub-Dashboard.git
 ! [rejected]        main -> main (non-fast-forward)
error: failed to push some refs to 'https://github.com/Wibwubcar/Wibwub-Dashboard.git'
hint: Updates were rejected because the tip of your current branch is behind
hint: its remote counterpart. If you want to integrate the remote changes,
hint: use 'git pull' before pushing again.
hint: See the 'Note about fast-forwards' in 'git push --help' for details.
2026-07-26 03:22 pushed 18 commits
To https://github.com/Wibwubcar/Wibwub-Dashboard.git
 ! [rejected]        main -> main (non-fast-forward)
error: failed to push some refs to 'https://github.com/Wibwubcar/Wibwub-Dashboard.git'
hint: Updates were rejected because the tip of your current branch is behind
hint: its remote counterpart. If you want to integrate the remote changes,
hint: use 'git pull' before pushing again.
hint: See the 'Note about fast-forwards' in 'git push --help' for details.
2026-07-26 03:27 pushed 18 commits
To https://github.com/Wibwubcar/Wibwub-Dashboard.git
 ! [rejected]        main -> main (non-fast-forward)
error: failed to push some refs to 'https://github.com/Wibwubcar/Wibwub-Dashboard.git'
hint: Updates were rejected because the tip of your current branch is behind
hint: its remote counterpart. If you want to integrate the remote changes,
hint: use 'git pull' before pushing again.
hint: See the 'Note about fast-forwards' in 'git push --help' for details.
2026-07-26 03:32 pushed 18 commits
To https://github.com/Wibwubcar/Wibwub-Dashboard.git
 ! [rejected]        main -> main (non-fast-forward)
error: failed to push some refs to 'https://github.com/Wibwubcar/Wibwub-Dashboard.git'
hint: Updates were rejected because the tip of your current branch is behind
hint: its remote counterpart. If you want to integrate the remote changes,
hint: use 'git pull' before pushing again.
hint: See the 'Note about fast-forwards' in 'git push --help' for details.
2026-07-26 03:37 pushed 18 commits
To https://github.com/Wibwubcar/Wibwub-Dashboard.git
 ! [rejected]        main -> main (non-fast-forward)
error: failed to push some refs to 'https://github.com/Wibwubcar/Wibwub-Dashboard.git'
hint: Updates were rejected because the tip of your current branch is behind
hint: its remote counterpart. If you want to integrate the remote changes,
hint: use 'git pull' before pushing again.
hint: See the 'Note about fast-forwards' in 'git push --help' for details.
2026-07-26 03:42 pushed 18 commits
To https://github.com/Wibwubcar/Wibwub-Dashboard.git
 ! [rejected]        main -> main (non-fast-forward)
error: failed to push some refs to 'https://github.com/Wibwubcar/Wibwub-Dashboard.git'
hint: Updates were rejected because the tip of your current branch is behind
hint: its remote counterpart. If you want to integrate the remote changes,
hint: use 'git pull' before pushing again.
hint: See the 'Note about fast-forwards' in 'git push --help' for details.
2026-07-26 03:47 pushed 18 commits
To https://github.com/Wibwubcar/Wibwub-Dashboard.git
 ! [rejected]        main -> main (non-fast-forward)
error: failed to push some refs to 'https://github.com/Wibwubcar/Wibwub-Dashboard.git'
hint: Updates were rejected because the tip of your current branch is behind
hint: its remote counterpart. If you want to integrate the remote changes,
hint: use 'git pull' before pushing again.
hint: See the 'Note about fast-forwards' in 'git push --help' for details.
2026-07-26 03:52 pushed 18 commits
To https://github.com/Wibwubcar/Wibwub-Dashboard.git
 ! [rejected]        main -> main (non-fast-forward)
error: failed to push some refs to 'https://github.com/Wibwubcar/Wibwub-Dashboard.git'
hint: Updates were rejected because the tip of your current branch is behind
hint: its remote counterpart. If you want to integrate the remote changes,
hint: use 'git pull' before pushing again.
hint: See the 'Note about fast-forwards' in 'git push --help' for details.
2026-07-26 03:57 pushed 18 commits
To https://github.com/Wibwubcar/Wibwub-Dashboard.git
 ! [rejected]        main -> main (non-fast-forward)
error: failed to push some refs to 'https://github.com/Wibwubcar/Wibwub-Dashboard.git'
hint: Updates were rejected because the tip of your current branch is behind
hint: its remote counterpart. If you want to integrate the remote changes,
hint: use 'git pull' before pushing again.
hint: See the 'Note about fast-forwards' in 'git push --help' for details.
2026-07-26 04:02 pushed 18 commits
To https://github.com/Wibwubcar/Wibwub-Dashboard.git
 ! [rejected]        main -> main (non-fast-forward)
error: failed to push some refs to 'https://github.com/Wibwubcar/Wibwub-Dashboard.git'
hint: Updates were rejected because the tip of your current branch is behind
hint: its remote counterpart. If you want to integrate the remote changes,
hint: use 'git pull' before pushing again.
hint: See the 'Note about fast-forwards' in 'git push --help' for details.
2026-07-26 04:07 pushed 18 commits
To https://github.com/Wibwubcar/Wibwub-Dashboard.git
 ! [rejected]        main -> main (non-fast-forward)
error: failed to push some refs to 'https://github.com/Wibwubcar/Wibwub-Dashboard.git'
hint: Updates were rejected because the tip of your current branch is behind
hint: its remote counterpart. If you want to integrate the remote changes,
hint: use 'git pull' before pushing again.
hint: See the 'Note about fast-forwards' in 'git push --help' for details.
2026-07-26 04:12 pushed 18 commits
To https://github.com/Wibwubcar/Wibwub-Dashboard.git
 ! [rejected]        main -> main (non-fast-forward)
error: failed to push some refs to 'https://github.com/Wibwubcar/Wibwub-Dashboard.git'
hint: Updates were rejected because the tip of your current branch is behind
hint: its remote counterpart. If you want to integrate the remote changes,
hint: use 'git pull' before pushing again.
hint: See the 'Note about fast-forwards' in 'git push --help' for details.
2026-07-26 04:17 pushed 18 commits
To https://github.com/Wibwubcar/Wibwub-Dashboard.git
 ! [rejected]        main -> main (non-fast-forward)
error: failed to push some refs to 'https://github.com/Wibwubcar/Wibwub-Dashboard.git'
hint: Updates were rejected because the tip of your current branch is behind
hint: its remote counterpart. If you want to integrate the remote changes,
hint: use 'git pull' before pushing again.
hint: See the 'Note about fast-forwards' in 'git push --help' for details.
2026-07-26 04:22 pushed 18 commits
To https://github.com/Wibwubcar/Wibwub-Dashboard.git
 ! [rejected]        main -> main (non-fast-forward)
error: failed to push some refs to 'https://github.com/Wibwubcar/Wibwub-Dashboard.git'
hint: Updates were rejected because the tip of your current branch is behind
hint: its remote counterpart. If you want to integrate the remote changes,
hint: use 'git pull' before pushing again.
hint: See the 'Note about fast-forwards' in 'git push --help' for details.
2026-07-26 04:27 pushed 18 commits
To https://github.com/Wibwubcar/Wibwub-Dashboard.git
 ! [rejected]        main -> main (non-fast-forward)
error: failed to push some refs to 'https://github.com/Wibwubcar/Wibwub-Dashboard.git'
hint: Updates were rejected because the tip of your current branch is behind
hint: its remote counterpart. If you want to integrate the remote changes,
hint: use 'git pull' before pushing again.
hint: See the 'Note about fast-forwards' in 'git push --help' for details.
2026-07-26 04:32 pushed 18 commits
To https://github.com/Wibwubcar/Wibwub-Dashboard.git
 ! [rejected]        main -> main (non-fast-forward)
error: failed to push some refs to 'https://github.com/Wibwubcar/Wibwub-Dashboard.git'
hint: Updates were rejected because the tip of your current branch is behind
hint: its remote counterpart. If you want to integrate the remote changes,
hint: use 'git pull' before pushing again.
hint: See the 'Note about fast-forwards' in 'git push --help' for details.
2026-07-26 04:37 pushed 18 commits
To https://github.com/Wibwubcar/Wibwub-Dashboard.git
 ! [rejected]        main -> main (non-fast-forward)
error: failed to push some refs to 'https://github.com/Wibwubcar/Wibwub-Dashboard.git'
hint: Updates were rejected because the tip of your current branch is behind
hint: its remote counterpart. If you want to integrate the remote changes,
hint: use 'git pull' before pushing again.
hint: See the 'Note about fast-forwards' in 'git push --help' for details.
2026-07-26 04:42 pushed 18 commits
To https://github.com/Wibwubcar/Wibwub-Dashboard.git
 ! [rejected]        main -> main (non-fast-forward)
error: failed to push some refs to 'https://github.com/Wibwubcar/Wibwub-Dashboard.git'
hint: Updates were rejected because the tip of your current branch is behind
hint: its remote counterpart. If you want to integrate the remote changes,
hint: use 'git pull' before pushing again.
hint: See the 'Note about fast-forwards' in 'git push --help' for details.
2026-07-26 04:47 pushed 18 commits
To https://github.com/Wibwubcar/Wibwub-Dashboard.git
 ! [rejected]        main -> main (non-fast-forward)
error: failed to push some refs to 'https://github.com/Wibwubcar/Wibwub-Dashboard.git'
hint: Updates were rejected because the tip of your current branch is behind
hint: its remote counterpart. If you want to integrate the remote changes,
hint: use 'git pull' before pushing again.
hint: See the 'Note about fast-forwards' in 'git push --help' for details.
2026-07-26 04:52 pushed 18 commits
To https://github.com/Wibwubcar/Wibwub-Dashboard.git
 ! [rejected]        main -> main (non-fast-forward)
error: failed to push some refs to 'https://github.com/Wibwubcar/Wibwub-Dashboard.git'
hint: Updates were rejected because the tip of your current branch is behind
hint: its remote counterpart. If you want to integrate the remote changes,
hint: use 'git pull' before pushing again.
hint: See the 'Note about fast-forwards' in 'git push --help' for details.
2026-07-26 04:57 pushed 18 commits
To https://github.com/Wibwubcar/Wibwub-Dashboard.git
 ! [rejected]        main -> main (non-fast-forward)
error: failed to push some refs to 'https://github.com/Wibwubcar/Wibwub-Dashboard.git'
hint: Updates were rejected because the tip of your current branch is behind
hint: its remote counterpart. If you want to integrate the remote changes,
hint: use 'git pull' before pushing again.
hint: See the 'Note about fast-forwards' in 'git push --help' for details.
2026-07-26 05:02 pushed 18 commits
To https://github.com/Wibwubcar/Wibwub-Dashboard.git
 ! [rejected]        main -> main (non-fast-forward)
error: failed to push some refs to 'https://github.com/Wibwubcar/Wibwub-Dashboard.git'
hint: Updates were rejected because the tip of your current branch is behind
hint: its remote counterpart. If you want to integrate the remote changes,
hint: use 'git pull' before pushing again.
hint: See the 'Note about fast-forwards' in 'git push --help' for details.
2026-07-26 05:07 pushed 18 commits
To https://github.com/Wibwubcar/Wibwub-Dashboard.git
 ! [rejected]        main -> main (non-fast-forward)
error: failed to push some refs to 'https://github.com/Wibwubcar/Wibwub-Dashboard.git'
hint: Updates were rejected because the tip of your current branch is behind
hint: its remote counterpart. If you want to integrate the remote changes,
hint: use 'git pull' before pushing again.
hint: See the 'Note about fast-forwards' in 'git push --help' for details.
2026-07-26 05:12 pushed 18 commits
To https://github.com/Wibwubcar/Wibwub-Dashboard.git
 ! [rejected]        main -> main (non-fast-forward)
error: failed to push some refs to 'https://github.com/Wibwubcar/Wibwub-Dashboard.git'
hint: Updates were rejected because the tip of your current branch is behind
hint: its remote counterpart. If you want to integrate the remote changes,
hint: use 'git pull' before pushing again.
hint: See the 'Note about fast-forwards' in 'git push --help' for details.
2026-07-26 05:17 pushed 18 commits
To https://github.com/Wibwubcar/Wibwub-Dashboard.git
 ! [rejected]        main -> main (non-fast-forward)
error: failed to push some refs to 'https://github.com/Wibwubcar/Wibwub-Dashboard.git'
hint: Updates were rejected because the tip of your current branch is behind
hint: its remote counterpart. If you want to integrate the remote changes,
hint: use 'git pull' before pushing again.
hint: See the 'Note about fast-forwards' in 'git push --help' for details.
2026-07-26 05:22 pushed 18 commits
To https://github.com/Wibwubcar/Wibwub-Dashboard.git
 ! [rejected]        main -> main (non-fast-forward)
error: failed to push some refs to 'https://github.com/Wibwubcar/Wibwub-Dashboard.git'
hint: Updates were rejected because the tip of your current branch is behind
hint: its remote counterpart. If you want to integrate the remote changes,
hint: use 'git pull' before pushing again.
hint: See the 'Note about fast-forwards' in 'git push --help' for details.
2026-07-26 05:27 pushed 18 commits
To https://github.com/Wibwubcar/Wibwub-Dashboard.git
 ! [rejected]        main -> main (non-fast-forward)
error: failed to push some refs to 'https://github.com/Wibwubcar/Wibwub-Dashboard.git'
hint: Updates were rejected because the tip of your current branch is behind
hint: its remote counterpart. If you want to integrate the remote changes,
hint: use 'git pull' before pushing again.
hint: See the 'Note about fast-forwards' in 'git push --help' for details.
2026-07-26 05:32 pushed 18 commits
To https://github.com/Wibwubcar/Wibwub-Dashboard.git
 ! [rejected]        main -> main (non-fast-forward)
error: failed to push some refs to 'https://github.com/Wibwubcar/Wibwub-Dashboard.git'
hint: Updates were rejected because the tip of your current branch is behind
hint: its remote counterpart. If you want to integrate the remote changes,
hint: use 'git pull' before pushing again.
hint: See the 'Note about fast-forwards' in 'git push --help' for details.
2026-07-26 05:38 pushed 18 commits
To https://github.com/Wibwubcar/Wibwub-Dashboard.git
 ! [rejected]        main -> main (non-fast-forward)
error: failed to push some refs to 'https://github.com/Wibwubcar/Wibwub-Dashboard.git'
hint: Updates were rejected because the tip of your current branch is behind
hint: its remote counterpart. If you want to integrate the remote changes,
hint: use 'git pull' before pushing again.
hint: See the 'Note about fast-forwards' in 'git push --help' for details.
2026-07-26 05:43 pushed 18 commits
To https://github.com/Wibwubcar/Wibwub-Dashboard.git
 ! [rejected]        main -> main (non-fast-forward)
error: failed to push some refs to 'https://github.com/Wibwubcar/Wibwub-Dashboard.git'
hint: Updates were rejected because the tip of your current branch is behind
hint: its remote counterpart. If you want to integrate the remote changes,
hint: use 'git pull' before pushing again.
hint: See the 'Note about fast-forwards' in 'git push --help' for details.
2026-07-26 05:48 pushed 18 commits
To https://github.com/Wibwubcar/Wibwub-Dashboard.git
 ! [rejected]        main -> main (non-fast-forward)
error: failed to push some refs to 'https://github.com/Wibwubcar/Wibwub-Dashboard.git'
hint: Updates were rejected because the tip of your current branch is behind
hint: its remote counterpart. If you want to integrate the remote changes,
hint: use 'git pull' before pushing again.
hint: See the 'Note about fast-forwards' in 'git push --help' for details.
2026-07-26 05:53 pushed 18 commits
To https://github.com/Wibwubcar/Wibwub-Dashboard.git
 ! [rejected]        main -> main (non-fast-forward)
error: failed to push some refs to 'https://github.com/Wibwubcar/Wibwub-Dashboard.git'
hint: Updates were rejected because the tip of your current branch is behind
hint: its remote counterpart. If you want to integrate the remote changes,
hint: use 'git pull' before pushing again.
hint: See the 'Note about fast-forwards' in 'git push --help' for details.
2026-07-26 05:58 pushed 18 commits
To https://github.com/Wibwubcar/Wibwub-Dashboard.git
 ! [rejected]        main -> main (non-fast-forward)
error: failed to push some refs to 'https://github.com/Wibwubcar/Wibwub-Dashboard.git'
hint: Updates were rejected because the tip of your current branch is behind
hint: its remote counterpart. If you want to integrate the remote changes,
hint: use 'git pull' before pushing again.
hint: See the 'Note about fast-forwards' in 'git push --help' for details.
2026-07-26 06:03 pushed 18 commits
To https://github.com/Wibwubcar/Wibwub-Dashboard.git
 ! [rejected]        main -> main (non-fast-forward)
error: failed to push some refs to 'https://github.com/Wibwubcar/Wibwub-Dashboard.git'
hint: Updates were rejected because the tip of your current branch is behind
hint: its remote counterpart. If you want to integrate the remote changes,
hint: use 'git pull' before pushing again.
hint: See the 'Note about fast-forwards' in 'git push --help' for details.
2026-07-26 06:08 pushed 18 commits
To https://github.com/Wibwubcar/Wibwub-Dashboard.git
 ! [rejected]        main -> main (non-fast-forward)
error: failed to push some refs to 'https://github.com/Wibwubcar/Wibwub-Dashboard.git'
hint: Updates were rejected because the tip of your current branch is behind
hint: its remote counterpart. If you want to integrate the remote changes,
hint: use 'git pull' before pushing again.
hint: See the 'Note about fast-forwards' in 'git push --help' for details.
2026-07-26 06:13 pushed 18 commits
To https://github.com/Wibwubcar/Wibwub-Dashboard.git
 ! [rejected]        main -> main (non-fast-forward)
error: failed to push some refs to 'https://github.com/Wibwubcar/Wibwub-Dashboard.git'
hint: Updates were rejected because the tip of your current branch is behind
hint: its remote counterpart. If you want to integrate the remote changes,
hint: use 'git pull' before pushing again.
hint: See the 'Note about fast-forwards' in 'git push --help' for details.
2026-07-26 06:18 pushed 18 commits
To https://github.com/Wibwubcar/Wibwub-Dashboard.git
 ! [rejected]        main -> main (non-fast-forward)
error: failed to push some refs to 'https://github.com/Wibwubcar/Wibwub-Dashboard.git'
hint: Updates were rejected because the tip of your current branch is behind
hint: its remote counterpart. If you want to integrate the remote changes,
hint: use 'git pull' before pushing again.
hint: See the 'Note about fast-forwards' in 'git push --help' for details.
2026-07-26 06:23 pushed 18 commits
To https://github.com/Wibwubcar/Wibwub-Dashboard.git
 ! [rejected]        main -> main (non-fast-forward)
error: failed to push some refs to 'https://github.com/Wibwubcar/Wibwub-Dashboard.git'
hint: Updates were rejected because the tip of your current branch is behind
hint: its remote counterpart. If you want to integrate the remote changes,
hint: use 'git pull' before pushing again.
hint: See the 'Note about fast-forwards' in 'git push --help' for details.
2026-07-26 06:28 pushed 18 commits
To https://github.com/Wibwubcar/Wibwub-Dashboard.git
 ! [rejected]        main -> main (non-fast-forward)
error: failed to push some refs to 'https://github.com/Wibwubcar/Wibwub-Dashboard.git'
hint: Updates were rejected because the tip of your current branch is behind
hint: its remote counterpart. If you want to integrate the remote changes,
hint: use 'git pull' before pushing again.
hint: See the 'Note about fast-forwards' in 'git push --help' for details.
2026-07-26 06:33 pushed 18 commits
To https://github.com/Wibwubcar/Wibwub-Dashboard.git
 ! [rejected]        main -> main (non-fast-forward)
error: failed to push some refs to 'https://github.com/Wibwubcar/Wibwub-Dashboard.git'
hint: Updates were rejected because the tip of your current branch is behind
hint: its remote counterpart. If you want to integrate the remote changes,
hint: use 'git pull' before pushing again.
hint: See the 'Note about fast-forwards' in 'git push --help' for details.
2026-07-26 06:38 pushed 18 commits
To https://github.com/Wibwubcar/Wibwub-Dashboard.git
 ! [rejected]        main -> main (non-fast-forward)
error: failed to push some refs to 'https://github.com/Wibwubcar/Wibwub-Dashboard.git'
hint: Updates were rejected because the tip of your current branch is behind
hint: its remote counterpart. If you want to integrate the remote changes,
hint: use 'git pull' before pushing again.
hint: See the 'Note about fast-forwards' in 'git push --help' for details.
2026-07-26 06:43 pushed 18 commits
To https://github.com/Wibwubcar/Wibwub-Dashboard.git
 ! [rejected]        main -> main (non-fast-forward)
error: failed to push some refs to 'https://github.com/Wibwubcar/Wibwub-Dashboard.git'
hint: Updates were rejected because the tip of your current branch is behind
hint: its remote counterpart. If you want to integrate the remote changes,
hint: use 'git pull' before pushing again.
hint: See the 'Note about fast-forwards' in 'git push --help' for details.
2026-07-26 06:48 pushed 18 commits
To https://github.com/Wibwubcar/Wibwub-Dashboard.git
 ! [rejected]        main -> main (non-fast-forward)
error: failed to push some refs to 'https://github.com/Wibwubcar/Wibwub-Dashboard.git'
hint: Updates were rejected because the tip of your current branch is behind
hint: its remote counterpart. If you want to integrate the remote changes,
hint: use 'git pull' before pushing again.
hint: See the 'Note about fast-forwards' in 'git push --help' for details.
2026-07-26 06:53 pushed 18 commits
To https://github.com/Wibwubcar/Wibwub-Dashboard.git
 ! [rejected]        main -> main (non-fast-forward)
error: failed to push some refs to 'https://github.com/Wibwubcar/Wibwub-Dashboard.git'
hint: Updates were rejected because the tip of your current branch is behind
hint: its remote counterpart. If you want to integrate the remote changes,
hint: use 'git pull' before pushing again.
hint: See the 'Note about fast-forwards' in 'git push --help' for details.
2026-07-26 06:58 pushed 18 commits
To https://github.com/Wibwubcar/Wibwub-Dashboard.git
 ! [rejected]        main -> main (non-fast-forward)
error: failed to push some refs to 'https://github.com/Wibwubcar/Wibwub-Dashboard.git'
hint: Updates were rejected because the tip of your current branch is behind
hint: its remote counterpart. If you want to integrate the remote changes,
hint: use 'git pull' before pushing again.
hint: See the 'Note about fast-forwards' in 'git push --help' for details.
2026-07-26 07:03 pushed 18 commits
To https://github.com/Wibwubcar/Wibwub-Dashboard.git
 ! [rejected]        main -> main (non-fast-forward)
error: failed to push some refs to 'https://github.com/Wibwubcar/Wibwub-Dashboard.git'
hint: Updates were rejected because the tip of your current branch is behind
hint: its remote counterpart. If you want to integrate the remote changes,
hint: use 'git pull' before pushing again.
hint: See the 'Note about fast-forwards' in 'git push --help' for details.
2026-07-26 07:08 pushed 18 commits
To https://github.com/Wibwubcar/Wibwub-Dashboard.git
 ! [rejected]        main -> main (non-fast-forward)
error: failed to push some refs to 'https://github.com/Wibwubcar/Wibwub-Dashboard.git'
hint: Updates were rejected because the tip of your current branch is behind
hint: its remote counterpart. If you want to integrate the remote changes,
hint: use 'git pull' before pushing again.
hint: See the 'Note about fast-forwards' in 'git push --help' for details.
2026-07-26 07:13 pushed 18 commits
To https://github.com/Wibwubcar/Wibwub-Dashboard.git
 ! [rejected]        main -> main (non-fast-forward)
error: failed to push some refs to 'https://github.com/Wibwubcar/Wibwub-Dashboard.git'
hint: Updates were rejected because the tip of your current branch is behind
hint: its remote counterpart. If you want to integrate the remote changes,
hint: use 'git pull' before pushing again.
hint: See the 'Note about fast-forwards' in 'git push --help' for details.
2026-07-26 07:18 pushed 18 commits
To https://github.com/Wibwubcar/Wibwub-Dashboard.git
 ! [rejected]        main -> main (non-fast-forward)
error: failed to push some refs to 'https://github.com/Wibwubcar/Wibwub-Dashboard.git'
hint: Updates were rejected because the tip of your current branch is behind
hint: its remote counterpart. If you want to integrate the remote changes,
hint: use 'git pull' before pushing again.
hint: See the 'Note about fast-forwards' in 'git push --help' for details.
2026-07-26 07:23 pushed 18 commits
To https://github.com/Wibwubcar/Wibwub-Dashboard.git
 ! [rejected]        main -> main (non-fast-forward)
error: failed to push some refs to 'https://github.com/Wibwubcar/Wibwub-Dashboard.git'
hint: Updates were rejected because the tip of your current branch is behind
hint: its remote counterpart. If you want to integrate the remote changes,
hint: use 'git pull' before pushing again.
hint: See the 'Note about fast-forwards' in 'git push --help' for details.
2026-07-26 07:28 pushed 18 commits
To https://github.com/Wibwubcar/Wibwub-Dashboard.git
 ! [rejected]        main -> main (non-fast-forward)
error: failed to push some refs to 'https://github.com/Wibwubcar/Wibwub-Dashboard.git'
hint: Updates were rejected because the tip of your current branch is behind
hint: its remote counterpart. If you want to integrate the remote changes,
hint: use 'git pull' before pushing again.
hint: See the 'Note about fast-forwards' in 'git push --help' for details.
2026-07-26 07:33 pushed 18 commits
To https://github.com/Wibwubcar/Wibwub-Dashboard.git
 ! [rejected]        main -> main (non-fast-forward)
error: failed to push some refs to 'https://github.com/Wibwubcar/Wibwub-Dashboard.git'
hint: Updates were rejected because the tip of your current branch is behind
hint: its remote counterpart. If you want to integrate the remote changes,
hint: use 'git pull' before pushing again.
hint: See the 'Note about fast-forwards' in 'git push --help' for details.
2026-07-26 07:38 pushed 18 commits
To https://github.com/Wibwubcar/Wibwub-Dashboard.git
 ! [rejected]        main -> main (non-fast-forward)
error: failed to push some refs to 'https://github.com/Wibwubcar/Wibwub-Dashboard.git'
hint: Updates were rejected because the tip of your current branch is behind
hint: its remote counterpart. If you want to integrate the remote changes,
hint: use 'git pull' before pushing again.
hint: See the 'Note about fast-forwards' in 'git push --help' for details.
2026-07-26 07:43 pushed 18 commits
To https://github.com/Wibwubcar/Wibwub-Dashboard.git
 ! [rejected]        main -> main (non-fast-forward)
error: failed to push some refs to 'https://github.com/Wibwubcar/Wibwub-Dashboard.git'
hint: Updates were rejected because the tip of your current branch is behind
hint: its remote counterpart. If you want to integrate the remote changes,
hint: use 'git pull' before pushing again.
hint: See the 'Note about fast-forwards' in 'git push --help' for details.
2026-07-26 07:48 pushed 18 commits
To https://github.com/Wibwubcar/Wibwub-Dashboard.git
 ! [rejected]        main -> main (non-fast-forward)
error: failed to push some refs to 'https://github.com/Wibwubcar/Wibwub-Dashboard.git'
hint: Updates were rejected because the tip of your current branch is behind
hint: its remote counterpart. If you want to integrate the remote changes,
hint: use 'git pull' before pushing again.
hint: See the 'Note about fast-forwards' in 'git push --help' for details.
2026-07-26 07:53 pushed 18 commits
To https://github.com/Wibwubcar/Wibwub-Dashboard.git
 ! [rejected]        main -> main (non-fast-forward)
error: failed to push some refs to 'https://github.com/Wibwubcar/Wibwub-Dashboard.git'
hint: Updates were rejected because the tip of your current branch is behind
hint: its remote counterpart. If you want to integrate the remote changes,
hint: use 'git pull' before pushing again.
hint: See the 'Note about fast-forwards' in 'git push --help' for details.
2026-07-26 07:58 pushed 18 commits
To https://github.com/Wibwubcar/Wibwub-Dashboard.git
 ! [rejected]        main -> main (non-fast-forward)
error: failed to push some refs to 'https://github.com/Wibwubcar/Wibwub-Dashboard.git'
hint: Updates were rejected because the tip of your current branch is behind
hint: its remote counterpart. If you want to integrate the remote changes,
hint: use 'git pull' before pushing again.
hint: See the 'Note about fast-forwards' in 'git push --help' for details.
2026-07-26 08:03 pushed 18 commits
To https://github.com/Wibwubcar/Wibwub-Dashboard.git
 ! [rejected]        main -> main (non-fast-forward)
error: failed to push some refs to 'https://github.com/Wibwubcar/Wibwub-Dashboard.git'
hint: Updates were rejected because the tip of your current branch is behind
hint: its remote counterpart. If you want to integrate the remote changes,
hint: use 'git pull' before pushing again.
hint: See the 'Note about fast-forwards' in 'git push --help' for details.
2026-07-26 08:08 pushed 18 commits
To https://github.com/Wibwubcar/Wibwub-Dashboard.git
 ! [rejected]        main -> main (non-fast-forward)
error: failed to push some refs to 'https://github.com/Wibwubcar/Wibwub-Dashboard.git'
hint: Updates were rejected because the tip of your current branch is behind
hint: its remote counterpart. If you want to integrate the remote changes,
hint: use 'git pull' before pushing again.
hint: See the 'Note about fast-forwards' in 'git push --help' for details.
2026-07-26 08:13 pushed 18 commits
To https://github.com/Wibwubcar/Wibwub-Dashboard.git
 ! [rejected]        main -> main (non-fast-forward)
error: failed to push some refs to 'https://github.com/Wibwubcar/Wibwub-Dashboard.git'
hint: Updates were rejected because the tip of your current branch is behind
hint: its remote counterpart. If you want to integrate the remote changes,
hint: use 'git pull' before pushing again.
hint: See the 'Note about fast-forwards' in 'git push --help' for details.
2026-07-26 08:18 pushed 18 commits
To https://github.com/Wibwubcar/Wibwub-Dashboard.git
 ! [rejected]        main -> main (non-fast-forward)
error: failed to push some refs to 'https://github.com/Wibwubcar/Wibwub-Dashboard.git'
hint: Updates were rejected because the tip of your current branch is behind
hint: its remote counterpart. If you want to integrate the remote changes,
hint: use 'git pull' before pushing again.
hint: See the 'Note about fast-forwards' in 'git push --help' for details.
2026-07-26 08:23 pushed 18 commits
To https://github.com/Wibwubcar/Wibwub-Dashboard.git
 ! [rejected]        main -> main (non-fast-forward)
error: failed to push some refs to 'https://github.com/Wibwubcar/Wibwub-Dashboard.git'
hint: Updates were rejected because the tip of your current branch is behind
hint: its remote counterpart. If you want to integrate the remote changes,
hint: use 'git pull' before pushing again.
hint: See the 'Note about fast-forwards' in 'git push --help' for details.
2026-07-26 08:28 pushed 18 commits
To https://github.com/Wibwubcar/Wibwub-Dashboard.git
 ! [rejected]        main -> main (non-fast-forward)
error: failed to push some refs to 'https://github.com/Wibwubcar/Wibwub-Dashboard.git'
hint: Updates were rejected because the tip of your current branch is behind
hint: its remote counterpart. If you want to integrate the remote changes,
hint: use 'git pull' before pushing again.
hint: See the 'Note about fast-forwards' in 'git push --help' for details.
2026-07-26 08:33 pushed 18 commits
To https://github.com/Wibwubcar/Wibwub-Dashboard.git
 ! [rejected]        main -> main (non-fast-forward)
error: failed to push some refs to 'https://github.com/Wibwubcar/Wibwub-Dashboard.git'
hint: Updates were rejected because the tip of your current branch is behind
hint: its remote counterpart. If you want to integrate the remote changes,
hint: use 'git pull' before pushing again.
hint: See the 'Note about fast-forwards' in 'git push --help' for details.
2026-07-26 08:38 pushed 18 commits
To https://github.com/Wibwubcar/Wibwub-Dashboard.git
 ! [rejected]        main -> main (non-fast-forward)
error: failed to push some refs to 'https://github.com/Wibwubcar/Wibwub-Dashboard.git'
hint: Updates were rejected because the tip of your current branch is behind
hint: its remote counterpart. If you want to integrate the remote changes,
hint: use 'git pull' before pushing again.
hint: See the 'Note about fast-forwards' in 'git push --help' for details.
2026-07-26 08:43 pushed 18 commits
To https://github.com/Wibwubcar/Wibwub-Dashboard.git
 ! [rejected]        main -> main (non-fast-forward)
error: failed to push some refs to 'https://github.com/Wibwubcar/Wibwub-Dashboard.git'
hint: Updates were rejected because the tip of your current branch is behind
hint: its remote counterpart. If you want to integrate the remote changes,
hint: use 'git pull' before pushing again.
hint: See the 'Note about fast-forwards' in 'git push --help' for details.
2026-07-26 08:48 pushed 18 commits
To https://github.com/Wibwubcar/Wibwub-Dashboard.git
 ! [rejected]        main -> main (non-fast-forward)
error: failed to push some refs to 'https://github.com/Wibwubcar/Wibwub-Dashboard.git'
hint: Updates were rejected because the tip of your current branch is behind
hint: its remote counterpart. If you want to integrate the remote changes,
hint: use 'git pull' before pushing again.
hint: See the 'Note about fast-forwards' in 'git push --help' for details.
2026-07-26 08:53 pushed 18 commits
To https://github.com/Wibwubcar/Wibwub-Dashboard.git
 ! [rejected]        main -> main (non-fast-forward)
error: failed to push some refs to 'https://github.com/Wibwubcar/Wibwub-Dashboard.git'
hint: Updates were rejected because the tip of your current branch is behind
hint: its remote counterpart. If you want to integrate the remote changes,
hint: use 'git pull' before pushing again.
hint: See the 'Note about fast-forwards' in 'git push --help' for details.
2026-07-26 08:58 pushed 18 commits
To https://github.com/Wibwubcar/Wibwub-Dashboard.git
 ! [rejected]        main -> main (non-fast-forward)
error: failed to push some refs to 'https://github.com/Wibwubcar/Wibwub-Dashboard.git'
hint: Updates were rejected because the tip of your current branch is behind
hint: its remote counterpart. If you want to integrate the remote changes,
hint: use 'git pull' before pushing again.
hint: See the 'Note about fast-forwards' in 'git push --help' for details.
2026-07-26 09:03 pushed 18 commits
To https://github.com/Wibwubcar/Wibwub-Dashboard.git
 ! [rejected]        main -> main (non-fast-forward)
error: failed to push some refs to 'https://github.com/Wibwubcar/Wibwub-Dashboard.git'
hint: Updates were rejected because the tip of your current branch is behind
hint: its remote counterpart. If you want to integrate the remote changes,
hint: use 'git pull' before pushing again.
hint: See the 'Note about fast-forwards' in 'git push --help' for details.
2026-07-26 09:09 pushed 19 commits
To https://github.com/Wibwubcar/Wibwub-Dashboard.git
 ! [rejected]        main -> main (non-fast-forward)
error: failed to push some refs to 'https://github.com/Wibwubcar/Wibwub-Dashboard.git'
hint: Updates were rejected because the tip of your current branch is behind
hint: its remote counterpart. If you want to integrate the remote changes,
hint: use 'git pull' before pushing again.
hint: See the 'Note about fast-forwards' in 'git push --help' for details.
2026-07-26 09:14 pushed 19 commits
To https://github.com/Wibwubcar/Wibwub-Dashboard.git
 ! [rejected]        main -> main (non-fast-forward)
error: failed to push some refs to 'https://github.com/Wibwubcar/Wibwub-Dashboard.git'
hint: Updates were rejected because the tip of your current branch is behind
hint: its remote counterpart. If you want to integrate the remote changes,
hint: use 'git pull' before pushing again.
hint: See the 'Note about fast-forwards' in 'git push --help' for details.
2026-07-26 09:19 pushed 19 commits
To https://github.com/Wibwubcar/Wibwub-Dashboard.git
 ! [rejected]        main -> main (non-fast-forward)
error: failed to push some refs to 'https://github.com/Wibwubcar/Wibwub-Dashboard.git'
hint: Updates were rejected because the tip of your current branch is behind
hint: its remote counterpart. If you want to integrate the remote changes,
hint: use 'git pull' before pushing again.
hint: See the 'Note about fast-forwards' in 'git push --help' for details.
2026-07-26 09:24 pushed 19 commits
To https://github.com/Wibwubcar/Wibwub-Dashboard.git
 ! [rejected]        main -> main (non-fast-forward)
error: failed to push some refs to 'https://github.com/Wibwubcar/Wibwub-Dashboard.git'
hint: Updates were rejected because the tip of your current branch is behind
hint: its remote counterpart. If you want to integrate the remote changes,
hint: use 'git pull' before pushing again.
hint: See the 'Note about fast-forwards' in 'git push --help' for details.
2026-07-26 09:29 pushed 19 commits
To https://github.com/Wibwubcar/Wibwub-Dashboard.git
 ! [rejected]        main -> main (non-fast-forward)
error: failed to push some refs to 'https://github.com/Wibwubcar/Wibwub-Dashboard.git'
hint: Updates were rejected because the tip of your current branch is behind
hint: its remote counterpart. If you want to integrate the remote changes,
hint: use 'git pull' before pushing again.
hint: See the 'Note about fast-forwards' in 'git push --help' for details.
2026-07-26 09:34 pushed 19 commits
To https://github.com/Wibwubcar/Wibwub-Dashboard.git
 ! [rejected]        main -> main (non-fast-forward)
error: failed to push some refs to 'https://github.com/Wibwubcar/Wibwub-Dashboard.git'
hint: Updates were rejected because the tip of your current branch is behind
hint: its remote counterpart. If you want to integrate the remote changes,
hint: use 'git pull' before pushing again.
hint: See the 'Note about fast-forwards' in 'git push --help' for details.
2026-07-26 09:39 pushed 19 commits
To https://github.com/Wibwubcar/Wibwub-Dashboard.git
 ! [rejected]        main -> main (non-fast-forward)
error: failed to push some refs to 'https://github.com/Wibwubcar/Wibwub-Dashboard.git'
hint: Updates were rejected because the tip of your current branch is behind
hint: its remote counterpart. If you want to integrate the remote changes,
hint: use 'git pull' before pushing again.
hint: See the 'Note about fast-forwards' in 'git push --help' for details.
2026-07-26 09:44 pushed 20 commits
To https://github.com/Wibwubcar/Wibwub-Dashboard.git
 ! [rejected]        main -> main (non-fast-forward)
error: failed to push some refs to 'https://github.com/Wibwubcar/Wibwub-Dashboard.git'
hint: Updates were rejected because the tip of your current branch is behind
hint: its remote counterpart. If you want to integrate the remote changes,
hint: use 'git pull' before pushing again.
hint: See the 'Note about fast-forwards' in 'git push --help' for details.
2026-07-26 09:49 pushed 20 commits
To https://github.com/Wibwubcar/Wibwub-Dashboard.git
 ! [rejected]        main -> main (non-fast-forward)
error: failed to push some refs to 'https://github.com/Wibwubcar/Wibwub-Dashboard.git'
hint: Updates were rejected because the tip of your current branch is behind
hint: its remote counterpart. If you want to integrate the remote changes,
hint: use 'git pull' before pushing again.
hint: See the 'Note about fast-forwards' in 'git push --help' for details.
2026-07-26 09:54 pushed 20 commits
To https://github.com/Wibwubcar/Wibwub-Dashboard.git
 ! [rejected]        main -> main (non-fast-forward)
error: failed to push some refs to 'https://github.com/Wibwubcar/Wibwub-Dashboard.git'
hint: Updates were rejected because the tip of your current branch is behind
hint: its remote counterpart. If you want to integrate the remote changes,
hint: use 'git pull' before pushing again.
hint: See the 'Note about fast-forwards' in 'git push --help' for details.
2026-07-26 09:59 pushed 20 commits
To https://github.com/Wibwubcar/Wibwub-Dashboard.git
 ! [rejected]        main -> main (non-fast-forward)
error: failed to push some refs to 'https://github.com/Wibwubcar/Wibwub-Dashboard.git'
hint: Updates were rejected because the tip of your current branch is behind
hint: its remote counterpart. If you want to integrate the remote changes,
hint: use 'git pull' before pushing again.
hint: See the 'Note about fast-forwards' in 'git push --help' for details.
2026-07-26 10:04 pushed 20 commits
To https://github.com/Wibwubcar/Wibwub-Dashboard.git
 ! [rejected]        main -> main (non-fast-forward)
error: failed to push some refs to 'https://github.com/Wibwubcar/Wibwub-Dashboard.git'
hint: Updates were rejected because the tip of your current branch is behind
hint: its remote counterpart. If you want to integrate the remote changes,
hint: use 'git pull' before pushing again.
hint: See the 'Note about fast-forwards' in 'git push --help' for details.
2026-07-26 10:09 pushed 20 commits
To https://github.com/Wibwubcar/Wibwub-Dashboard.git
 ! [rejected]        main -> main (non-fast-forward)
error: failed to push some refs to 'https://github.com/Wibwubcar/Wibwub-Dashboard.git'
hint: Updates were rejected because the tip of your current branch is behind
hint: its remote counterpart. If you want to integrate the remote changes,
hint: use 'git pull' before pushing again.
hint: See the 'Note about fast-forwards' in 'git push --help' for details.
2026-07-26 10:14 pushed 20 commits
To https://github.com/Wibwubcar/Wibwub-Dashboard.git
 ! [rejected]        main -> main (non-fast-forward)
error: failed to push some refs to 'https://github.com/Wibwubcar/Wibwub-Dashboard.git'
hint: Updates were rejected because the tip of your current branch is behind
hint: its remote counterpart. If you want to integrate the remote changes,
hint: use 'git pull' before pushing again.
hint: See the 'Note about fast-forwards' in 'git push --help' for details.
2026-07-26 10:19 pushed 20 commits
To https://github.com/Wibwubcar/Wibwub-Dashboard.git
 ! [rejected]        main -> main (non-fast-forward)
error: failed to push some refs to 'https://github.com/Wibwubcar/Wibwub-Dashboard.git'
hint: Updates were rejected because the tip of your current branch is behind
hint: its remote counterpart. If you want to integrate the remote changes,
hint: use 'git pull' before pushing again.
hint: See the 'Note about fast-forwards' in 'git push --help' for details.
2026-07-26 10:24 pushed 20 commits
To https://github.com/Wibwubcar/Wibwub-Dashboard.git
 ! [rejected]        main -> main (non-fast-forward)
error: failed to push some refs to 'https://github.com/Wibwubcar/Wibwub-Dashboard.git'
hint: Updates were rejected because the tip of your current branch is behind
hint: its remote counterpart. If you want to integrate the remote changes,
hint: use 'git pull' before pushing again.
hint: See the 'Note about fast-forwards' in 'git push --help' for details.
2026-07-26 10:29 pushed 20 commits
To https://github.com/Wibwubcar/Wibwub-Dashboard.git
 ! [rejected]        main -> main (non-fast-forward)
error: failed to push some refs to 'https://github.com/Wibwubcar/Wibwub-Dashboard.git'
hint: Updates were rejected because the tip of your current branch is behind
hint: its remote counterpart. If you want to integrate the remote changes,
hint: use 'git pull' before pushing again.
hint: See the 'Note about fast-forwards' in 'git push --help' for details.
2026-07-26 10:34 pushed 20 commits
To https://github.com/Wibwubcar/Wibwub-Dashboard.git
 ! [rejected]        main -> main (non-fast-forward)
error: failed to push some refs to 'https://github.com/Wibwubcar/Wibwub-Dashboard.git'
hint: Updates were rejected because the tip of your current branch is behind
hint: its remote counterpart. If you want to integrate the remote changes,
hint: use 'git pull' before pushing again.
hint: See the 'Note about fast-forwards' in 'git push --help' for details.
2026-07-26 10:39 pushed 21 commits
To https://github.com/Wibwubcar/Wibwub-Dashboard.git
 ! [rejected]        main -> main (non-fast-forward)
error: failed to push some refs to 'https://github.com/Wibwubcar/Wibwub-Dashboard.git'
hint: Updates were rejected because the tip of your current branch is behind
hint: its remote counterpart. If you want to integrate the remote changes,
hint: use 'git pull' before pushing again.
hint: See the 'Note about fast-forwards' in 'git push --help' for details.
2026-07-26 10:44 pushed 21 commits
To https://github.com/Wibwubcar/Wibwub-Dashboard.git
 ! [rejected]        main -> main (non-fast-forward)
error: failed to push some refs to 'https://github.com/Wibwubcar/Wibwub-Dashboard.git'
hint: Updates were rejected because the tip of your current branch is behind
hint: its remote counterpart. If you want to integrate the remote changes,
hint: use 'git pull' before pushing again.
hint: See the 'Note about fast-forwards' in 'git push --help' for details.
2026-07-26 10:49 pushed 21 commits
To https://github.com/Wibwubcar/Wibwub-Dashboard.git
 ! [rejected]        main -> main (non-fast-forward)
error: failed to push some refs to 'https://github.com/Wibwubcar/Wibwub-Dashboard.git'
hint: Updates were rejected because the tip of your current branch is behind
hint: its remote counterpart. If you want to integrate the remote changes,
hint: use 'git pull' before pushing again.
hint: See the 'Note about fast-forwards' in 'git push --help' for details.
2026-07-26 10:54 pushed 21 commits
To https://github.com/Wibwubcar/Wibwub-Dashboard.git
 ! [rejected]        main -> main (non-fast-forward)
error: failed to push some refs to 'https://github.com/Wibwubcar/Wibwub-Dashboard.git'
hint: Updates were rejected because the tip of your current branch is behind
hint: its remote counterpart. If you want to integrate the remote changes,
hint: use 'git pull' before pushing again.
hint: See the 'Note about fast-forwards' in 'git push --help' for details.
2026-07-26 10:59 pushed 21 commits
To https://github.com/Wibwubcar/Wibwub-Dashboard.git
 ! [rejected]        main -> main (non-fast-forward)
error: failed to push some refs to 'https://github.com/Wibwubcar/Wibwub-Dashboard.git'
hint: Updates were rejected because the tip of your current branch is behind
hint: its remote counterpart. If you want to integrate the remote changes,
hint: use 'git pull' before pushing again.
hint: See the 'Note about fast-forwards' in 'git push --help' for details.
2026-07-26 11:04 pushed 21 commits
To https://github.com/Wibwubcar/Wibwub-Dashboard.git
 ! [rejected]        main -> main (non-fast-forward)
error: failed to push some refs to 'https://github.com/Wibwubcar/Wibwub-Dashboard.git'
hint: Updates were rejected because the tip of your current branch is behind
hint: its remote counterpart. If you want to integrate the remote changes,
hint: use 'git pull' before pushing again.
hint: See the 'Note about fast-forwards' in 'git push --help' for details.
2026-07-26 11:09 pushed 21 commits
To https://github.com/Wibwubcar/Wibwub-Dashboard.git
 ! [rejected]        main -> main (non-fast-forward)
error: failed to push some refs to 'https://github.com/Wibwubcar/Wibwub-Dashboard.git'
hint: Updates were rejected because the tip of your current branch is behind
hint: its remote counterpart. If you want to integrate the remote changes,
hint: use 'git pull' before pushing again.
hint: See the 'Note about fast-forwards' in 'git push --help' for details.
2026-07-26 11:14 pushed 21 commits
To https://github.com/Wibwubcar/Wibwub-Dashboard.git
 ! [rejected]        main -> main (non-fast-forward)
error: failed to push some refs to 'https://github.com/Wibwubcar/Wibwub-Dashboard.git'
hint: Updates were rejected because the tip of your current branch is behind
hint: its remote counterpart. If you want to integrate the remote changes,
hint: use 'git pull' before pushing again.
hint: See the 'Note about fast-forwards' in 'git push --help' for details.
2026-07-26 11:19 pushed 21 commits
To https://github.com/Wibwubcar/Wibwub-Dashboard.git
 ! [rejected]        main -> main (non-fast-forward)
error: failed to push some refs to 'https://github.com/Wibwubcar/Wibwub-Dashboard.git'
hint: Updates were rejected because the tip of your current branch is behind
hint: its remote counterpart. If you want to integrate the remote changes,
hint: use 'git pull' before pushing again.
hint: See the 'Note about fast-forwards' in 'git push --help' for details.
2026-07-26 11:24 pushed 21 commits
To https://github.com/Wibwubcar/Wibwub-Dashboard.git
 ! [rejected]        main -> main (non-fast-forward)
error: failed to push some refs to 'https://github.com/Wibwubcar/Wibwub-Dashboard.git'
hint: Updates were rejected because the tip of your current branch is behind
hint: its remote counterpart. If you want to integrate the remote changes,
hint: use 'git pull' before pushing again.
hint: See the 'Note about fast-forwards' in 'git push --help' for details.
2026-07-26 11:29 pushed 21 commits
To https://github.com/Wibwubcar/Wibwub-Dashboard.git
 ! [rejected]        main -> main (non-fast-forward)
error: failed to push some refs to 'https://github.com/Wibwubcar/Wibwub-Dashboard.git'
hint: Updates were rejected because the tip of your current branch is behind
hint: its remote counterpart. If you want to integrate the remote changes,
hint: use 'git pull' before pushing again.
hint: See the 'Note about fast-forwards' in 'git push --help' for details.
2026-07-26 11:34 pushed 21 commits
To https://github.com/Wibwubcar/Wibwub-Dashboard.git
 ! [rejected]        main -> main (non-fast-forward)
error: failed to push some refs to 'https://github.com/Wibwubcar/Wibwub-Dashboard.git'
hint: Updates were rejected because the tip of your current branch is behind
hint: its remote counterpart. If you want to integrate the remote changes,
hint: use 'git pull' before pushing again.
hint: See the 'Note about fast-forwards' in 'git push --help' for details.
2026-07-26 11:39 pushed 21 commits
To https://github.com/Wibwubcar/Wibwub-Dashboard.git
 ! [rejected]        main -> main (non-fast-forward)
error: failed to push some refs to 'https://github.com/Wibwubcar/Wibwub-Dashboard.git'
hint: Updates were rejected because the tip of your current branch is behind
hint: its remote counterpart. If you want to integrate the remote changes,
hint: use 'git pull' before pushing again.
hint: See the 'Note about fast-forwards' in 'git push --help' for details.
2026-07-26 11:44 pushed 21 commits
To https://github.com/Wibwubcar/Wibwub-Dashboard.git
 ! [rejected]        main -> main (non-fast-forward)
error: failed to push some refs to 'https://github.com/Wibwubcar/Wibwub-Dashboard.git'
hint: Updates were rejected because the tip of your current branch is behind
hint: its remote counterpart. If you want to integrate the remote changes,
hint: use 'git pull' before pushing again.
hint: See the 'Note about fast-forwards' in 'git push --help' for details.
2026-07-26 11:49 pushed 21 commits
To https://github.com/Wibwubcar/Wibwub-Dashboard.git
 ! [rejected]        main -> main (non-fast-forward)
error: failed to push some refs to 'https://github.com/Wibwubcar/Wibwub-Dashboard.git'
hint: Updates were rejected because the tip of your current branch is behind
hint: its remote counterpart. If you want to integrate the remote changes,
hint: use 'git pull' before pushing again.
hint: See the 'Note about fast-forwards' in 'git push --help' for details.
2026-07-26 11:54 pushed 21 commits
To https://github.com/Wibwubcar/Wibwub-Dashboard.git
 ! [rejected]        main -> main (non-fast-forward)
error: failed to push some refs to 'https://github.com/Wibwubcar/Wibwub-Dashboard.git'
hint: Updates were rejected because the tip of your current branch is behind
hint: its remote counterpart. If you want to integrate the remote changes,
hint: use 'git pull' before pushing again.
hint: See the 'Note about fast-forwards' in 'git push --help' for details.
2026-07-26 11:59 pushed 21 commits
To https://github.com/Wibwubcar/Wibwub-Dashboard.git
 ! [rejected]        main -> main (non-fast-forward)
error: failed to push some refs to 'https://github.com/Wibwubcar/Wibwub-Dashboard.git'
hint: Updates were rejected because the tip of your current branch is behind
hint: its remote counterpart. If you want to integrate the remote changes,
hint: use 'git pull' before pushing again.
hint: See the 'Note about fast-forwards' in 'git push --help' for details.
2026-07-26 12:04 pushed 21 commits
To https://github.com/Wibwubcar/Wibwub-Dashboard.git
 ! [rejected]        main -> main (non-fast-forward)
error: failed to push some refs to 'https://github.com/Wibwubcar/Wibwub-Dashboard.git'
hint: Updates were rejected because the tip of your current branch is behind
hint: its remote counterpart. If you want to integrate the remote changes,
hint: use 'git pull' before pushing again.
hint: See the 'Note about fast-forwards' in 'git push --help' for details.
2026-07-26 12:09 pushed 21 commits
To https://github.com/Wibwubcar/Wibwub-Dashboard.git
 ! [rejected]        main -> main (non-fast-forward)
error: failed to push some refs to 'https://github.com/Wibwubcar/Wibwub-Dashboard.git'
hint: Updates were rejected because the tip of your current branch is behind
hint: its remote counterpart. If you want to integrate the remote changes,
hint: use 'git pull' before pushing again.
hint: See the 'Note about fast-forwards' in 'git push --help' for details.
2026-07-26 12:14 pushed 21 commits
To https://github.com/Wibwubcar/Wibwub-Dashboard.git
 ! [rejected]        main -> main (non-fast-forward)
error: failed to push some refs to 'https://github.com/Wibwubcar/Wibwub-Dashboard.git'
hint: Updates were rejected because the tip of your current branch is behind
hint: its remote counterpart. If you want to integrate the remote changes,
hint: use 'git pull' before pushing again.
hint: See the 'Note about fast-forwards' in 'git push --help' for details.
2026-07-26 12:19 pushed 21 commits
To https://github.com/Wibwubcar/Wibwub-Dashboard.git
 ! [rejected]        main -> main (non-fast-forward)
error: failed to push some refs to 'https://github.com/Wibwubcar/Wibwub-Dashboard.git'
hint: Updates were rejected because the tip of your current branch is behind
hint: its remote counterpart. If you want to integrate the remote changes,
hint: use 'git pull' before pushing again.
hint: See the 'Note about fast-forwards' in 'git push --help' for details.
2026-07-26 12:24 pushed 21 commits
To https://github.com/Wibwubcar/Wibwub-Dashboard.git
 ! [rejected]        main -> main (non-fast-forward)
error: failed to push some refs to 'https://github.com/Wibwubcar/Wibwub-Dashboard.git'
hint: Updates were rejected because the tip of your current branch is behind
hint: its remote counterpart. If you want to integrate the remote changes,
hint: use 'git pull' before pushing again.
hint: See the 'Note about fast-forwards' in 'git push --help' for details.
2026-07-26 12:29 pushed 21 commits
To https://github.com/Wibwubcar/Wibwub-Dashboard.git
 ! [rejected]        main -> main (non-fast-forward)
error: failed to push some refs to 'https://github.com/Wibwubcar/Wibwub-Dashboard.git'
hint: Updates were rejected because the tip of your current branch is behind
hint: its remote counterpart. If you want to integrate the remote changes,
hint: use 'git pull' before pushing again.
hint: See the 'Note about fast-forwards' in 'git push --help' for details.
2026-07-26 12:34 pushed 21 commits
To https://github.com/Wibwubcar/Wibwub-Dashboard.git
 ! [rejected]        main -> main (non-fast-forward)
error: failed to push some refs to 'https://github.com/Wibwubcar/Wibwub-Dashboard.git'
hint: Updates were rejected because the tip of your current branch is behind
hint: its remote counterpart. If you want to integrate the remote changes,
hint: use 'git pull' before pushing again.
hint: See the 'Note about fast-forwards' in 'git push --help' for details.
2026-07-26 12:39 pushed 21 commits
To https://github.com/Wibwubcar/Wibwub-Dashboard.git
 ! [rejected]        main -> main (non-fast-forward)
error: failed to push some refs to 'https://github.com/Wibwubcar/Wibwub-Dashboard.git'
hint: Updates were rejected because the tip of your current branch is behind
hint: its remote counterpart. If you want to integrate the remote changes,
hint: use 'git pull' before pushing again.
hint: See the 'Note about fast-forwards' in 'git push --help' for details.
2026-07-26 12:44 pushed 21 commits
To https://github.com/Wibwubcar/Wibwub-Dashboard.git
 ! [rejected]        main -> main (non-fast-forward)
error: failed to push some refs to 'https://github.com/Wibwubcar/Wibwub-Dashboard.git'
hint: Updates were rejected because the tip of your current branch is behind
hint: its remote counterpart. If you want to integrate the remote changes,
hint: use 'git pull' before pushing again.
hint: See the 'Note about fast-forwards' in 'git push --help' for details.
2026-07-26 12:49 pushed 21 commits
To https://github.com/Wibwubcar/Wibwub-Dashboard.git
 ! [rejected]        main -> main (non-fast-forward)
error: failed to push some refs to 'https://github.com/Wibwubcar/Wibwub-Dashboard.git'
hint: Updates were rejected because the tip of your current branch is behind
hint: its remote counterpart. If you want to integrate the remote changes,
hint: use 'git pull' before pushing again.
hint: See the 'Note about fast-forwards' in 'git push --help' for details.
2026-07-26 12:54 pushed 21 commits
To https://github.com/Wibwubcar/Wibwub-Dashboard.git
 ! [rejected]        main -> main (non-fast-forward)
error: failed to push some refs to 'https://github.com/Wibwubcar/Wibwub-Dashboard.git'
hint: Updates were rejected because the tip of your current branch is behind
hint: its remote counterpart. If you want to integrate the remote changes,
hint: use 'git pull' before pushing again.
hint: See the 'Note about fast-forwards' in 'git push --help' for details.
2026-07-26 12:59 pushed 21 commits
To https://github.com/Wibwubcar/Wibwub-Dashboard.git
 ! [rejected]        main -> main (non-fast-forward)
error: failed to push some refs to 'https://github.com/Wibwubcar/Wibwub-Dashboard.git'
hint: Updates were rejected because the tip of your current branch is behind
hint: its remote counterpart. If you want to integrate the remote changes,
hint: use 'git pull' before pushing again.
hint: See the 'Note about fast-forwards' in 'git push --help' for details.
2026-07-26 13:05 pushed 21 commits
To https://github.com/Wibwubcar/Wibwub-Dashboard.git
 ! [rejected]        main -> main (non-fast-forward)
error: failed to push some refs to 'https://github.com/Wibwubcar/Wibwub-Dashboard.git'
hint: Updates were rejected because the tip of your current branch is behind
hint: its remote counterpart. If you want to integrate the remote changes,
hint: use 'git pull' before pushing again.
hint: See the 'Note about fast-forwards' in 'git push --help' for details.
2026-07-26 13:10 pushed 21 commits
To https://github.com/Wibwubcar/Wibwub-Dashboard.git
 ! [rejected]        main -> main (non-fast-forward)
error: failed to push some refs to 'https://github.com/Wibwubcar/Wibwub-Dashboard.git'
hint: Updates were rejected because the tip of your current branch is behind
hint: its remote counterpart. If you want to integrate the remote changes,
hint: use 'git pull' before pushing again.
hint: See the 'Note about fast-forwards' in 'git push --help' for details.
2026-07-26 13:15 pushed 21 commits
To https://github.com/Wibwubcar/Wibwub-Dashboard.git
 ! [rejected]        main -> main (non-fast-forward)
error: failed to push some refs to 'https://github.com/Wibwubcar/Wibwub-Dashboard.git'
hint: Updates were rejected because the tip of your current branch is behind
hint: its remote counterpart. If you want to integrate the remote changes,
hint: use 'git pull' before pushing again.
hint: See the 'Note about fast-forwards' in 'git push --help' for details.
2026-07-26 13:20 pushed 21 commits
To https://github.com/Wibwubcar/Wibwub-Dashboard.git
 ! [rejected]        main -> main (non-fast-forward)
error: failed to push some refs to 'https://github.com/Wibwubcar/Wibwub-Dashboard.git'
hint: Updates were rejected because the tip of your current branch is behind
hint: its remote counterpart. If you want to integrate the remote changes,
hint: use 'git pull' before pushing again.
hint: See the 'Note about fast-forwards' in 'git push --help' for details.
2026-07-26 13:25 pushed 21 commits
To https://github.com/Wibwubcar/Wibwub-Dashboard.git
 ! [rejected]        main -> main (non-fast-forward)
error: failed to push some refs to 'https://github.com/Wibwubcar/Wibwub-Dashboard.git'
hint: Updates were rejected because the tip of your current branch is behind
hint: its remote counterpart. If you want to integrate the remote changes,
hint: use 'git pull' before pushing again.
hint: See the 'Note about fast-forwards' in 'git push --help' for details.
2026-07-26 13:30 pushed 21 commits
To https://github.com/Wibwubcar/Wibwub-Dashboard.git
 ! [rejected]        main -> main (non-fast-forward)
error: failed to push some refs to 'https://github.com/Wibwubcar/Wibwub-Dashboard.git'
hint: Updates were rejected because the tip of your current branch is behind
hint: its remote counterpart. If you want to integrate the remote changes,
hint: use 'git pull' before pushing again.
hint: See the 'Note about fast-forwards' in 'git push --help' for details.
2026-07-26 13:35 pushed 21 commits
To https://github.com/Wibwubcar/Wibwub-Dashboard.git
 ! [rejected]        main -> main (non-fast-forward)
error: failed to push some refs to 'https://github.com/Wibwubcar/Wibwub-Dashboard.git'
hint: Updates were rejected because the tip of your current branch is behind
hint: its remote counterpart. If you want to integrate the remote changes,
hint: use 'git pull' before pushing again.
hint: See the 'Note about fast-forwards' in 'git push --help' for details.
2026-07-26 13:40 pushed 21 commits
To https://github.com/Wibwubcar/Wibwub-Dashboard.git
 ! [rejected]        main -> main (non-fast-forward)
error: failed to push some refs to 'https://github.com/Wibwubcar/Wibwub-Dashboard.git'
hint: Updates were rejected because the tip of your current branch is behind
hint: its remote counterpart. If you want to integrate the remote changes,
hint: use 'git pull' before pushing again.
hint: See the 'Note about fast-forwards' in 'git push --help' for details.
2026-07-26 13:45 pushed 21 commits
To https://github.com/Wibwubcar/Wibwub-Dashboard.git
 ! [rejected]        main -> main (non-fast-forward)
error: failed to push some refs to 'https://github.com/Wibwubcar/Wibwub-Dashboard.git'
hint: Updates were rejected because the tip of your current branch is behind
hint: its remote counterpart. If you want to integrate the remote changes,
hint: use 'git pull' before pushing again.
hint: See the 'Note about fast-forwards' in 'git push --help' for details.
2026-07-26 13:50 pushed 21 commits
To https://github.com/Wibwubcar/Wibwub-Dashboard.git
 ! [rejected]        main -> main (non-fast-forward)
error: failed to push some refs to 'https://github.com/Wibwubcar/Wibwub-Dashboard.git'
hint: Updates were rejected because the tip of your current branch is behind
hint: its remote counterpart. If you want to integrate the remote changes,
hint: use 'git pull' before pushing again.
hint: See the 'Note about fast-forwards' in 'git push --help' for details.
2026-07-26 13:55 pushed 21 commits
To https://github.com/Wibwubcar/Wibwub-Dashboard.git
 ! [rejected]        main -> main (non-fast-forward)
error: failed to push some refs to 'https://github.com/Wibwubcar/Wibwub-Dashboard.git'
hint: Updates were rejected because the tip of your current branch is behind
hint: its remote counterpart. If you want to integrate the remote changes,
hint: use 'git pull' before pushing again.
hint: See the 'Note about fast-forwards' in 'git push --help' for details.
2026-07-26 14:00 pushed 21 commits
To https://github.com/Wibwubcar/Wibwub-Dashboard.git
 ! [rejected]        main -> main (non-fast-forward)
error: failed to push some refs to 'https://github.com/Wibwubcar/Wibwub-Dashboard.git'
hint: Updates were rejected because the tip of your current branch is behind
hint: its remote counterpart. If you want to integrate the remote changes,
hint: use 'git pull' before pushing again.
hint: See the 'Note about fast-forwards' in 'git push --help' for details.
2026-07-26 14:05 pushed 21 commits
To https://github.com/Wibwubcar/Wibwub-Dashboard.git
 ! [rejected]        main -> main (non-fast-forward)
error: failed to push some refs to 'https://github.com/Wibwubcar/Wibwub-Dashboard.git'
hint: Updates were rejected because the tip of your current branch is behind
hint: its remote counterpart. If you want to integrate the remote changes,
hint: use 'git pull' before pushing again.
hint: See the 'Note about fast-forwards' in 'git push --help' for details.
2026-07-26 14:10 pushed 21 commits
To https://github.com/Wibwubcar/Wibwub-Dashboard.git
 ! [rejected]        main -> main (non-fast-forward)
error: failed to push some refs to 'https://github.com/Wibwubcar/Wibwub-Dashboard.git'
hint: Updates were rejected because the tip of your current branch is behind
hint: its remote counterpart. If you want to integrate the remote changes,
hint: use 'git pull' before pushing again.
hint: See the 'Note about fast-forwards' in 'git push --help' for details.
2026-07-26 14:15 pushed 21 commits
To https://github.com/Wibwubcar/Wibwub-Dashboard.git
 ! [rejected]        main -> main (non-fast-forward)
error: failed to push some refs to 'https://github.com/Wibwubcar/Wibwub-Dashboard.git'
hint: Updates were rejected because the tip of your current branch is behind
hint: its remote counterpart. If you want to integrate the remote changes,
hint: use 'git pull' before pushing again.
hint: See the 'Note about fast-forwards' in 'git push --help' for details.
2026-07-26 14:20 pushed 21 commits
To https://github.com/Wibwubcar/Wibwub-Dashboard.git
 ! [rejected]        main -> main (non-fast-forward)
error: failed to push some refs to 'https://github.com/Wibwubcar/Wibwub-Dashboard.git'
hint: Updates were rejected because the tip of your current branch is behind
hint: its remote counterpart. If you want to integrate the remote changes,
hint: use 'git pull' before pushing again.
hint: See the 'Note about fast-forwards' in 'git push --help' for details.
2026-07-26 14:25 pushed 21 commits
To https://github.com/Wibwubcar/Wibwub-Dashboard.git
 ! [rejected]        main -> main (non-fast-forward)
error: failed to push some refs to 'https://github.com/Wibwubcar/Wibwub-Dashboard.git'
hint: Updates were rejected because the tip of your current branch is behind
hint: its remote counterpart. If you want to integrate the remote changes,
hint: use 'git pull' before pushing again.
hint: See the 'Note about fast-forwards' in 'git push --help' for details.
2026-07-26 14:30 pushed 21 commits
To https://github.com/Wibwubcar/Wibwub-Dashboard.git
 ! [rejected]        main -> main (non-fast-forward)
error: failed to push some refs to 'https://github.com/Wibwubcar/Wibwub-Dashboard.git'
hint: Updates were rejected because the tip of your current branch is behind
hint: its remote counterpart. If you want to integrate the remote changes,
hint: use 'git pull' before pushing again.
hint: See the 'Note about fast-forwards' in 'git push --help' for details.
2026-07-26 14:35 pushed 21 commits
To https://github.com/Wibwubcar/Wibwub-Dashboard.git
 ! [rejected]        main -> main (non-fast-forward)
error: failed to push some refs to 'https://github.com/Wibwubcar/Wibwub-Dashboard.git'
hint: Updates were rejected because the tip of your current branch is behind
hint: its remote counterpart. If you want to integrate the remote changes,
hint: use 'git pull' before pushing again.
hint: See the 'Note about fast-forwards' in 'git push --help' for details.
2026-07-26 14:40 pushed 21 commits
To https://github.com/Wibwubcar/Wibwub-Dashboard.git
 ! [rejected]        main -> main (non-fast-forward)
error: failed to push some refs to 'https://github.com/Wibwubcar/Wibwub-Dashboard.git'
hint: Updates were rejected because the tip of your current branch is behind
hint: its remote counterpart. If you want to integrate the remote changes,
hint: use 'git pull' before pushing again.
hint: See the 'Note about fast-forwards' in 'git push --help' for details.
2026-07-26 14:45 pushed 21 commits
To https://github.com/Wibwubcar/Wibwub-Dashboard.git
 ! [rejected]        main -> main (non-fast-forward)
error: failed to push some refs to 'https://github.com/Wibwubcar/Wibwub-Dashboard.git'
hint: Updates were rejected because the tip of your current branch is behind
hint: its remote counterpart. If you want to integrate the remote changes,
hint: use 'git pull' before pushing again.
hint: See the 'Note about fast-forwards' in 'git push --help' for details.
2026-07-26 14:50 pushed 21 commits
To https://github.com/Wibwubcar/Wibwub-Dashboard.git
 ! [rejected]        main -> main (non-fast-forward)
error: failed to push some refs to 'https://github.com/Wibwubcar/Wibwub-Dashboard.git'
hint: Updates were rejected because the tip of your current branch is behind
hint: its remote counterpart. If you want to integrate the remote changes,
hint: use 'git pull' before pushing again.
hint: See the 'Note about fast-forwards' in 'git push --help' for details.
2026-07-26 14:55 pushed 21 commits
To https://github.com/Wibwubcar/Wibwub-Dashboard.git
 ! [rejected]        main -> main (non-fast-forward)
error: failed to push some refs to 'https://github.com/Wibwubcar/Wibwub-Dashboard.git'
hint: Updates were rejected because the tip of your current branch is behind
hint: its remote counterpart. If you want to integrate the remote changes,
hint: use 'git pull' before pushing again.
hint: See the 'Note about fast-forwards' in 'git push --help' for details.
2026-07-26 15:00 pushed 21 commits
To https://github.com/Wibwubcar/Wibwub-Dashboard.git
 ! [rejected]        main -> main (non-fast-forward)
error: failed to push some refs to 'https://github.com/Wibwubcar/Wibwub-Dashboard.git'
hint: Updates were rejected because the tip of your current branch is behind
hint: its remote counterpart. If you want to integrate the remote changes,
hint: use 'git pull' before pushing again.
hint: See the 'Note about fast-forwards' in 'git push --help' for details.
2026-07-26 15:05 pushed 21 commits
To https://github.com/Wibwubcar/Wibwub-Dashboard.git
 ! [rejected]        main -> main (non-fast-forward)
error: failed to push some refs to 'https://github.com/Wibwubcar/Wibwub-Dashboard.git'
hint: Updates were rejected because the tip of your current branch is behind
hint: its remote counterpart. If you want to integrate the remote changes,
hint: use 'git pull' before pushing again.
hint: See the 'Note about fast-forwards' in 'git push --help' for details.
2026-07-26 15:10 pushed 21 commits
To https://github.com/Wibwubcar/Wibwub-Dashboard.git
 ! [rejected]        main -> main (non-fast-forward)
error: failed to push some refs to 'https://github.com/Wibwubcar/Wibwub-Dashboard.git'
hint: Updates were rejected because the tip of your current branch is behind
hint: its remote counterpart. If you want to integrate the remote changes,
hint: use 'git pull' before pushing again.
hint: See the 'Note about fast-forwards' in 'git push --help' for details.
2026-07-26 15:15 pushed 21 commits
To https://github.com/Wibwubcar/Wibwub-Dashboard.git
 ! [rejected]        main -> main (non-fast-forward)
error: failed to push some refs to 'https://github.com/Wibwubcar/Wibwub-Dashboard.git'
hint: Updates were rejected because the tip of your current branch is behind
hint: its remote counterpart. If you want to integrate the remote changes,
hint: use 'git pull' before pushing again.
hint: See the 'Note about fast-forwards' in 'git push --help' for details.
2026-07-26 15:20 pushed 21 commits
To https://github.com/Wibwubcar/Wibwub-Dashboard.git
 ! [rejected]        main -> main (non-fast-forward)
error: failed to push some refs to 'https://github.com/Wibwubcar/Wibwub-Dashboard.git'
hint: Updates were rejected because the tip of your current branch is behind
hint: its remote counterpart. If you want to integrate the remote changes,
hint: use 'git pull' before pushing again.
hint: See the 'Note about fast-forwards' in 'git push --help' for details.
2026-07-26 15:25 pushed 21 commits
To https://github.com/Wibwubcar/Wibwub-Dashboard.git
 ! [rejected]        main -> main (non-fast-forward)
error: failed to push some refs to 'https://github.com/Wibwubcar/Wibwub-Dashboard.git'
hint: Updates were rejected because the tip of your current branch is behind
hint: its remote counterpart. If you want to integrate the remote changes,
hint: use 'git pull' before pushing again.
hint: See the 'Note about fast-forwards' in 'git push --help' for details.
2026-07-26 15:30 pushed 21 commits
To https://github.com/Wibwubcar/Wibwub-Dashboard.git
 ! [rejected]        main -> main (non-fast-forward)
error: failed to push some refs to 'https://github.com/Wibwubcar/Wibwub-Dashboard.git'
hint: Updates were rejected because the tip of your current branch is behind
hint: its remote counterpart. If you want to integrate the remote changes,
hint: use 'git pull' before pushing again.
hint: See the 'Note about fast-forwards' in 'git push --help' for details.
2026-07-26 15:35 pushed 21 commits
To https://github.com/Wibwubcar/Wibwub-Dashboard.git
 ! [rejected]        main -> main (non-fast-forward)
error: failed to push some refs to 'https://github.com/Wibwubcar/Wibwub-Dashboard.git'
hint: Updates were rejected because the tip of your current branch is behind
hint: its remote counterpart. If you want to integrate the remote changes,
hint: use 'git pull' before pushing again.
hint: See the 'Note about fast-forwards' in 'git push --help' for details.
2026-07-26 15:40 pushed 21 commits
To https://github.com/Wibwubcar/Wibwub-Dashboard.git
 ! [rejected]        main -> main (non-fast-forward)
error: failed to push some refs to 'https://github.com/Wibwubcar/Wibwub-Dashboard.git'
hint: Updates were rejected because the tip of your current branch is behind
hint: its remote counterpart. If you want to integrate the remote changes,
hint: use 'git pull' before pushing again.
hint: See the 'Note about fast-forwards' in 'git push --help' for details.
2026-07-26 15:45 pushed 21 commits
To https://github.com/Wibwubcar/Wibwub-Dashboard.git
 ! [rejected]        main -> main (non-fast-forward)
error: failed to push some refs to 'https://github.com/Wibwubcar/Wibwub-Dashboard.git'
hint: Updates were rejected because the tip of your current branch is behind
hint: its remote counterpart. If you want to integrate the remote changes,
hint: use 'git pull' before pushing again.
hint: See the 'Note about fast-forwards' in 'git push --help' for details.
2026-07-26 15:50 pushed 21 commits
To https://github.com/Wibwubcar/Wibwub-Dashboard.git
 ! [rejected]        main -> main (non-fast-forward)
error: failed to push some refs to 'https://github.com/Wibwubcar/Wibwub-Dashboard.git'
hint: Updates were rejected because the tip of your current branch is behind
hint: its remote counterpart. If you want to integrate the remote changes,
hint: use 'git pull' before pushing again.
hint: See the 'Note about fast-forwards' in 'git push --help' for details.
2026-07-26 15:55 pushed 21 commits
To https://github.com/Wibwubcar/Wibwub-Dashboard.git
 ! [rejected]        main -> main (non-fast-forward)
error: failed to push some refs to 'https://github.com/Wibwubcar/Wibwub-Dashboard.git'
hint: Updates were rejected because the tip of your current branch is behind
hint: its remote counterpart. If you want to integrate the remote changes,
hint: use 'git pull' before pushing again.
hint: See the 'Note about fast-forwards' in 'git push --help' for details.
2026-07-26 16:00 pushed 21 commits
To https://github.com/Wibwubcar/Wibwub-Dashboard.git
 ! [rejected]        main -> main (non-fast-forward)
error: failed to push some refs to 'https://github.com/Wibwubcar/Wibwub-Dashboard.git'
hint: Updates were rejected because the tip of your current branch is behind
hint: its remote counterpart. If you want to integrate the remote changes,
hint: use 'git pull' before pushing again.
hint: See the 'Note about fast-forwards' in 'git push --help' for details.
2026-07-26 16:05 pushed 21 commits
To https://github.com/Wibwubcar/Wibwub-Dashboard.git
 ! [rejected]        main -> main (non-fast-forward)
error: failed to push some refs to 'https://github.com/Wibwubcar/Wibwub-Dashboard.git'
hint: Updates were rejected because the tip of your current branch is behind
hint: its remote counterpart. If you want to integrate the remote changes,
hint: use 'git pull' before pushing again.
hint: See the 'Note about fast-forwards' in 'git push --help' for details.
2026-07-26 16:10 pushed 21 commits
To https://github.com/Wibwubcar/Wibwub-Dashboard.git
 ! [rejected]        main -> main (non-fast-forward)
error: failed to push some refs to 'https://github.com/Wibwubcar/Wibwub-Dashboard.git'
hint: Updates were rejected because the tip of your current branch is behind
hint: its remote counterpart. If you want to integrate the remote changes,
hint: use 'git pull' before pushing again.
hint: See the 'Note about fast-forwards' in 'git push --help' for details.
2026-07-26 16:15 pushed 21 commits
To https://github.com/Wibwubcar/Wibwub-Dashboard.git
 ! [rejected]        main -> main (non-fast-forward)
error: failed to push some refs to 'https://github.com/Wibwubcar/Wibwub-Dashboard.git'
hint: Updates were rejected because the tip of your current branch is behind
hint: its remote counterpart. If you want to integrate the remote changes,
hint: use 'git pull' before pushing again.
hint: See the 'Note about fast-forwards' in 'git push --help' for details.
2026-07-26 16:20 pushed 21 commits
To https://github.com/Wibwubcar/Wibwub-Dashboard.git
 ! [rejected]        main -> main (non-fast-forward)
error: failed to push some refs to 'https://github.com/Wibwubcar/Wibwub-Dashboard.git'
hint: Updates were rejected because the tip of your current branch is behind
hint: its remote counterpart. If you want to integrate the remote changes,
hint: use 'git pull' before pushing again.
hint: See the 'Note about fast-forwards' in 'git push --help' for details.
2026-07-26 16:25 pushed 21 commits
To https://github.com/Wibwubcar/Wibwub-Dashboard.git
 ! [rejected]        main -> main (non-fast-forward)
error: failed to push some refs to 'https://github.com/Wibwubcar/Wibwub-Dashboard.git'
hint: Updates were rejected because the tip of your current branch is behind
hint: its remote counterpart. If you want to integrate the remote changes,
hint: use 'git pull' before pushing again.
hint: See the 'Note about fast-forwards' in 'git push --help' for details.
2026-07-26 16:30 pushed 21 commits
To https://github.com/Wibwubcar/Wibwub-Dashboard.git
 ! [rejected]        main -> main (non-fast-forward)
error: failed to push some refs to 'https://github.com/Wibwubcar/Wibwub-Dashboard.git'
hint: Updates were rejected because the tip of your current branch is behind
hint: its remote counterpart. If you want to integrate the remote changes,
hint: use 'git pull' before pushing again.
hint: See the 'Note about fast-forwards' in 'git push --help' for details.
2026-07-26 16:35 pushed 21 commits
To https://github.com/Wibwubcar/Wibwub-Dashboard.git
 ! [rejected]        main -> main (non-fast-forward)
error: failed to push some refs to 'https://github.com/Wibwubcar/Wibwub-Dashboard.git'
hint: Updates were rejected because the tip of your current branch is behind
hint: its remote counterpart. If you want to integrate the remote changes,
hint: use 'git pull' before pushing again.
hint: See the 'Note about fast-forwards' in 'git push --help' for details.
2026-07-26 16:40 pushed 21 commits
To https://github.com/Wibwubcar/Wibwub-Dashboard.git
 ! [rejected]        main -> main (non-fast-forward)
error: failed to push some refs to 'https://github.com/Wibwubcar/Wibwub-Dashboard.git'
hint: Updates were rejected because the tip of your current branch is behind
hint: its remote counterpart. If you want to integrate the remote changes,
hint: use 'git pull' before pushing again.
hint: See the 'Note about fast-forwards' in 'git push --help' for details.
2026-07-26 16:45 pushed 21 commits
To https://github.com/Wibwubcar/Wibwub-Dashboard.git
 ! [rejected]        main -> main (non-fast-forward)
error: failed to push some refs to 'https://github.com/Wibwubcar/Wibwub-Dashboard.git'
hint: Updates were rejected because the tip of your current branch is behind
hint: its remote counterpart. If you want to integrate the remote changes,
hint: use 'git pull' before pushing again.
hint: See the 'Note about fast-forwards' in 'git push --help' for details.
2026-07-26 16:50 pushed 21 commits
To https://github.com/Wibwubcar/Wibwub-Dashboard.git
 ! [rejected]        main -> main (non-fast-forward)
error: failed to push some refs to 'https://github.com/Wibwubcar/Wibwub-Dashboard.git'
hint: Updates were rejected because the tip of your current branch is behind
hint: its remote counterpart. If you want to integrate the remote changes,
hint: use 'git pull' before pushing again.
hint: See the 'Note about fast-forwards' in 'git push --help' for details.
2026-07-26 16:55 pushed 21 commits
To https://github.com/Wibwubcar/Wibwub-Dashboard.git
 ! [rejected]        main -> main (non-fast-forward)
error: failed to push some refs to 'https://github.com/Wibwubcar/Wibwub-Dashboard.git'
hint: Updates were rejected because the tip of your current branch is behind
hint: its remote counterpart. If you want to integrate the remote changes,
hint: use 'git pull' before pushing again.
hint: See the 'Note about fast-forwards' in 'git push --help' for details.
2026-07-26 17:00 pushed 21 commits
To https://github.com/Wibwubcar/Wibwub-Dashboard.git
 ! [rejected]        main -> main (non-fast-forward)
error: failed to push some refs to 'https://github.com/Wibwubcar/Wibwub-Dashboard.git'
hint: Updates were rejected because the tip of your current branch is behind
hint: its remote counterpart. If you want to integrate the remote changes,
hint: use 'git pull' before pushing again.
hint: See the 'Note about fast-forwards' in 'git push --help' for details.
2026-07-26 17:06 pushed 21 commits
To https://github.com/Wibwubcar/Wibwub-Dashboard.git
 ! [rejected]        main -> main (non-fast-forward)
error: failed to push some refs to 'https://github.com/Wibwubcar/Wibwub-Dashboard.git'
hint: Updates were rejected because the tip of your current branch is behind
hint: its remote counterpart. If you want to integrate the remote changes,
hint: use 'git pull' before pushing again.
hint: See the 'Note about fast-forwards' in 'git push --help' for details.
2026-07-26 17:11 pushed 21 commits
To https://github.com/Wibwubcar/Wibwub-Dashboard.git
 ! [rejected]        main -> main (non-fast-forward)
error: failed to push some refs to 'https://github.com/Wibwubcar/Wibwub-Dashboard.git'
hint: Updates were rejected because the tip of your current branch is behind
hint: its remote counterpart. If you want to integrate the remote changes,
hint: use 'git pull' before pushing again.
hint: See the 'Note about fast-forwards' in 'git push --help' for details.
2026-07-26 17:16 pushed 21 commits
To https://github.com/Wibwubcar/Wibwub-Dashboard.git
 ! [rejected]        main -> main (non-fast-forward)
error: failed to push some refs to 'https://github.com/Wibwubcar/Wibwub-Dashboard.git'
hint: Updates were rejected because the tip of your current branch is behind
hint: its remote counterpart. If you want to integrate the remote changes,
hint: use 'git pull' before pushing again.
hint: See the 'Note about fast-forwards' in 'git push --help' for details.
2026-07-26 17:21 pushed 21 commits
To https://github.com/Wibwubcar/Wibwub-Dashboard.git
 ! [rejected]        main -> main (non-fast-forward)
error: failed to push some refs to 'https://github.com/Wibwubcar/Wibwub-Dashboard.git'
hint: Updates were rejected because the tip of your current branch is behind
hint: its remote counterpart. If you want to integrate the remote changes,
hint: use 'git pull' before pushing again.
hint: See the 'Note about fast-forwards' in 'git push --help' for details.
2026-07-26 17:26 pushed 21 commits
To https://github.com/Wibwubcar/Wibwub-Dashboard.git
 ! [rejected]        main -> main (non-fast-forward)
error: failed to push some refs to 'https://github.com/Wibwubcar/Wibwub-Dashboard.git'
hint: Updates were rejected because the tip of your current branch is behind
hint: its remote counterpart. If you want to integrate the remote changes,
hint: use 'git pull' before pushing again.
hint: See the 'Note about fast-forwards' in 'git push --help' for details.
2026-07-26 17:31 pushed 21 commits
To https://github.com/Wibwubcar/Wibwub-Dashboard.git
 ! [rejected]        main -> main (non-fast-forward)
error: failed to push some refs to 'https://github.com/Wibwubcar/Wibwub-Dashboard.git'
hint: Updates were rejected because the tip of your current branch is behind
hint: its remote counterpart. If you want to integrate the remote changes,
hint: use 'git pull' before pushing again.
hint: See the 'Note about fast-forwards' in 'git push --help' for details.
2026-07-26 17:36 pushed 21 commits
To https://github.com/Wibwubcar/Wibwub-Dashboard.git
 ! [rejected]        main -> main (non-fast-forward)
error: failed to push some refs to 'https://github.com/Wibwubcar/Wibwub-Dashboard.git'
hint: Updates were rejected because the tip of your current branch is behind
hint: its remote counterpart. If you want to integrate the remote changes,
hint: use 'git pull' before pushing again.
hint: See the 'Note about fast-forwards' in 'git push --help' for details.
2026-07-26 17:41 pushed 21 commits
To https://github.com/Wibwubcar/Wibwub-Dashboard.git
 ! [rejected]        main -> main (non-fast-forward)
error: failed to push some refs to 'https://github.com/Wibwubcar/Wibwub-Dashboard.git'
hint: Updates were rejected because the tip of your current branch is behind
hint: its remote counterpart. If you want to integrate the remote changes,
hint: use 'git pull' before pushing again.
hint: See the 'Note about fast-forwards' in 'git push --help' for details.
2026-07-26 17:46 pushed 21 commits
To https://github.com/Wibwubcar/Wibwub-Dashboard.git
 ! [rejected]        main -> main (non-fast-forward)
error: failed to push some refs to 'https://github.com/Wibwubcar/Wibwub-Dashboard.git'
hint: Updates were rejected because the tip of your current branch is behind
hint: its remote counterpart. If you want to integrate the remote changes,
hint: use 'git pull' before pushing again.
hint: See the 'Note about fast-forwards' in 'git push --help' for details.
2026-07-26 17:51 pushed 21 commits
To https://github.com/Wibwubcar/Wibwub-Dashboard.git
 ! [rejected]        main -> main (non-fast-forward)
error: failed to push some refs to 'https://github.com/Wibwubcar/Wibwub-Dashboard.git'
hint: Updates were rejected because the tip of your current branch is behind
hint: its remote counterpart. If you want to integrate the remote changes,
hint: use 'git pull' before pushing again.
hint: See the 'Note about fast-forwards' in 'git push --help' for details.
2026-07-26 17:56 pushed 21 commits
To https://github.com/Wibwubcar/Wibwub-Dashboard.git
 ! [rejected]        main -> main (non-fast-forward)
error: failed to push some refs to 'https://github.com/Wibwubcar/Wibwub-Dashboard.git'
hint: Updates were rejected because the tip of your current branch is behind
hint: its remote counterpart. If you want to integrate the remote changes,
hint: use 'git pull' before pushing again.
hint: See the 'Note about fast-forwards' in 'git push --help' for details.
2026-07-26 18:01 pushed 21 commits
To https://github.com/Wibwubcar/Wibwub-Dashboard.git
 ! [rejected]        main -> main (non-fast-forward)
error: failed to push some refs to 'https://github.com/Wibwubcar/Wibwub-Dashboard.git'
hint: Updates were rejected because the tip of your current branch is behind
hint: its remote counterpart. If you want to integrate the remote changes,
hint: use 'git pull' before pushing again.
hint: See the 'Note about fast-forwards' in 'git push --help' for details.
2026-07-26 18:06 pushed 22 commits
To https://github.com/Wibwubcar/Wibwub-Dashboard.git
 ! [rejected]        main -> main (non-fast-forward)
error: failed to push some refs to 'https://github.com/Wibwubcar/Wibwub-Dashboard.git'
hint: Updates were rejected because the tip of your current branch is behind
hint: its remote counterpart. If you want to integrate the remote changes,
hint: use 'git pull' before pushing again.
hint: See the 'Note about fast-forwards' in 'git push --help' for details.
2026-07-26 18:11 pushed 22 commits
To https://github.com/Wibwubcar/Wibwub-Dashboard.git
 ! [rejected]        main -> main (non-fast-forward)
error: failed to push some refs to 'https://github.com/Wibwubcar/Wibwub-Dashboard.git'
hint: Updates were rejected because the tip of your current branch is behind
hint: its remote counterpart. If you want to integrate the remote changes,
hint: use 'git pull' before pushing again.
hint: See the 'Note about fast-forwards' in 'git push --help' for details.
2026-07-26 18:16 pushed 22 commits
To https://github.com/Wibwubcar/Wibwub-Dashboard.git
 ! [rejected]        main -> main (non-fast-forward)
error: failed to push some refs to 'https://github.com/Wibwubcar/Wibwub-Dashboard.git'
hint: Updates were rejected because the tip of your current branch is behind
hint: its remote counterpart. If you want to integrate the remote changes,
hint: use 'git pull' before pushing again.
hint: See the 'Note about fast-forwards' in 'git push --help' for details.
2026-07-26 18:21 pushed 22 commits
To https://github.com/Wibwubcar/Wibwub-Dashboard.git
 ! [rejected]        main -> main (non-fast-forward)
error: failed to push some refs to 'https://github.com/Wibwubcar/Wibwub-Dashboard.git'
hint: Updates were rejected because the tip of your current branch is behind
hint: its remote counterpart. If you want to integrate the remote changes,
hint: use 'git pull' before pushing again.
hint: See the 'Note about fast-forwards' in 'git push --help' for details.
2026-07-26 18:26 pushed 22 commits
To https://github.com/Wibwubcar/Wibwub-Dashboard.git
 ! [rejected]        main -> main (non-fast-forward)
error: failed to push some refs to 'https://github.com/Wibwubcar/Wibwub-Dashboard.git'
hint: Updates were rejected because the tip of your current branch is behind
hint: its remote counterpart. If you want to integrate the remote changes,
hint: use 'git pull' before pushing again.
hint: See the 'Note about fast-forwards' in 'git push --help' for details.
2026-07-26 18:31 pushed 22 commits
To https://github.com/Wibwubcar/Wibwub-Dashboard.git
 ! [rejected]        main -> main (non-fast-forward)
error: failed to push some refs to 'https://github.com/Wibwubcar/Wibwub-Dashboard.git'
hint: Updates were rejected because the tip of your current branch is behind
hint: its remote counterpart. If you want to integrate the remote changes,
hint: use 'git pull' before pushing again.
hint: See the 'Note about fast-forwards' in 'git push --help' for details.
2026-07-26 18:36 pushed 22 commits
To https://github.com/Wibwubcar/Wibwub-Dashboard.git
 ! [rejected]        main -> main (non-fast-forward)
error: failed to push some refs to 'https://github.com/Wibwubcar/Wibwub-Dashboard.git'
hint: Updates were rejected because the tip of your current branch is behind
hint: its remote counterpart. If you want to integrate the remote changes,
hint: use 'git pull' before pushing again.
hint: See the 'Note about fast-forwards' in 'git push --help' for details.
2026-07-26 18:41 pushed 22 commits
To https://github.com/Wibwubcar/Wibwub-Dashboard.git
 ! [rejected]        main -> main (non-fast-forward)
error: failed to push some refs to 'https://github.com/Wibwubcar/Wibwub-Dashboard.git'
hint: Updates were rejected because the tip of your current branch is behind
hint: its remote counterpart. If you want to integrate the remote changes,
hint: use 'git pull' before pushing again.
hint: See the 'Note about fast-forwards' in 'git push --help' for details.
2026-07-26 18:46 pushed 22 commits
To https://github.com/Wibwubcar/Wibwub-Dashboard.git
 ! [rejected]        main -> main (non-fast-forward)
error: failed to push some refs to 'https://github.com/Wibwubcar/Wibwub-Dashboard.git'
hint: Updates were rejected because the tip of your current branch is behind
hint: its remote counterpart. If you want to integrate the remote changes,
hint: use 'git pull' before pushing again.
hint: See the 'Note about fast-forwards' in 'git push --help' for details.
2026-07-26 18:51 pushed 22 commits
To https://github.com/Wibwubcar/Wibwub-Dashboard.git
 ! [rejected]        main -> main (non-fast-forward)
error: failed to push some refs to 'https://github.com/Wibwubcar/Wibwub-Dashboard.git'
hint: Updates were rejected because the tip of your current branch is behind
hint: its remote counterpart. If you want to integrate the remote changes,
hint: use 'git pull' before pushing again.
hint: See the 'Note about fast-forwards' in 'git push --help' for details.
2026-07-26 18:56 pushed 22 commits
To https://github.com/Wibwubcar/Wibwub-Dashboard.git
 ! [rejected]        main -> main (non-fast-forward)
error: failed to push some refs to 'https://github.com/Wibwubcar/Wibwub-Dashboard.git'
hint: Updates were rejected because the tip of your current branch is behind
hint: its remote counterpart. If you want to integrate the remote changes,
hint: use 'git pull' before pushing again.
hint: See the 'Note about fast-forwards' in 'git push --help' for details.
2026-07-26 19:01 pushed 22 commits
To https://github.com/Wibwubcar/Wibwub-Dashboard.git
 ! [rejected]        main -> main (non-fast-forward)
error: failed to push some refs to 'https://github.com/Wibwubcar/Wibwub-Dashboard.git'
hint: Updates were rejected because the tip of your current branch is behind
hint: its remote counterpart. If you want to integrate the remote changes,
hint: use 'git pull' before pushing again.
hint: See the 'Note about fast-forwards' in 'git push --help' for details.
2026-07-26 19:06 pushed 22 commits
To https://github.com/Wibwubcar/Wibwub-Dashboard.git
 ! [rejected]        main -> main (non-fast-forward)
error: failed to push some refs to 'https://github.com/Wibwubcar/Wibwub-Dashboard.git'
hint: Updates were rejected because the tip of your current branch is behind
hint: its remote counterpart. If you want to integrate the remote changes,
hint: use 'git pull' before pushing again.
hint: See the 'Note about fast-forwards' in 'git push --help' for details.
2026-07-26 19:11 pushed 22 commits
To https://github.com/Wibwubcar/Wibwub-Dashboard.git
 ! [rejected]        main -> main (non-fast-forward)
error: failed to push some refs to 'https://github.com/Wibwubcar/Wibwub-Dashboard.git'
hint: Updates were rejected because the tip of your current branch is behind
hint: its remote counterpart. If you want to integrate the remote changes,
hint: use 'git pull' before pushing again.
hint: See the 'Note about fast-forwards' in 'git push --help' for details.
2026-07-26 19:16 pushed 22 commits
To https://github.com/Wibwubcar/Wibwub-Dashboard.git
 ! [rejected]        main -> main (non-fast-forward)
error: failed to push some refs to 'https://github.com/Wibwubcar/Wibwub-Dashboard.git'
hint: Updates were rejected because the tip of your current branch is behind
hint: its remote counterpart. If you want to integrate the remote changes,
hint: use 'git pull' before pushing again.
hint: See the 'Note about fast-forwards' in 'git push --help' for details.
2026-07-26 19:21 pushed 22 commits
To https://github.com/Wibwubcar/Wibwub-Dashboard.git
 ! [rejected]        main -> main (non-fast-forward)
error: failed to push some refs to 'https://github.com/Wibwubcar/Wibwub-Dashboard.git'
hint: Updates were rejected because the tip of your current branch is behind
hint: its remote counterpart. If you want to integrate the remote changes,
hint: use 'git pull' before pushing again.
hint: See the 'Note about fast-forwards' in 'git push --help' for details.
2026-07-26 19:26 pushed 22 commits
To https://github.com/Wibwubcar/Wibwub-Dashboard.git
 ! [rejected]        main -> main (non-fast-forward)
error: failed to push some refs to 'https://github.com/Wibwubcar/Wibwub-Dashboard.git'
hint: Updates were rejected because the tip of your current branch is behind
hint: its remote counterpart. If you want to integrate the remote changes,
hint: use 'git pull' before pushing again.
hint: See the 'Note about fast-forwards' in 'git push --help' for details.
2026-07-26 19:31 pushed 22 commits
To https://github.com/Wibwubcar/Wibwub-Dashboard.git
 ! [rejected]        main -> main (non-fast-forward)
error: failed to push some refs to 'https://github.com/Wibwubcar/Wibwub-Dashboard.git'
hint: Updates were rejected because the tip of your current branch is behind
hint: its remote counterpart. If you want to integrate the remote changes,
hint: use 'git pull' before pushing again.
hint: See the 'Note about fast-forwards' in 'git push --help' for details.
2026-07-26 19:36 pushed 22 commits
To https://github.com/Wibwubcar/Wibwub-Dashboard.git
 ! [rejected]        main -> main (non-fast-forward)
error: failed to push some refs to 'https://github.com/Wibwubcar/Wibwub-Dashboard.git'
hint: Updates were rejected because the tip of your current branch is behind
hint: its remote counterpart. If you want to integrate the remote changes,
hint: use 'git pull' before pushing again.
hint: See the 'Note about fast-forwards' in 'git push --help' for details.
2026-07-26 19:41 pushed 22 commits
To https://github.com/Wibwubcar/Wibwub-Dashboard.git
 ! [rejected]        main -> main (non-fast-forward)
error: failed to push some refs to 'https://github.com/Wibwubcar/Wibwub-Dashboard.git'
hint: Updates were rejected because the tip of your current branch is behind
hint: its remote counterpart. If you want to integrate the remote changes,
hint: use 'git pull' before pushing again.
hint: See the 'Note about fast-forwards' in 'git push --help' for details.
2026-07-26 19:46 pushed 22 commits
To https://github.com/Wibwubcar/Wibwub-Dashboard.git
 ! [rejected]        main -> main (non-fast-forward)
error: failed to push some refs to 'https://github.com/Wibwubcar/Wibwub-Dashboard.git'
hint: Updates were rejected because the tip of your current branch is behind
hint: its remote counterpart. If you want to integrate the remote changes,
hint: use 'git pull' before pushing again.
hint: See the 'Note about fast-forwards' in 'git push --help' for details.
2026-07-26 19:51 pushed 24 commits
To https://github.com/Wibwubcar/Wibwub-Dashboard.git
 ! [rejected]        main -> main (non-fast-forward)
error: failed to push some refs to 'https://github.com/Wibwubcar/Wibwub-Dashboard.git'
hint: Updates were rejected because the tip of your current branch is behind
hint: its remote counterpart. If you want to integrate the remote changes,
hint: use 'git pull' before pushing again.
hint: See the 'Note about fast-forwards' in 'git push --help' for details.
2026-07-26 19:56 pushed 24 commits
To https://github.com/Wibwubcar/Wibwub-Dashboard.git
 ! [rejected]        main -> main (non-fast-forward)
error: failed to push some refs to 'https://github.com/Wibwubcar/Wibwub-Dashboard.git'
hint: Updates were rejected because the tip of your current branch is behind
hint: its remote counterpart. If you want to integrate the remote changes,
hint: use 'git pull' before pushing again.
hint: See the 'Note about fast-forwards' in 'git push --help' for details.
2026-07-26 20:01 pushed 24 commits
To https://github.com/Wibwubcar/Wibwub-Dashboard.git
 ! [rejected]        main -> main (non-fast-forward)
error: failed to push some refs to 'https://github.com/Wibwubcar/Wibwub-Dashboard.git'
hint: Updates were rejected because the tip of your current branch is behind
hint: its remote counterpart. If you want to integrate the remote changes,
hint: use 'git pull' before pushing again.
hint: See the 'Note about fast-forwards' in 'git push --help' for details.
2026-07-26 20:06 pushed 24 commits
To https://github.com/Wibwubcar/Wibwub-Dashboard.git
 ! [rejected]        main -> main (non-fast-forward)
error: failed to push some refs to 'https://github.com/Wibwubcar/Wibwub-Dashboard.git'
hint: Updates were rejected because the tip of your current branch is behind
hint: its remote counterpart. If you want to integrate the remote changes,
hint: use 'git pull' before pushing again.
hint: See the 'Note about fast-forwards' in 'git push --help' for details.
2026-07-26 20:11 pushed 24 commits
To https://github.com/Wibwubcar/Wibwub-Dashboard.git
 ! [rejected]        main -> main (non-fast-forward)
error: failed to push some refs to 'https://github.com/Wibwubcar/Wibwub-Dashboard.git'
hint: Updates were rejected because the tip of your current branch is behind
hint: its remote counterpart. If you want to integrate the remote changes,
hint: use 'git pull' before pushing again.
hint: See the 'Note about fast-forwards' in 'git push --help' for details.
2026-07-26 20:16 pushed 25 commits
To https://github.com/Wibwubcar/Wibwub-Dashboard.git
 ! [rejected]        main -> main (non-fast-forward)
error: failed to push some refs to 'https://github.com/Wibwubcar/Wibwub-Dashboard.git'
hint: Updates were rejected because the tip of your current branch is behind
hint: its remote counterpart. If you want to integrate the remote changes,
hint: use 'git pull' before pushing again.
hint: See the 'Note about fast-forwards' in 'git push --help' for details.
2026-07-26 20:21 pushed 25 commits
To https://github.com/Wibwubcar/Wibwub-Dashboard.git
 ! [rejected]        main -> main (non-fast-forward)
error: failed to push some refs to 'https://github.com/Wibwubcar/Wibwub-Dashboard.git'
hint: Updates were rejected because the tip of your current branch is behind
hint: its remote counterpart. If you want to integrate the remote changes,
hint: use 'git pull' before pushing again.
hint: See the 'Note about fast-forwards' in 'git push --help' for details.
2026-07-26 20:26 pushed 25 commits
To https://github.com/Wibwubcar/Wibwub-Dashboard.git
 ! [rejected]        main -> main (non-fast-forward)
error: failed to push some refs to 'https://github.com/Wibwubcar/Wibwub-Dashboard.git'
hint: Updates were rejected because the tip of your current branch is behind
hint: its remote counterpart. If you want to integrate the remote changes,
hint: use 'git pull' before pushing again.
hint: See the 'Note about fast-forwards' in 'git push --help' for details.
2026-07-26 20:31 pushed 26 commits
To https://github.com/Wibwubcar/Wibwub-Dashboard.git
 ! [rejected]        main -> main (non-fast-forward)
error: failed to push some refs to 'https://github.com/Wibwubcar/Wibwub-Dashboard.git'
hint: Updates were rejected because the tip of your current branch is behind
hint: its remote counterpart. If you want to integrate the remote changes,
hint: use 'git pull' before pushing again.
hint: See the 'Note about fast-forwards' in 'git push --help' for details.
2026-07-26 20:36 pushed 26 commits
To https://github.com/Wibwubcar/Wibwub-Dashboard.git
 ! [rejected]        main -> main (non-fast-forward)
error: failed to push some refs to 'https://github.com/Wibwubcar/Wibwub-Dashboard.git'
hint: Updates were rejected because the tip of your current branch is behind
hint: its remote counterpart. If you want to integrate the remote changes,
hint: use 'git pull' before pushing again.
hint: See the 'Note about fast-forwards' in 'git push --help' for details.
2026-07-26 20:41 pushed 26 commits
To https://github.com/Wibwubcar/Wibwub-Dashboard.git
   6f0bb51..e001d3d  main -> main
2026-07-26 20:47 pushed 27 commits
To https://github.com/Wibwubcar/Wibwub-Dashboard.git
   aa590d8..c68f951  main -> main
2026-07-27 19:43 pushed 1 commits
To https://github.com/Wibwubcar/Wibwub-Dashboard.git
   7e235f0..2bc4f96  main -> main
2026-07-27 19:53 pushed 1 commits
To https://github.com/Wibwubcar/Wibwub-Dashboard.git
   2bc4f96..98734ba  main -> main
2026-07-27 20:14 pushed 1 commits
fatal: unable to access 'https://github.com/Wibwubcar/Wibwub-Dashboard.git/': Could not resolve host: github.com
2026-07-28 21:59 pushed 1 commits
To https://github.com/Wibwubcar/Wibwub-Dashboard.git
   ed1681d..78dd2f0  main -> main
2026-07-28 23:26 pushed 1 commits
To https://github.com/Wibwubcar/Wibwub-Dashboard.git
   804623a..9301dbd  main -> main
2026-07-29 10:29 pushed 1 commits
To https://github.com/Wibwubcar/Wibwub-Dashboard.git
   15e886a..0e55ce3  main -> main
2026-07-31 19:22 pushed 1 commits
To https://github.com/Wibwubcar/Wibwub-Dashboard.git
   5b621fc..81584d2  main -> main
2026-07-31 21:03 pushed 1 commits
To https://github.com/Wibwubcar/Wibwub-Dashboard.git
   0662365..60f0e0d  main -> main
2026-08-02 08:52 pushed 1 commits
To https://github.com/Wibwubcar/Wibwub-Dashboard.git
   7897bf7..6388c44  main -> main
2026-08-02 16:32 pushed 1 commits
Everything up-to-date
2026-08-03 10:35 pushed 1 commits
To https://github.com/Wibwubcar/Wibwub-Dashboard.git
   9db1850..d7c773a  main -> main
2026-08-03 22:37 pushed 1 commits
To https://github.com/Wibwubcar/Wibwub-Dashboard.git
   c8b5799..ff7b313  main -> main
2026-08-04 19:52 pushed 1 commits
To https://github.com/Wibwubcar/Wibwub-Dashboard.git
   ff7b313..bd2f3ef  main -> main
2026-08-04 19:57 pushed 1 commits
To https://github.com/Wibwubcar/Wibwub-Dashboard.git
   d770cf1..d82b293  main -> main
2026-08-05 08:32 pushed 1 commits
To https://github.com/Wibwubcar/Wibwub-Dashboard.git
   d82b293..ac369eb  main -> main
2026-08-05 08:53 pushed 1 commits
Everything up-to-date
2026-08-05 19:25 pushed 1 commits
To https://github.com/Wibwubcar/Wibwub-Dashboard.git
   897b19d..19f2151  main -> main
2026-08-05 20:15 pushed 1 commits
To https://github.com/Wibwubcar/Wibwub-Dashboard.git
   19f2151..cadc692  main -> main
2026-08-05 20:55 pushed 1 commits
To https://github.com/Wibwubcar/Wibwub-Dashboard.git
   4bd3c2a..c22a933  main -> main
2026-08-06 08:53 pushed 1 commits
Everything up-to-date
2026-08-06 09:03 pushed 1 commits
To https://github.com/Wibwubcar/Wibwub-Dashboard.git
   c7502c7..0ee5336  main -> main
2026-08-06 09:58 pushed 2 commits
To https://github.com/Wibwubcar/Wibwub-Dashboard.git
   c7e57c0..613140b  main -> main
2026-08-06 19:40 pushed 1 commits
To https://github.com/Wibwubcar/Wibwub-Dashboard.git
   0c47477..af67e44  main -> main
2026-08-07 08:51 pushed 1 commits
To https://github.com/Wibwubcar/Wibwub-Dashboard.git
   8d3cc2c..de1ea80  main -> main
2026-08-07 19:42 pushed 1 commits
To https://github.com/Wibwubcar/Wibwub-Dashboard.git
   de1ea80..5a32056  main -> main
2026-08-07 19:52 pushed 1 commits
To https://github.com/Wibwubcar/Wibwub-Dashboard.git
   e157a80..eda6ba5  main -> main
2026-08-08 08:47 pushed 1 commits
To https://github.com/Wibwubcar/Wibwub-Dashboard.git
   f87cce2..7e3015f  main -> main
2026-08-08 08:52 pushed 1 commits
To https://github.com/Wibwubcar/Wibwub-Dashboard.git
   85bbc45..ce255de  main -> main
2026-08-08 09:52 pushed 1 commits
fatal: unable to access 'https://github.com/Wibwubcar/Wibwub-Dashboard.git/': Could not resolve host: github.com
2026-08-08 18:03 pushed 1 commits
fatal: unable to access 'https://github.com/Wibwubcar/Wibwub-Dashboard.git/': Could not resolve host: github.com
2026-08-08 18:08 pushed 1 commits
fatal: unable to access 'https://github.com/Wibwubcar/Wibwub-Dashboard.git/': Could not resolve host: github.com
2026-08-08 18:13 pushed 1 commits
fatal: unable to access 'https://github.com/Wibwubcar/Wibwub-Dashboard.git/': Could not resolve host: github.com
2026-08-08 18:18 pushed 1 commits
fatal: unable to access 'https://github.com/Wibwubcar/Wibwub-Dashboard.git/': Could not resolve host: github.com
2026-08-08 18:23 pushed 1 commits
fatal: unable to access 'https://github.com/Wibwubcar/Wibwub-Dashboard.git/': Could not resolve host: github.com
2026-08-08 18:28 pushed 1 commits
fatal: unable to access 'https://github.com/Wibwubcar/Wibwub-Dashboard.git/': Could not resolve host: github.com
2026-08-08 18:33 pushed 1 commits
fatal: unable to access 'https://github.com/Wibwubcar/Wibwub-Dashboard.git/': Could not resolve host: github.com
2026-08-08 18:38 pushed 1 commits
fatal: unable to access 'https://github.com/Wibwubcar/Wibwub-Dashboard.git/': Could not resolve host: github.com
2026-08-08 18:43 pushed 1 commits
fatal: unable to access 'https://github.com/Wibwubcar/Wibwub-Dashboard.git/': Could not resolve host: github.com
2026-08-08 18:48 pushed 1 commits
fatal: unable to access 'https://github.com/Wibwubcar/Wibwub-Dashboard.git/': Could not resolve host: github.com
2026-08-08 18:53 pushed 1 commits
fatal: unable to access 'https://github.com/Wibwubcar/Wibwub-Dashboard.git/': Could not resolve host: github.com
2026-08-08 19:09 pushed 1 commits
fatal: unable to access 'https://github.com/Wibwubcar/Wibwub-Dashboard.git/': Could not resolve host: github.com
2026-08-08 19:14 pushed 1 commits
fatal: unable to access 'https://github.com/Wibwubcar/Wibwub-Dashboard.git/': Could not resolve host: github.com
2026-08-08 19:19 pushed 1 commits
fatal: unable to access 'https://github.com/Wibwubcar/Wibwub-Dashboard.git/': Could not resolve host: github.com
2026-08-08 19:24 pushed 1 commits
fatal: unable to access 'https://github.com/Wibwubcar/Wibwub-Dashboard.git/': Could not resolve host: github.com
2026-08-08 19:29 pushed 1 commits
fatal: unable to access 'https://github.com/Wibwubcar/Wibwub-Dashboard.git/': Could not resolve host: github.com
2026-08-08 19:34 pushed 1 commits
To https://github.com/Wibwubcar/Wibwub-Dashboard.git
   ecc192b..5b47ac5  main -> main
2026-08-08 19:40 pushed 1 commits
To https://github.com/Wibwubcar/Wibwub-Dashboard.git
   645fa42..bfa8ccc  main -> main
2026-08-09 08:50 pushed 1 commits
To https://github.com/Wibwubcar/Wibwub-Dashboard.git
   e2f321d..abea4b0  main -> main
2026-08-09 19:51 pushed 1 commits
To https://github.com/Wibwubcar/Wibwub-Dashboard.git
   abea4b0..e5d6c9e  main -> main
2026-08-09 20:11 pushed 1 commits
To https://github.com/Wibwubcar/Wibwub-Dashboard.git
   e5d6c9e..8eee201  main -> main
2026-08-10 08:35 pushed 1 commits
To https://github.com/Wibwubcar/Wibwub-Dashboard.git
   f4fa9f3..0811a03  main -> main
2026-08-10 19:53 pushed 1 commits
To https://github.com/Wibwubcar/Wibwub-Dashboard.git
   376c9df..90821fc  main -> main
2026-08-10 20:33 pushed 1 commits
To https://github.com/Wibwubcar/Wibwub-Dashboard.git
   90821fc..12c66d4  main -> main
2026-08-11 08:39 pushed 1 commits
To https://github.com/Wibwubcar/Wibwub-Dashboard.git
   011456f..e4a4709  main -> main
2026-08-12 08:25 pushed 1 commits
To https://github.com/Wibwubcar/Wibwub-Dashboard.git
   e4a4709..2975388  main -> main
2026-08-12 08:30 pushed 1 commits
To https://github.com/Wibwubcar/Wibwub-Dashboard.git
   2975388..3969fbc  main -> main
2026-08-12 08:41 pushed 1 commits
To https://github.com/Wibwubcar/Wibwub-Dashboard.git
   3969fbc..325a5f6  main -> main
2026-08-12 08:51 pushed 1 commits
To https://github.com/Wibwubcar/Wibwub-Dashboard.git
   ad3142d..117315a  main -> main
2026-08-12 09:46 pushed 1 commits
To https://github.com/Wibwubcar/Wibwub-Dashboard.git
   d93ef4d..0eab7b8  main -> main
2026-08-12 19:51 pushed 2 commits
To https://github.com/Wibwubcar/Wibwub-Dashboard.git
   81c0184..68b82c4  main -> main
2026-08-13 20:57 pushed 1 commits
To https://github.com/Wibwubcar/Wibwub-Dashboard.git
   8a92a1b..7f66f3b  main -> main
2026-08-14 10:35 pushed 1 commits
To https://github.com/Wibwubcar/Wibwub-Dashboard.git
   fb44ad9..8833159  main -> main
2026-08-15 08:51 pushed 1 commits
To https://github.com/Wibwubcar/Wibwub-Dashboard.git
   033542e..e63ab76  main -> main
2026-08-15 10:52 pushed 1 commits
To https://github.com/Wibwubcar/Wibwub-Dashboard.git
   e25d50e..3e4f65b  main -> main
2026-08-15 19:22 pushed 1 commits
To https://github.com/Wibwubcar/Wibwub-Dashboard.git
   975aec9..bc73bbb  main -> main
2026-08-16 10:05 pushed 1 commits
Everything up-to-date
2026-08-16 10:25 pushed 1 commits
To https://github.com/Wibwubcar/Wibwub-Dashboard.git
   f3e627c..a09987f  main -> main
2026-08-16 22:19 pushed 1 commits
Everything up-to-date
2026-08-17 19:57 pushed 1 commits
To https://github.com/Wibwubcar/Wibwub-Dashboard.git
   921999b..2e0ffc3  main -> main
2026-08-17 20:17 pushed 1 commits
To https://github.com/Wibwubcar/Wibwub-Dashboard.git
   2e0ffc3..cac9af4  main -> main
2026-08-17 20:42 pushed 1 commits
To https://github.com/Wibwubcar/Wibwub-Dashboard.git
   956235d..37c4386  main -> main
2026-08-18 08:51 pushed 1 commits
To https://github.com/Wibwubcar/Wibwub-Dashboard.git
 ! [remote rejected] main -> main (cannot lock ref 'refs/heads/main': is at 2f51a17b0c55abac6c9b1b40fb1f45fa7c8a3ec1 but expected 9636767c27ae7824fab45e8dacfb195d80e70e05)
error: failed to push some refs to 'https://github.com/Wibwubcar/Wibwub-Dashboard.git'
2026-08-18 19:27 pushed 1 commits
To https://github.com/Wibwubcar/Wibwub-Dashboard.git
   4b01337..87f06ee  main -> main
2026-08-19 12:08 pushed 1 commits
To https://github.com/Wibwubcar/Wibwub-Dashboard.git
   83a0496..4e868c5  main -> main
2026-08-20 09:13 pushed 1 commits
To https://github.com/Wibwubcar/Wibwub-Dashboard.git
   4e868c5..bdf0877  main -> main
2026-08-20 09:43 pushed 1 commits
To https://github.com/Wibwubcar/Wibwub-Dashboard.git
   bdf0877..40c9ed7  main -> main
2026-08-20 09:53 pushed 1 commits
To https://github.com/Wibwubcar/Wibwub-Dashboard.git
   886c14a..2211564  main -> main
2026-08-20 22:36 pushed 1 commits
To https://github.com/Wibwubcar/Wibwub-Dashboard.git
   9e1e0a9..4328f26  main -> main
2026-08-20 22:56 pushed 1 commits
To https://github.com/Wibwubcar/Wibwub-Dashboard.git
   3057762..62ba218  main -> main
2026-08-21 08:43 pushed 1 commits
fatal: unable to access 'https://github.com/Wibwubcar/Wibwub-Dashboard.git/': Could not resolve host: github.com
2026-08-21 19:26 pushed 1 commits
To https://github.com/Wibwubcar/Wibwub-Dashboard.git
   de40e83..ee038e2  main -> main
2026-08-21 20:21 pushed 1 commits
To https://github.com/Wibwubcar/Wibwub-Dashboard.git
   ee038e2..c716038  main -> main
2026-08-22 00:40 pushed 1 commits
To https://github.com/Wibwubcar/Wibwub-Dashboard.git
   9d8be57..631d8ad  main -> main
2026-08-22 00:50 pushed 1 commits
To https://github.com/Wibwubcar/Wibwub-Dashboard.git
   fd0ec60..fb8ca3b  main -> main
2026-08-22 01:10 pushed 1 commits
fatal: unable to access 'https://github.com/Wibwubcar/Wibwub-Dashboard.git/': Could not resolve host: github.com
2026-08-22 19:25 pushed 1 commits
fatal: unable to access 'https://github.com/Wibwubcar/Wibwub-Dashboard.git/': Could not resolve host: github.com
2026-08-22 20:33 pushed 1 commits
To https://github.com/Wibwubcar/Wibwub-Dashboard.git
   91743bb..ac7a6b3  main -> main
2026-08-22 22:27 pushed 1 commits
To https://github.com/Wibwubcar/Wibwub-Dashboard.git
   38a2574..ee05a08  main -> main
2026-08-22 22:37 pushed 1 commits
To https://github.com/Wibwubcar/Wibwub-Dashboard.git
   ee05a08..5fd1f25  main -> main
2026-08-22 22:42 pushed 1 commits
To https://github.com/Wibwubcar/Wibwub-Dashboard.git
   1525cdf..d11b83c  main -> main
2026-08-23 09:13 pushed 1 commits
To https://github.com/Wibwubcar/Wibwub-Dashboard.git
   40a4bb5..1b5250d  main -> main
2026-08-23 19:35 pushed 1 commits
To https://github.com/Wibwubcar/Wibwub-Dashboard.git
   1b5250d..14f8987  main -> main
2026-08-23 19:55 pushed 1 commits
To https://github.com/Wibwubcar/Wibwub-Dashboard.git
   cb28cf3..39a795c  main -> main
2026-08-24 08:51 pushed 1 commits
To https://github.com/Wibwubcar/Wibwub-Dashboard.git
   0c5fdaf..bf4e114  main -> main
2026-08-24 19:19 pushed 1 commits
To https://github.com/Wibwubcar/Wibwub-Dashboard.git
   f3467da..31c7c3e  main -> main
2026-08-24 19:49 pushed 1 commits
To https://github.com/Wibwubcar/Wibwub-Dashboard.git
   b22ee33..dac0c0c  main -> main
2026-08-24 19:54 pushed 1 commits
To https://github.com/Wibwubcar/Wibwub-Dashboard.git
   78c7650..07b9c87  main -> main
2026-08-25 15:11 pushed 1 commits
To https://github.com/Wibwubcar/Wibwub-Dashboard.git
   0ba8ecc..8c5236a  main -> main
2026-08-25 20:46 pushed 1 commits
To https://github.com/Wibwubcar/Wibwub-Dashboard.git
   6a7d5d3..2d73142  main -> main
2026-08-26 08:47 pushed 1 commits
To https://github.com/Wibwubcar/Wibwub-Dashboard.git
   436f4cd..ae5eaf2  main -> main
2026-08-26 20:08 pushed 1 commits
To https://github.com/Wibwubcar/Wibwub-Dashboard.git
   ce18f62..aaab56b  main -> main
2026-08-27 08:51 pushed 1 commits
To https://github.com/Wibwubcar/Wibwub-Dashboard.git
   583b1ad..1a44173  main -> main
2026-08-27 09:44 pushed 1 commits
To https://github.com/Wibwubcar/Wibwub-Dashboard.git
   2295103..0d69e47  main -> main
2026-08-27 10:14 pushed 1 commits
To https://github.com/Wibwubcar/Wibwub-Dashboard.git
   0d69e47..db54d18  main -> main
2026-08-27 10:24 pushed 1 commits
To https://github.com/Wibwubcar/Wibwub-Dashboard.git
   d57f8c4..7534250  main -> main
2026-08-27 20:37 pushed 1 commits
To https://github.com/Wibwubcar/Wibwub-Dashboard.git
 ! [remote rejected] main -> main (cannot lock ref 'refs/heads/main': is at 4a1bfe5465832448e93e4b2cd5f8a4837fe3aa63 but expected 75342500f3147a22db1b7b104685fc24b4dd3ccc)
error: failed to push some refs to 'https://github.com/Wibwubcar/Wibwub-Dashboard.git'
2026-08-27 20:42 pushed 1 commits
To https://github.com/Wibwubcar/Wibwub-Dashboard.git
   8a2d8a0..0a2e9da  main -> main
2026-08-27 21:42 pushed 1 commits
To https://github.com/Wibwubcar/Wibwub-Dashboard.git
   494c807..6e4b656  main -> main
2026-08-28 09:43 pushed 1 commits
To https://github.com/Wibwubcar/Wibwub-Dashboard.git
   0c1169f..96a1535  main -> main
2026-08-28 19:39 pushed 1 commits
To https://github.com/Wibwubcar/Wibwub-Dashboard.git
   1f74e45..c17cfdb  main -> main
2026-08-28 20:19 pushed 1 commits
To https://github.com/Wibwubcar/Wibwub-Dashboard.git
   e84d3a2..53216a5  main -> main
2026-08-29 08:50 pushed 1 commits
To https://github.com/Wibwubcar/Wibwub-Dashboard.git
 ! [remote rejected] main -> main (cannot lock ref 'refs/heads/main': is at 8236b8c5a1d87d8a20ba8cc5e086117eabc2653c but expected 5a305bb870685ec2e0695a88d34079bc47792ebf)
error: failed to push some refs to 'https://github.com/Wibwubcar/Wibwub-Dashboard.git'
2026-08-29 21:40 pushed 1 commits
To https://github.com/Wibwubcar/Wibwub-Dashboard.git
   b0064ef..6b74c06  main -> main
2026-08-29 22:01 pushed 1 commits
To https://github.com/Wibwubcar/Wibwub-Dashboard.git
   6b74c06..69ee7bc  main -> main
2026-08-29 22:11 pushed 1 commits
To https://github.com/Wibwubcar/Wibwub-Dashboard.git
   7c850f6..b64afa3  main -> main
2026-08-29 22:31 pushed 1 commits
To https://github.com/Wibwubcar/Wibwub-Dashboard.git
   bc81f19..9d2946c  main -> main
2026-08-30 08:52 pushed 1 commits
To https://github.com/Wibwubcar/Wibwub-Dashboard.git
   a5a7b75..44ffce0  main -> main
2026-08-30 20:48 pushed 1 commits
To https://github.com/Wibwubcar/Wibwub-Dashboard.git
   6cfeca3..cbaa2e3  main -> main
2026-08-31 08:51 pushed 1 commits
To https://github.com/Wibwubcar/Wibwub-Dashboard.git
   cbaa2e3..218d412  main -> main
2026-08-31 09:11 pushed 1 commits
To https://github.com/Wibwubcar/Wibwub-Dashboard.git
   be8020b..81f487e  main -> main
2026-08-31 15:17 pushed 1 commits
To https://github.com/Wibwubcar/Wibwub-Dashboard.git
 ! [rejected]        main -> main (non-fast-forward)
error: failed to push some refs to 'https://github.com/Wibwubcar/Wibwub-Dashboard.git'
hint: Updates were rejected because the tip of your current branch is behind
hint: its remote counterpart. If you want to integrate the remote changes,
hint: use 'git pull' before pushing again.
hint: See the 'Note about fast-forwards' in 'git push --help' for details.
2026-08-31 15:27 pushed 1 commits
To https://github.com/Wibwubcar/Wibwub-Dashboard.git
 ! [rejected]        main -> main (non-fast-forward)
error: failed to push some refs to 'https://github.com/Wibwubcar/Wibwub-Dashboard.git'
hint: Updates were rejected because the tip of your current branch is behind
hint: its remote counterpart. If you want to integrate the remote changes,
hint: use 'git pull' before pushing again.
hint: See the 'Note about fast-forwards' in 'git push --help' for details.
2026-08-31 15:32 pushed 1 commits
To https://github.com/Wibwubcar/Wibwub-Dashboard.git
 ! [rejected]        main -> main (non-fast-forward)
error: failed to push some refs to 'https://github.com/Wibwubcar/Wibwub-Dashboard.git'
hint: Updates were rejected because the tip of your current branch is behind
hint: its remote counterpart. If you want to integrate the remote changes,
hint: use 'git pull' before pushing again.
hint: See the 'Note about fast-forwards' in 'git push --help' for details.
2026-08-31 15:37 pushed 1 commits
To https://github.com/Wibwubcar/Wibwub-Dashboard.git
 ! [rejected]        main -> main (non-fast-forward)
error: failed to push some refs to 'https://github.com/Wibwubcar/Wibwub-Dashboard.git'
hint: Updates were rejected because the tip of your current branch is behind
hint: its remote counterpart. If you want to integrate the remote changes,
hint: use 'git pull' before pushing again.
hint: See the 'Note about fast-forwards' in 'git push --help' for details.
2026-08-31 15:42 pushed 1 commits
To https://github.com/Wibwubcar/Wibwub-Dashboard.git
 ! [rejected]        main -> main (non-fast-forward)
error: failed to push some refs to 'https://github.com/Wibwubcar/Wibwub-Dashboard.git'
hint: Updates were rejected because the tip of your current branch is behind
hint: its remote counterpart. If you want to integrate the remote changes,
hint: use 'git pull' before pushing again.
hint: See the 'Note about fast-forwards' in 'git push --help' for details.
2026-08-31 15:47 pushed 1 commits
To https://github.com/Wibwubcar/Wibwub-Dashboard.git
 ! [rejected]        main -> main (non-fast-forward)
error: failed to push some refs to 'https://github.com/Wibwubcar/Wibwub-Dashboard.git'
hint: Updates were rejected because the tip of your current branch is behind
hint: its remote counterpart. If you want to integrate the remote changes,
hint: use 'git pull' before pushing again.
hint: See the 'Note about fast-forwards' in 'git push --help' for details.
2026-08-31 15:52 pushed 1 commits
To https://github.com/Wibwubcar/Wibwub-Dashboard.git
 ! [rejected]        main -> main (non-fast-forward)
error: failed to push some refs to 'https://github.com/Wibwubcar/Wibwub-Dashboard.git'
hint: Updates were rejected because the tip of your current branch is behind
hint: its remote counterpart. If you want to integrate the remote changes,
hint: use 'git pull' before pushing again.
hint: See the 'Note about fast-forwards' in 'git push --help' for details.
2026-08-31 15:57 pushed 1 commits
To https://github.com/Wibwubcar/Wibwub-Dashboard.git
 ! [rejected]        main -> main (non-fast-forward)
error: failed to push some refs to 'https://github.com/Wibwubcar/Wibwub-Dashboard.git'
hint: Updates were rejected because the tip of your current branch is behind
hint: its remote counterpart. If you want to integrate the remote changes,
hint: use 'git pull' before pushing again.
hint: See the 'Note about fast-forwards' in 'git push --help' for details.
2026-08-31 16:02 pushed 1 commits
To https://github.com/Wibwubcar/Wibwub-Dashboard.git
 ! [rejected]        main -> main (non-fast-forward)
error: failed to push some refs to 'https://github.com/Wibwubcar/Wibwub-Dashboard.git'
hint: Updates were rejected because the tip of your current branch is behind
hint: its remote counterpart. If you want to integrate the remote changes,
hint: use 'git pull' before pushing again.
hint: See the 'Note about fast-forwards' in 'git push --help' for details.
2026-08-31 16:07 pushed 1 commits
To https://github.com/Wibwubcar/Wibwub-Dashboard.git
 ! [rejected]        main -> main (non-fast-forward)
error: failed to push some refs to 'https://github.com/Wibwubcar/Wibwub-Dashboard.git'
hint: Updates were rejected because the tip of your current branch is behind
hint: its remote counterpart. If you want to integrate the remote changes,
hint: use 'git pull' before pushing again.
hint: See the 'Note about fast-forwards' in 'git push --help' for details.
2026-08-31 16:12 pushed 1 commits
To https://github.com/Wibwubcar/Wibwub-Dashboard.git
 ! [rejected]        main -> main (non-fast-forward)
error: failed to push some refs to 'https://github.com/Wibwubcar/Wibwub-Dashboard.git'
hint: Updates were rejected because the tip of your current branch is behind
hint: its remote counterpart. If you want to integrate the remote changes,
hint: use 'git pull' before pushing again.
hint: See the 'Note about fast-forwards' in 'git push --help' for details.
2026-08-31 16:17 pushed 1 commits
To https://github.com/Wibwubcar/Wibwub-Dashboard.git
 ! [rejected]        main -> main (non-fast-forward)
error: failed to push some refs to 'https://github.com/Wibwubcar/Wibwub-Dashboard.git'
hint: Updates were rejected because the tip of your current branch is behind
hint: its remote counterpart. If you want to integrate the remote changes,
hint: use 'git pull' before pushing again.
hint: See the 'Note about fast-forwards' in 'git push --help' for details.
2026-08-31 16:22 pushed 1 commits
To https://github.com/Wibwubcar/Wibwub-Dashboard.git
 ! [rejected]        main -> main (non-fast-forward)
error: failed to push some refs to 'https://github.com/Wibwubcar/Wibwub-Dashboard.git'
hint: Updates were rejected because the tip of your current branch is behind
hint: its remote counterpart. If you want to integrate the remote changes,
hint: use 'git pull' before pushing again.
hint: See the 'Note about fast-forwards' in 'git push --help' for details.
2026-08-31 16:27 pushed 1 commits
To https://github.com/Wibwubcar/Wibwub-Dashboard.git
 ! [rejected]        main -> main (non-fast-forward)
error: failed to push some refs to 'https://github.com/Wibwubcar/Wibwub-Dashboard.git'
hint: Updates were rejected because the tip of your current branch is behind
hint: its remote counterpart. If you want to integrate the remote changes,
hint: use 'git pull' before pushing again.
hint: See the 'Note about fast-forwards' in 'git push --help' for details.
2026-08-31 16:32 pushed 1 commits
To https://github.com/Wibwubcar/Wibwub-Dashboard.git
 ! [rejected]        main -> main (non-fast-forward)
error: failed to push some refs to 'https://github.com/Wibwubcar/Wibwub-Dashboard.git'
hint: Updates were rejected because the tip of your current branch is behind
hint: its remote counterpart. If you want to integrate the remote changes,
hint: use 'git pull' before pushing again.
hint: See the 'Note about fast-forwards' in 'git push --help' for details.
2026-08-31 16:37 pushed 1 commits
To https://github.com/Wibwubcar/Wibwub-Dashboard.git
 ! [rejected]        main -> main (non-fast-forward)
error: failed to push some refs to 'https://github.com/Wibwubcar/Wibwub-Dashboard.git'
hint: Updates were rejected because the tip of your current branch is behind
hint: its remote counterpart. If you want to integrate the remote changes,
hint: use 'git pull' before pushing again.
hint: See the 'Note about fast-forwards' in 'git push --help' for details.
2026-08-31 16:42 pushed 1 commits
To https://github.com/Wibwubcar/Wibwub-Dashboard.git
 ! [rejected]        main -> main (non-fast-forward)
error: failed to push some refs to 'https://github.com/Wibwubcar/Wibwub-Dashboard.git'
hint: Updates were rejected because the tip of your current branch is behind
hint: its remote counterpart. If you want to integrate the remote changes,
hint: use 'git pull' before pushing again.
hint: See the 'Note about fast-forwards' in 'git push --help' for details.
2026-08-31 16:47 pushed 1 commits
To https://github.com/Wibwubcar/Wibwub-Dashboard.git
 ! [rejected]        main -> main (non-fast-forward)
error: failed to push some refs to 'https://github.com/Wibwubcar/Wibwub-Dashboard.git'
hint: Updates were rejected because the tip of your current branch is behind
hint: its remote counterpart. If you want to integrate the remote changes,
hint: use 'git pull' before pushing again.
hint: See the 'Note about fast-forwards' in 'git push --help' for details.
2026-08-31 16:52 pushed 1 commits
To https://github.com/Wibwubcar/Wibwub-Dashboard.git
 ! [rejected]        main -> main (non-fast-forward)
error: failed to push some refs to 'https://github.com/Wibwubcar/Wibwub-Dashboard.git'
hint: Updates were rejected because the tip of your current branch is behind
hint: its remote counterpart. If you want to integrate the remote changes,
hint: use 'git pull' before pushing again.
hint: See the 'Note about fast-forwards' in 'git push --help' for details.
2026-08-31 16:57 pushed 1 commits
To https://github.com/Wibwubcar/Wibwub-Dashboard.git
 ! [rejected]        main -> main (non-fast-forward)
error: failed to push some refs to 'https://github.com/Wibwubcar/Wibwub-Dashboard.git'
hint: Updates were rejected because the tip of your current branch is behind
hint: its remote counterpart. If you want to integrate the remote changes,
hint: use 'git pull' before pushing again.
hint: See the 'Note about fast-forwards' in 'git push --help' for details.
2026-08-31 17:02 pushed 1 commits
fatal: unable to access 'https://github.com/Wibwubcar/Wibwub-Dashboard.git/': Could not resolve host: github.com
2026-08-31 17:32 pushed 1 commits
fatal: unable to access 'https://github.com/Wibwubcar/Wibwub-Dashboard.git/': Could not resolve host: github.com
2026-08-31 19:17 pushed 1 commits
fatal: unable to access 'https://github.com/Wibwubcar/Wibwub-Dashboard.git/': Could not resolve host: github.com
2026-08-31 20:16 pushed 2 commits
To https://github.com/Wibwubcar/Wibwub-Dashboard.git
 ! [rejected]        main -> main (non-fast-forward)
error: failed to push some refs to 'https://github.com/Wibwubcar/Wibwub-Dashboard.git'
hint: Updates were rejected because the tip of your current branch is behind
hint: its remote counterpart. If you want to integrate the remote changes,
hint: use 'git pull' before pushing again.
hint: See the 'Note about fast-forwards' in 'git push --help' for details.
2026-08-31 20:59 pushed 3 commits
To https://github.com/Wibwubcar/Wibwub-Dashboard.git
 ! [rejected]        main -> main (non-fast-forward)
error: failed to push some refs to 'https://github.com/Wibwubcar/Wibwub-Dashboard.git'
hint: Updates were rejected because the tip of your current branch is behind
hint: its remote counterpart. If you want to integrate the remote changes,
hint: use 'git pull' before pushing again.
hint: See the 'Note about fast-forwards' in 'git push --help' for details.
2026-08-31 21:04 pushed 3 commits
To https://github.com/Wibwubcar/Wibwub-Dashboard.git
 ! [rejected]        main -> main (non-fast-forward)
error: failed to push some refs to 'https://github.com/Wibwubcar/Wibwub-Dashboard.git'
hint: Updates were rejected because the tip of your current branch is behind
hint: its remote counterpart. If you want to integrate the remote changes,
hint: use 'git pull' before pushing again.
hint: See the 'Note about fast-forwards' in 'git push --help' for details.
2026-08-31 21:09 pushed 3 commits
To https://github.com/Wibwubcar/Wibwub-Dashboard.git
 ! [rejected]        main -> main (non-fast-forward)
error: failed to push some refs to 'https://github.com/Wibwubcar/Wibwub-Dashboard.git'
hint: Updates were rejected because the tip of your current branch is behind
hint: its remote counterpart. If you want to integrate the remote changes,
hint: use 'git pull' before pushing again.
hint: See the 'Note about fast-forwards' in 'git push --help' for details.
2026-08-31 21:14 pushed 3 commits
To https://github.com/Wibwubcar/Wibwub-Dashboard.git
 ! [rejected]        main -> main (non-fast-forward)
error: failed to push some refs to 'https://github.com/Wibwubcar/Wibwub-Dashboard.git'
hint: Updates were rejected because the tip of your current branch is behind
hint: its remote counterpart. If you want to integrate the remote changes,
hint: use 'git pull' before pushing again.
hint: See the 'Note about fast-forwards' in 'git push --help' for details.
2026-08-31 21:19 pushed 3 commits
To https://github.com/Wibwubcar/Wibwub-Dashboard.git
 ! [rejected]        main -> main (non-fast-forward)
error: failed to push some refs to 'https://github.com/Wibwubcar/Wibwub-Dashboard.git'
hint: Updates were rejected because the tip of your current branch is behind
hint: its remote counterpart. If you want to integrate the remote changes,
hint: use 'git pull' before pushing again.
hint: See the 'Note about fast-forwards' in 'git push --help' for details.
2026-08-31 21:24 pushed 3 commits
To https://github.com/Wibwubcar/Wibwub-Dashboard.git
 ! [rejected]        main -> main (non-fast-forward)
error: failed to push some refs to 'https://github.com/Wibwubcar/Wibwub-Dashboard.git'
hint: Updates were rejected because the tip of your current branch is behind
hint: its remote counterpart. If you want to integrate the remote changes,
hint: use 'git pull' before pushing again.
hint: See the 'Note about fast-forwards' in 'git push --help' for details.
2026-08-31 21:29 pushed 3 commits
To https://github.com/Wibwubcar/Wibwub-Dashboard.git
 ! [remote rejected] main -> main (cannot lock ref 'refs/heads/main': is at 81b48a6fe5d5df36ecec2f03b199ec9b27a2d52f but expected 20dd837a76e754902eb9c33ade02a4f3679ff5f8)
error: failed to push some refs to 'https://github.com/Wibwubcar/Wibwub-Dashboard.git'
2026-08-31 21:45 pushed 1 commits
To https://github.com/Wibwubcar/Wibwub-Dashboard.git
   5b7b7d7..b474a6d  main -> main
2026-09-01 08:11 pushed 1 commits
fatal: unable to access 'https://github.com/Wibwubcar/Wibwub-Dashboard.git/': Could not resolve host: github.com
2026-09-01 09:02 pushed 1 commits
To https://github.com/Wibwubcar/Wibwub-Dashboard.git
   b4d6441..29bc7ee  main -> main
2026-09-01 10:12 pushed 1 commits
To https://github.com/Wibwubcar/Wibwub-Dashboard.git
   4637804..67e7045  main -> main
2026-09-01 17:27 pushed 1 commits
To https://github.com/Wibwubcar/Wibwub-Dashboard.git
   ed39a9f..ec1768b  main -> main
2026-09-01 20:23 pushed 1 commits
To https://github.com/Wibwubcar/Wibwub-Dashboard.git
   bf81195..c61a1c6  main -> main
2026-09-01 23:43 pushed 1 commits
To https://github.com/Wibwubcar/Wibwub-Dashboard.git
   e355ad6..1dcc745  main -> main
2026-09-01 23:48 pushed 1 commits
To https://github.com/Wibwubcar/Wibwub-Dashboard.git
   58bd555..d9e82ac  main -> main
2026-09-02 08:24 pushed 1 commits
To https://github.com/Wibwubcar/Wibwub-Dashboard.git
   f40b9d2..9a5b333  main -> main
2026-09-02 08:39 pushed 1 commits
To https://github.com/Wibwubcar/Wibwub-Dashboard.git
   045a32f..209a532  main -> main
2026-09-02 18:39 pushed 1 commits
To https://github.com/Wibwubcar/Wibwub-Dashboard.git
   bbc7a01..44ee649  main -> main
2026-09-02 20:19 pushed 1 commits
To https://github.com/Wibwubcar/Wibwub-Dashboard.git
   16e8bd6..8d97cc9  main -> main
2026-09-02 20:24 pushed 1 commits
To https://github.com/Wibwubcar/Wibwub-Dashboard.git
   b727bad..26cf795  main -> main
2026-09-03 09:09 pushed 1 commits
To https://github.com/Wibwubcar/Wibwub-Dashboard.git
   70781f7..5c6855b  main -> main
2026-09-03 22:27 pushed 1 commits
To https://github.com/Wibwubcar/Wibwub-Dashboard.git
   5db6dc6..fec432a  main -> main
2026-09-04 08:15 pushed 2 commits
To https://github.com/Wibwubcar/Wibwub-Dashboard.git
   0118e05..9f8dd8f  main -> main
2026-09-04 08:50 pushed 1 commits
To https://github.com/Wibwubcar/Wibwub-Dashboard.git
   9f8dd8f..94dcbae  main -> main
2026-09-04 08:55 pushed 1 commits
To https://github.com/Wibwubcar/Wibwub-Dashboard.git
   8bd8f80..ff64725  main -> main
2026-09-04 23:04 pushed 2 commits
To https://github.com/Wibwubcar/Wibwub-Dashboard.git
   d5cbaa7..8a85265  main -> main
2026-09-04 23:14 pushed 1 commits
To https://github.com/Wibwubcar/Wibwub-Dashboard.git
 ! [remote rejected] main -> main (cannot lock ref 'refs/heads/main': is at 993cb1fddb27a4e0f6675ebbf58f17db87508a5f but expected 86a0bb0f4a8f5560528f5eb10ca55daf010a926b)
error: failed to push some refs to 'https://github.com/Wibwubcar/Wibwub-Dashboard.git'
2026-09-05 09:04 pushed 1 commits
To https://github.com/Wibwubcar/Wibwub-Dashboard.git
   5b26f8f..35a6324  main -> main
2026-09-05 22:46 pushed 1 commits
To https://github.com/Wibwubcar/Wibwub-Dashboard.git
   35a6324..ddc73ac  main -> main
2026-09-06 09:02 pushed 1 commits
To https://github.com/Wibwubcar/Wibwub-Dashboard.git
   d8fbf24..c6becb1  main -> main
2026-09-07 08:27 pushed 1 commits
To https://github.com/Wibwubcar/Wibwub-Dashboard.git
   ea91b8c..faa9d9a  main -> main
2026-09-07 08:47 pushed 1 commits
To https://github.com/Wibwubcar/Wibwub-Dashboard.git
   4edb64d..3ecbd36  main -> main
2026-09-07 09:32 pushed 1 commits
To https://github.com/Wibwubcar/Wibwub-Dashboard.git
   946a36d..67e7cf9  main -> main
2026-09-07 21:35 pushed 1 commits
To https://github.com/Wibwubcar/Wibwub-Dashboard.git
   67e7cf9..0df1446  main -> main
2026-09-08 08:11 pushed 1 commits
To https://github.com/Wibwubcar/Wibwub-Dashboard.git
   49f68fd..c465c14  main -> main
2026-09-08 09:06 pushed 1 commits
To https://github.com/Wibwubcar/Wibwub-Dashboard.git
 ! [remote rejected] main -> main (cannot lock ref 'refs/heads/main': is at f43df5adb970ff9c13fe28a44286a34c3f7dcede but expected b2d1ca4d776ada707bcf5d1505226ecc2c1a14cf)
error: failed to push some refs to 'https://github.com/Wibwubcar/Wibwub-Dashboard.git'
2026-09-08 09:11 pushed 1 commits
To https://github.com/Wibwubcar/Wibwub-Dashboard.git
   754fe62..cd92f2a  main -> main
2026-09-08 09:36 pushed 1 commits
To https://github.com/Wibwubcar/Wibwub-Dashboard.git
   8da035b..2230700  main -> main
2026-09-08 20:37 pushed 1 commits
To https://github.com/Wibwubcar/Wibwub-Dashboard.git
   4d0bb88..47bae1f  main -> main
2026-09-09 08:16 pushed 1 commits
To https://github.com/Wibwubcar/Wibwub-Dashboard.git
   2af1680..d57aa7c  main -> main
2026-09-09 08:53 pushed 1 commits
To https://github.com/Wibwubcar/Wibwub-Dashboard.git
   54dc2af..fc69dd0  main -> main
2026-09-09 09:23 pushed 2 commits
To https://github.com/Wibwubcar/Wibwub-Dashboard.git
   3d8b755..0fcf82f  main -> main
2026-09-09 20:43 pushed 1 commits
To https://github.com/Wibwubcar/Wibwub-Dashboard.git
   37bfdad..e046ef9  main -> main
2026-09-10 09:25 pushed 1 commits
To https://github.com/Wibwubcar/Wibwub-Dashboard.git
   e046ef9..084603f  main -> main
2026-09-10 09:30 pushed 1 commits
To https://github.com/Wibwubcar/Wibwub-Dashboard.git
   10399bb..e343270  main -> main
2026-09-10 09:40 pushed 1 commits
To https://github.com/Wibwubcar/Wibwub-Dashboard.git
   514f9be..8d344e3  main -> main
2026-09-10 10:00 pushed 1 commits
To https://github.com/Wibwubcar/Wibwub-Dashboard.git
 ! [remote rejected] main -> main (cannot lock ref 'refs/heads/main': is at 924cdbe39a296a769ae4208afcc95f64fbe862d9 but expected ff19a15c2e7e2890fe36545b43dd266286248706)
error: failed to push some refs to 'https://github.com/Wibwubcar/Wibwub-Dashboard.git'
2026-09-11 09:25 pushed 1 commits
To https://github.com/Wibwubcar/Wibwub-Dashboard.git
   06c5643..cb7a1e5  main -> main
2026-09-11 09:54 pushed 1 commits
To https://github.com/Wibwubcar/Wibwub-Dashboard.git
   7f43cd4..23dcfcf  main -> main
2026-09-11 10:30 pushed 1 commits
Everything up-to-date
2026-09-14 09:32 pushed 1 commits
To https://github.com/Wibwubcar/Wibwub-Dashboard.git
   5f7b643..2a57a62  main -> main
2026-09-14 09:47 pushed 1 commits
To https://github.com/Wibwubcar/Wibwub-Dashboard.git
   700ed63..78f2264  main -> main
2026-09-14 12:17 pushed 1 commits
To https://github.com/Wibwubcar/Wibwub-Dashboard.git
 ! [remote rejected] main -> main (cannot lock ref 'refs/heads/main': is at cca50b012be92368122f487c518c5e35aa855300 but expected 4899e2def78fa73127605cddd93cb0e352e88485)
error: failed to push some refs to 'https://github.com/Wibwubcar/Wibwub-Dashboard.git'
2026-09-14 13:02 pushed 1 commits
To https://github.com/Wibwubcar/Wibwub-Dashboard.git
 ! [remote rejected] main -> main (cannot lock ref 'refs/heads/main': is at 6b4e5102804a3a298c2018262972525d96686949 but expected cca50b012be92368122f487c518c5e35aa855300)
error: failed to push some refs to 'https://github.com/Wibwubcar/Wibwub-Dashboard.git'
2026-09-14 13:42 pushed 1 commits
To https://github.com/Wibwubcar/Wibwub-Dashboard.git
 ! [remote rejected] main -> main (cannot lock ref 'refs/heads/main': is at 234501cc2aba8ecd11dd2a7ed713a9e5c4e3198a but expected 6b4e5102804a3a298c2018262972525d96686949)
error: failed to push some refs to 'https://github.com/Wibwubcar/Wibwub-Dashboard.git'
2026-09-14 15:12 pushed 1 commits
To https://github.com/Wibwubcar/Wibwub-Dashboard.git
   234501c..2855038  main -> main
2026-09-14 16:08 pushed 1 commits
To https://github.com/Wibwubcar/Wibwub-Dashboard.git
   7bdde65..bc5455a  main -> main
2026-09-14 19:27 pushed 1 commits
To https://github.com/Wibwubcar/Wibwub-Dashboard.git
   d45fc64..629df1f  main -> main
2026-09-14 20:47 pushed 1 commits
To https://github.com/Wibwubcar/Wibwub-Dashboard.git
   629df1f..e14e932  main -> main
2026-09-15 08:15 pushed 1 commits
To https://github.com/Wibwubcar/Wibwub-Dashboard.git
   e14e932..54cdfcc  main -> main
2026-09-15 08:30 pushed 1 commits
To https://github.com/Wibwubcar/Wibwub-Dashboard.git
   dc92379..6feabfc  main -> main
2026-09-15 10:49 pushed 1 commits
To https://github.com/Wibwubcar/Wibwub-Dashboard.git
   54327dd..e3a6c39  main -> main
2026-09-15 10:54 pushed 1 commits
To https://github.com/Wibwubcar/Wibwub-Dashboard.git
   5a3fe3d..7d87394  main -> main
2026-09-15 19:51 pushed 1 commits
To https://github.com/Wibwubcar/Wibwub-Dashboard.git
   c08e337..f633ac4  main -> main
2026-09-16 09:17 pushed 1 commits
To https://github.com/Wibwubcar/Wibwub-Dashboard.git
   3369338..5e81660  main -> main
2026-09-16 19:38 pushed 1 commits
To https://github.com/Wibwubcar/Wibwub-Dashboard.git
   4f7bc3d..d2d6998  main -> main
2026-09-16 20:08 pushed 1 commits
To https://github.com/Wibwubcar/Wibwub-Dashboard.git
   9117cb7..2351686  main -> main
2026-09-16 20:38 pushed 1 commits
To https://github.com/Wibwubcar/Wibwub-Dashboard.git
   2351686..d8db58b  main -> main
2026-09-16 20:48 pushed 1 commits
To https://github.com/Wibwubcar/Wibwub-Dashboard.git
   d8db58b..4ddd6e2  main -> main
2026-09-17 08:36 pushed 1 commits
To https://github.com/Wibwubcar/Wibwub-Dashboard.git
   89c04db..3921028  main -> main
2026-09-17 08:51 pushed 1 commits
To https://github.com/Wibwubcar/Wibwub-Dashboard.git
   e40e40c..63ff726  main -> main
2026-09-17 09:11 pushed 1 commits
To https://github.com/Wibwubcar/Wibwub-Dashboard.git
   f235ada..fd0939c  main -> main
2026-09-17 09:46 pushed 1 commits
To https://github.com/Wibwubcar/Wibwub-Dashboard.git
   4e6f298..1d5db07  main -> main
2026-09-18 08:12 pushed 1 commits
To https://github.com/Wibwubcar/Wibwub-Dashboard.git
   1d5db07..2c832b1  main -> main
2026-09-18 08:32 pushed 1 commits
To https://github.com/Wibwubcar/Wibwub-Dashboard.git
   a51baa7..a76196a  main -> main
2026-09-19 08:09 pushed 2 commits
fatal: unable to access 'https://github.com/Wibwubcar/Wibwub-Dashboard.git/': Could not resolve host: github.com
2026-09-19 12:06 pushed 1 commits
To https://github.com/Wibwubcar/Wibwub-Dashboard.git
   69b0e8b..1993b9b  main -> main
2026-09-19 12:48 pushed 1 commits
To https://github.com/Wibwubcar/Wibwub-Dashboard.git
   1993b9b..fefa564  main -> main
2026-09-19 12:53 pushed 1 commits
To https://github.com/Wibwubcar/Wibwub-Dashboard.git
   fefa564..e5827bb  main -> main
2026-09-19 12:58 pushed 1 commits
To https://github.com/Wibwubcar/Wibwub-Dashboard.git
   df66b61..6547a95  main -> main
2026-09-20 09:17 pushed 1 commits
fatal: unable to access 'https://github.com/Wibwubcar/Wibwub-Dashboard.git/': Could not resolve host: github.com
2026-09-20 20:29 pushed 1 commits
fatal: unable to access 'https://github.com/Wibwubcar/Wibwub-Dashboard.git/': Could not resolve host: github.com
2026-09-20 21:51 pushed 1 commits
To https://github.com/Wibwubcar/Wibwub-Dashboard.git
   e9b9194..d285780  main -> main
2026-09-20 23:07 pushed 1 commits
To https://github.com/Wibwubcar/Wibwub-Dashboard.git
   8fbb513..42f1c72  main -> main
2026-09-21 09:00 pushed 1 commits
To https://github.com/Wibwubcar/Wibwub-Dashboard.git
   42f1c72..367bf36  main -> main
2026-09-21 09:05 pushed 1 commits
To https://github.com/Wibwubcar/Wibwub-Dashboard.git
   5a9f15b..1e76696  main -> main
2026-09-21 09:15 pushed 1 commits
To https://github.com/Wibwubcar/Wibwub-Dashboard.git
   d214804..cca9519  main -> main
2026-09-21 09:20 pushed 1 commits
To https://github.com/Wibwubcar/Wibwub-Dashboard.git
   04b23a1..f49a17e  main -> main
2026-09-21 19:41 pushed 1 commits
To https://github.com/Wibwubcar/Wibwub-Dashboard.git
 ! [rejected]        main -> main (non-fast-forward)
error: failed to push some refs to 'https://github.com/Wibwubcar/Wibwub-Dashboard.git'
hint: Updates were rejected because the tip of your current branch is behind
hint: its remote counterpart. If you want to integrate the remote changes,
hint: use 'git pull' before pushing again.
hint: See the 'Note about fast-forwards' in 'git push --help' for details.
2026-09-21 20:21 pushed 1 commits
To https://github.com/Wibwubcar/Wibwub-Dashboard.git
 ! [rejected]        main -> main (non-fast-forward)
error: failed to push some refs to 'https://github.com/Wibwubcar/Wibwub-Dashboard.git'
hint: Updates were rejected because the tip of your current branch is behind
hint: its remote counterpart. If you want to integrate the remote changes,
hint: use 'git pull' before pushing again.
hint: See the 'Note about fast-forwards' in 'git push --help' for details.
2026-09-21 20:26 pushed 1 commits
To https://github.com/Wibwubcar/Wibwub-Dashboard.git
 ! [rejected]        main -> main (non-fast-forward)
error: failed to push some refs to 'https://github.com/Wibwubcar/Wibwub-Dashboard.git'
hint: Updates were rejected because the tip of your current branch is behind
hint: its remote counterpart. If you want to integrate the remote changes,
hint: use 'git pull' before pushing again.
hint: See the 'Note about fast-forwards' in 'git push --help' for details.
2026-09-21 20:31 pushed 1 commits
To https://github.com/Wibwubcar/Wibwub-Dashboard.git
 ! [rejected]        main -> main (non-fast-forward)
error: failed to push some refs to 'https://github.com/Wibwubcar/Wibwub-Dashboard.git'
hint: Updates were rejected because the tip of your current branch is behind
hint: its remote counterpart. If you want to integrate the remote changes,
hint: use 'git pull' before pushing again.
hint: See the 'Note about fast-forwards' in 'git push --help' for details.
2026-09-21 20:36 pushed 1 commits
To https://github.com/Wibwubcar/Wibwub-Dashboard.git
 ! [rejected]        main -> main (non-fast-forward)
error: failed to push some refs to 'https://github.com/Wibwubcar/Wibwub-Dashboard.git'
hint: Updates were rejected because the tip of your current branch is behind
hint: its remote counterpart. If you want to integrate the remote changes,
hint: use 'git pull' before pushing again.
hint: See the 'Note about fast-forwards' in 'git push --help' for details.
2026-09-21 20:41 pushed 1 commits
To https://github.com/Wibwubcar/Wibwub-Dashboard.git
 ! [rejected]        main -> main (non-fast-forward)
error: failed to push some refs to 'https://github.com/Wibwubcar/Wibwub-Dashboard.git'
hint: Updates were rejected because the tip of your current branch is behind
hint: its remote counterpart. If you want to integrate the remote changes,
hint: use 'git pull' before pushing again.
hint: See the 'Note about fast-forwards' in 'git push --help' for details.
2026-09-21 20:46 pushed 1 commits
To https://github.com/Wibwubcar/Wibwub-Dashboard.git
 ! [rejected]        main -> main (non-fast-forward)
error: failed to push some refs to 'https://github.com/Wibwubcar/Wibwub-Dashboard.git'
hint: Updates were rejected because the tip of your current branch is behind
hint: its remote counterpart. If you want to integrate the remote changes,
hint: use 'git pull' before pushing again.
hint: See the 'Note about fast-forwards' in 'git push --help' for details.
2026-09-21 20:51 pushed 1 commits
To https://github.com/Wibwubcar/Wibwub-Dashboard.git
 ! [rejected]        main -> main (non-fast-forward)
error: failed to push some refs to 'https://github.com/Wibwubcar/Wibwub-Dashboard.git'
hint: Updates were rejected because the tip of your current branch is behind
hint: its remote counterpart. If you want to integrate the remote changes,
hint: use 'git pull' before pushing again.
hint: See the 'Note about fast-forwards' in 'git push --help' for details.
2026-09-21 20:56 pushed 1 commits
To https://github.com/Wibwubcar/Wibwub-Dashboard.git
 ! [rejected]        main -> main (non-fast-forward)
error: failed to push some refs to 'https://github.com/Wibwubcar/Wibwub-Dashboard.git'
hint: Updates were rejected because the tip of your current branch is behind
hint: its remote counterpart. If you want to integrate the remote changes,
hint: use 'git pull' before pushing again.
hint: See the 'Note about fast-forwards' in 'git push --help' for details.
2026-09-21 21:01 pushed 1 commits
To https://github.com/Wibwubcar/Wibwub-Dashboard.git
 ! [rejected]        main -> main (non-fast-forward)
error: failed to push some refs to 'https://github.com/Wibwubcar/Wibwub-Dashboard.git'
hint: Updates were rejected because the tip of your current branch is behind
hint: its remote counterpart. If you want to integrate the remote changes,
hint: use 'git pull' before pushing again.
hint: See the 'Note about fast-forwards' in 'git push --help' for details.
2026-09-21 21:06 pushed 1 commits
To https://github.com/Wibwubcar/Wibwub-Dashboard.git
 ! [rejected]        main -> main (non-fast-forward)
error: failed to push some refs to 'https://github.com/Wibwubcar/Wibwub-Dashboard.git'
hint: Updates were rejected because the tip of your current branch is behind
hint: its remote counterpart. If you want to integrate the remote changes,
hint: use 'git pull' before pushing again.
hint: See the 'Note about fast-forwards' in 'git push --help' for details.
2026-09-21 21:11 pushed 1 commits
To https://github.com/Wibwubcar/Wibwub-Dashboard.git
 ! [rejected]        main -> main (non-fast-forward)
error: failed to push some refs to 'https://github.com/Wibwubcar/Wibwub-Dashboard.git'
hint: Updates were rejected because the tip of your current branch is behind
hint: its remote counterpart. If you want to integrate the remote changes,
hint: use 'git pull' before pushing again.
hint: See the 'Note about fast-forwards' in 'git push --help' for details.
2026-09-21 21:16 pushed 1 commits
To https://github.com/Wibwubcar/Wibwub-Dashboard.git
 ! [rejected]        main -> main (non-fast-forward)
error: failed to push some refs to 'https://github.com/Wibwubcar/Wibwub-Dashboard.git'
hint: Updates were rejected because the tip of your current branch is behind
hint: its remote counterpart. If you want to integrate the remote changes,
hint: use 'git pull' before pushing again.
hint: See the 'Note about fast-forwards' in 'git push --help' for details.
2026-09-21 21:21 pushed 1 commits
To https://github.com/Wibwubcar/Wibwub-Dashboard.git
 ! [rejected]        main -> main (non-fast-forward)
error: failed to push some refs to 'https://github.com/Wibwubcar/Wibwub-Dashboard.git'
hint: Updates were rejected because the tip of your current branch is behind
hint: its remote counterpart. If you want to integrate the remote changes,
hint: use 'git pull' before pushing again.
hint: See the 'Note about fast-forwards' in 'git push --help' for details.
2026-09-21 21:26 pushed 1 commits
To https://github.com/Wibwubcar/Wibwub-Dashboard.git
 ! [rejected]        main -> main (non-fast-forward)
error: failed to push some refs to 'https://github.com/Wibwubcar/Wibwub-Dashboard.git'
hint: Updates were rejected because the tip of your current branch is behind
hint: its remote counterpart. If you want to integrate the remote changes,
hint: use 'git pull' before pushing again.
hint: See the 'Note about fast-forwards' in 'git push --help' for details.
2026-09-21 21:31 pushed 1 commits
To https://github.com/Wibwubcar/Wibwub-Dashboard.git
 ! [rejected]        main -> main (non-fast-forward)
error: failed to push some refs to 'https://github.com/Wibwubcar/Wibwub-Dashboard.git'
hint: Updates were rejected because the tip of your current branch is behind
hint: its remote counterpart. If you want to integrate the remote changes,
hint: use 'git pull' before pushing again.
hint: See the 'Note about fast-forwards' in 'git push --help' for details.
2026-09-21 21:36 pushed 1 commits
To https://github.com/Wibwubcar/Wibwub-Dashboard.git
 ! [rejected]        main -> main (non-fast-forward)
error: failed to push some refs to 'https://github.com/Wibwubcar/Wibwub-Dashboard.git'
hint: Updates were rejected because the tip of your current branch is behind
hint: its remote counterpart. If you want to integrate the remote changes,
hint: use 'git pull' before pushing again.
hint: See the 'Note about fast-forwards' in 'git push --help' for details.
2026-09-21 21:41 pushed 1 commits
To https://github.com/Wibwubcar/Wibwub-Dashboard.git
 ! [rejected]        main -> main (non-fast-forward)
error: failed to push some refs to 'https://github.com/Wibwubcar/Wibwub-Dashboard.git'
hint: Updates were rejected because the tip of your current branch is behind
hint: its remote counterpart. If you want to integrate the remote changes,
hint: use 'git pull' before pushing again.
hint: See the 'Note about fast-forwards' in 'git push --help' for details.
2026-09-21 21:46 pushed 1 commits
To https://github.com/Wibwubcar/Wibwub-Dashboard.git
 ! [rejected]        main -> main (non-fast-forward)
error: failed to push some refs to 'https://github.com/Wibwubcar/Wibwub-Dashboard.git'
hint: Updates were rejected because the tip of your current branch is behind
hint: its remote counterpart. If you want to integrate the remote changes,
hint: use 'git pull' before pushing again.
hint: See the 'Note about fast-forwards' in 'git push --help' for details.
2026-09-21 21:51 pushed 1 commits
To https://github.com/Wibwubcar/Wibwub-Dashboard.git
 ! [rejected]        main -> main (non-fast-forward)
error: failed to push some refs to 'https://github.com/Wibwubcar/Wibwub-Dashboard.git'
hint: Updates were rejected because the tip of your current branch is behind
hint: its remote counterpart. If you want to integrate the remote changes,
hint: use 'git pull' before pushing again.
hint: See the 'Note about fast-forwards' in 'git push --help' for details.
2026-09-21 21:56 pushed 1 commits
To https://github.com/Wibwubcar/Wibwub-Dashboard.git
 ! [rejected]        main -> main (non-fast-forward)
error: failed to push some refs to 'https://github.com/Wibwubcar/Wibwub-Dashboard.git'
hint: Updates were rejected because the tip of your current branch is behind
hint: its remote counterpart. If you want to integrate the remote changes,
hint: use 'git pull' before pushing again.
hint: See the 'Note about fast-forwards' in 'git push --help' for details.
2026-09-21 22:01 pushed 1 commits
To https://github.com/Wibwubcar/Wibwub-Dashboard.git
 ! [rejected]        main -> main (non-fast-forward)
error: failed to push some refs to 'https://github.com/Wibwubcar/Wibwub-Dashboard.git'
hint: Updates were rejected because the tip of your current branch is behind
hint: its remote counterpart. If you want to integrate the remote changes,
hint: use 'git pull' before pushing again.
hint: See the 'Note about fast-forwards' in 'git push --help' for details.
2026-09-21 22:06 pushed 1 commits
To https://github.com/Wibwubcar/Wibwub-Dashboard.git
 ! [rejected]        main -> main (non-fast-forward)
error: failed to push some refs to 'https://github.com/Wibwubcar/Wibwub-Dashboard.git'
hint: Updates were rejected because the tip of your current branch is behind
hint: its remote counterpart. If you want to integrate the remote changes,
hint: use 'git pull' before pushing again.
hint: See the 'Note about fast-forwards' in 'git push --help' for details.
2026-09-21 22:11 pushed 1 commits
To https://github.com/Wibwubcar/Wibwub-Dashboard.git
 ! [rejected]        main -> main (non-fast-forward)
error: failed to push some refs to 'https://github.com/Wibwubcar/Wibwub-Dashboard.git'
hint: Updates were rejected because the tip of your current branch is behind
hint: its remote counterpart. If you want to integrate the remote changes,
hint: use 'git pull' before pushing again.
hint: See the 'Note about fast-forwards' in 'git push --help' for details.
2026-09-21 22:16 pushed 1 commits
To https://github.com/Wibwubcar/Wibwub-Dashboard.git
 ! [rejected]        main -> main (non-fast-forward)
error: failed to push some refs to 'https://github.com/Wibwubcar/Wibwub-Dashboard.git'
hint: Updates were rejected because the tip of your current branch is behind
hint: its remote counterpart. If you want to integrate the remote changes,
hint: use 'git pull' before pushing again.
hint: See the 'Note about fast-forwards' in 'git push --help' for details.
2026-09-21 22:21 pushed 1 commits
To https://github.com/Wibwubcar/Wibwub-Dashboard.git
 ! [rejected]        main -> main (non-fast-forward)
error: failed to push some refs to 'https://github.com/Wibwubcar/Wibwub-Dashboard.git'
hint: Updates were rejected because the tip of your current branch is behind
hint: its remote counterpart. If you want to integrate the remote changes,
hint: use 'git pull' before pushing again.
hint: See the 'Note about fast-forwards' in 'git push --help' for details.
2026-09-21 22:26 pushed 1 commits
To https://github.com/Wibwubcar/Wibwub-Dashboard.git
 ! [rejected]        main -> main (non-fast-forward)
error: failed to push some refs to 'https://github.com/Wibwubcar/Wibwub-Dashboard.git'
hint: Updates were rejected because the tip of your current branch is behind
hint: its remote counterpart. If you want to integrate the remote changes,
hint: use 'git pull' before pushing again.
hint: See the 'Note about fast-forwards' in 'git push --help' for details.
2026-09-21 22:31 pushed 1 commits
To https://github.com/Wibwubcar/Wibwub-Dashboard.git
 ! [rejected]        main -> main (non-fast-forward)
error: failed to push some refs to 'https://github.com/Wibwubcar/Wibwub-Dashboard.git'
hint: Updates were rejected because the tip of your current branch is behind
hint: its remote counterpart. If you want to integrate the remote changes,
hint: use 'git pull' before pushing again.
hint: See the 'Note about fast-forwards' in 'git push --help' for details.
2026-09-21 22:36 pushed 1 commits
To https://github.com/Wibwubcar/Wibwub-Dashboard.git
 ! [rejected]        main -> main (non-fast-forward)
error: failed to push some refs to 'https://github.com/Wibwubcar/Wibwub-Dashboard.git'
hint: Updates were rejected because the tip of your current branch is behind
hint: its remote counterpart. If you want to integrate the remote changes,
hint: use 'git pull' before pushing again.
hint: See the 'Note about fast-forwards' in 'git push --help' for details.
2026-09-21 22:41 pushed 1 commits
To https://github.com/Wibwubcar/Wibwub-Dashboard.git
 ! [rejected]        main -> main (non-fast-forward)
error: failed to push some refs to 'https://github.com/Wibwubcar/Wibwub-Dashboard.git'
hint: Updates were rejected because the tip of your current branch is behind
hint: its remote counterpart. If you want to integrate the remote changes,
hint: use 'git pull' before pushing again.
hint: See the 'Note about fast-forwards' in 'git push --help' for details.
2026-09-21 22:46 pushed 1 commits
To https://github.com/Wibwubcar/Wibwub-Dashboard.git
 ! [rejected]        main -> main (non-fast-forward)
error: failed to push some refs to 'https://github.com/Wibwubcar/Wibwub-Dashboard.git'
hint: Updates were rejected because the tip of your current branch is behind
hint: its remote counterpart. If you want to integrate the remote changes,
hint: use 'git pull' before pushing again.
hint: See the 'Note about fast-forwards' in 'git push --help' for details.
2026-09-21 22:51 pushed 1 commits
To https://github.com/Wibwubcar/Wibwub-Dashboard.git
 ! [rejected]        main -> main (non-fast-forward)
error: failed to push some refs to 'https://github.com/Wibwubcar/Wibwub-Dashboard.git'
hint: Updates were rejected because the tip of your current branch is behind
hint: its remote counterpart. If you want to integrate the remote changes,
hint: use 'git pull' before pushing again.
hint: See the 'Note about fast-forwards' in 'git push --help' for details.
2026-09-21 22:56 pushed 1 commits
To https://github.com/Wibwubcar/Wibwub-Dashboard.git
 ! [rejected]        main -> main (non-fast-forward)
error: failed to push some refs to 'https://github.com/Wibwubcar/Wibwub-Dashboard.git'
hint: Updates were rejected because the tip of your current branch is behind
hint: its remote counterpart. If you want to integrate the remote changes,
hint: use 'git pull' before pushing again.
hint: See the 'Note about fast-forwards' in 'git push --help' for details.
2026-09-21 23:01 pushed 1 commits
To https://github.com/Wibwubcar/Wibwub-Dashboard.git
 ! [rejected]        main -> main (non-fast-forward)
error: failed to push some refs to 'https://github.com/Wibwubcar/Wibwub-Dashboard.git'
hint: Updates were rejected because the tip of your current branch is behind
hint: its remote counterpart. If you want to integrate the remote changes,
hint: use 'git pull' before pushing again.
hint: See the 'Note about fast-forwards' in 'git push --help' for details.
2026-09-21 23:06 pushed 1 commits
To https://github.com/Wibwubcar/Wibwub-Dashboard.git
 ! [rejected]        main -> main (non-fast-forward)
error: failed to push some refs to 'https://github.com/Wibwubcar/Wibwub-Dashboard.git'
hint: Updates were rejected because the tip of your current branch is behind
hint: its remote counterpart. If you want to integrate the remote changes,
hint: use 'git pull' before pushing again.
hint: See the 'Note about fast-forwards' in 'git push --help' for details.
2026-09-21 23:11 pushed 1 commits
To https://github.com/Wibwubcar/Wibwub-Dashboard.git
 ! [rejected]        main -> main (non-fast-forward)
error: failed to push some refs to 'https://github.com/Wibwubcar/Wibwub-Dashboard.git'
hint: Updates were rejected because the tip of your current branch is behind
hint: its remote counterpart. If you want to integrate the remote changes,
hint: use 'git pull' before pushing again.
hint: See the 'Note about fast-forwards' in 'git push --help' for details.
2026-09-21 23:17 pushed 1 commits
To https://github.com/Wibwubcar/Wibwub-Dashboard.git
 ! [rejected]        main -> main (non-fast-forward)
error: failed to push some refs to 'https://github.com/Wibwubcar/Wibwub-Dashboard.git'
hint: Updates were rejected because the tip of your current branch is behind
hint: its remote counterpart. If you want to integrate the remote changes,
hint: use 'git pull' before pushing again.
hint: See the 'Note about fast-forwards' in 'git push --help' for details.
2026-09-21 23:22 pushed 1 commits
To https://github.com/Wibwubcar/Wibwub-Dashboard.git
 ! [rejected]        main -> main (non-fast-forward)
error: failed to push some refs to 'https://github.com/Wibwubcar/Wibwub-Dashboard.git'
hint: Updates were rejected because the tip of your current branch is behind
hint: its remote counterpart. If you want to integrate the remote changes,
hint: use 'git pull' before pushing again.
hint: See the 'Note about fast-forwards' in 'git push --help' for details.
2026-09-21 23:27 pushed 1 commits
To https://github.com/Wibwubcar/Wibwub-Dashboard.git
 ! [rejected]        main -> main (non-fast-forward)
error: failed to push some refs to 'https://github.com/Wibwubcar/Wibwub-Dashboard.git'
hint: Updates were rejected because the tip of your current branch is behind
hint: its remote counterpart. If you want to integrate the remote changes,
hint: use 'git pull' before pushing again.
hint: See the 'Note about fast-forwards' in 'git push --help' for details.
2026-09-21 23:32 pushed 1 commits
To https://github.com/Wibwubcar/Wibwub-Dashboard.git
 ! [rejected]        main -> main (non-fast-forward)
error: failed to push some refs to 'https://github.com/Wibwubcar/Wibwub-Dashboard.git'
hint: Updates were rejected because the tip of your current branch is behind
hint: its remote counterpart. If you want to integrate the remote changes,
hint: use 'git pull' before pushing again.
hint: See the 'Note about fast-forwards' in 'git push --help' for details.
2026-09-21 23:37 pushed 1 commits
To https://github.com/Wibwubcar/Wibwub-Dashboard.git
 ! [rejected]        main -> main (non-fast-forward)
error: failed to push some refs to 'https://github.com/Wibwubcar/Wibwub-Dashboard.git'
hint: Updates were rejected because the tip of your current branch is behind
hint: its remote counterpart. If you want to integrate the remote changes,
hint: use 'git pull' before pushing again.
hint: See the 'Note about fast-forwards' in 'git push --help' for details.
2026-09-21 23:42 pushed 1 commits
To https://github.com/Wibwubcar/Wibwub-Dashboard.git
 ! [rejected]        main -> main (non-fast-forward)
error: failed to push some refs to 'https://github.com/Wibwubcar/Wibwub-Dashboard.git'
hint: Updates were rejected because the tip of your current branch is behind
hint: its remote counterpart. If you want to integrate the remote changes,
hint: use 'git pull' before pushing again.
hint: See the 'Note about fast-forwards' in 'git push --help' for details.
2026-09-21 23:47 pushed 1 commits
To https://github.com/Wibwubcar/Wibwub-Dashboard.git
 ! [rejected]        main -> main (non-fast-forward)
error: failed to push some refs to 'https://github.com/Wibwubcar/Wibwub-Dashboard.git'
hint: Updates were rejected because the tip of your current branch is behind
hint: its remote counterpart. If you want to integrate the remote changes,
hint: use 'git pull' before pushing again.
hint: See the 'Note about fast-forwards' in 'git push --help' for details.
2026-09-21 23:52 pushed 1 commits
To https://github.com/Wibwubcar/Wibwub-Dashboard.git
 ! [rejected]        main -> main (non-fast-forward)
error: failed to push some refs to 'https://github.com/Wibwubcar/Wibwub-Dashboard.git'
hint: Updates were rejected because the tip of your current branch is behind
hint: its remote counterpart. If you want to integrate the remote changes,
hint: use 'git pull' before pushing again.
hint: See the 'Note about fast-forwards' in 'git push --help' for details.
2026-09-21 23:57 pushed 1 commits
To https://github.com/Wibwubcar/Wibwub-Dashboard.git
 ! [rejected]        main -> main (non-fast-forward)
error: failed to push some refs to 'https://github.com/Wibwubcar/Wibwub-Dashboard.git'
hint: Updates were rejected because the tip of your current branch is behind
hint: its remote counterpart. If you want to integrate the remote changes,
hint: use 'git pull' before pushing again.
hint: See the 'Note about fast-forwards' in 'git push --help' for details.
2026-09-22 00:02 pushed 1 commits
To https://github.com/Wibwubcar/Wibwub-Dashboard.git
 ! [rejected]        main -> main (non-fast-forward)
error: failed to push some refs to 'https://github.com/Wibwubcar/Wibwub-Dashboard.git'
hint: Updates were rejected because the tip of your current branch is behind
hint: its remote counterpart. If you want to integrate the remote changes,
hint: use 'git pull' before pushing again.
hint: See the 'Note about fast-forwards' in 'git push --help' for details.
2026-09-22 00:07 pushed 1 commits
To https://github.com/Wibwubcar/Wibwub-Dashboard.git
 ! [rejected]        main -> main (non-fast-forward)
error: failed to push some refs to 'https://github.com/Wibwubcar/Wibwub-Dashboard.git'
hint: Updates were rejected because the tip of your current branch is behind
hint: its remote counterpart. If you want to integrate the remote changes,
hint: use 'git pull' before pushing again.
hint: See the 'Note about fast-forwards' in 'git push --help' for details.
2026-09-22 00:12 pushed 1 commits
To https://github.com/Wibwubcar/Wibwub-Dashboard.git
 ! [rejected]        main -> main (non-fast-forward)
error: failed to push some refs to 'https://github.com/Wibwubcar/Wibwub-Dashboard.git'
hint: Updates were rejected because the tip of your current branch is behind
hint: its remote counterpart. If you want to integrate the remote changes,
hint: use 'git pull' before pushing again.
hint: See the 'Note about fast-forwards' in 'git push --help' for details.
2026-09-22 00:17 pushed 1 commits
To https://github.com/Wibwubcar/Wibwub-Dashboard.git
 ! [rejected]        main -> main (non-fast-forward)
error: failed to push some refs to 'https://github.com/Wibwubcar/Wibwub-Dashboard.git'
hint: Updates were rejected because the tip of your current branch is behind
hint: its remote counterpart. If you want to integrate the remote changes,
hint: use 'git pull' before pushing again.
hint: See the 'Note about fast-forwards' in 'git push --help' for details.
2026-09-22 00:22 pushed 1 commits
To https://github.com/Wibwubcar/Wibwub-Dashboard.git
 ! [rejected]        main -> main (non-fast-forward)
error: failed to push some refs to 'https://github.com/Wibwubcar/Wibwub-Dashboard.git'
hint: Updates were rejected because the tip of your current branch is behind
hint: its remote counterpart. If you want to integrate the remote changes,
hint: use 'git pull' before pushing again.
hint: See the 'Note about fast-forwards' in 'git push --help' for details.
2026-09-22 00:27 pushed 1 commits
To https://github.com/Wibwubcar/Wibwub-Dashboard.git
 ! [rejected]        main -> main (non-fast-forward)
error: failed to push some refs to 'https://github.com/Wibwubcar/Wibwub-Dashboard.git'
hint: Updates were rejected because the tip of your current branch is behind
hint: its remote counterpart. If you want to integrate the remote changes,
hint: use 'git pull' before pushing again.
hint: See the 'Note about fast-forwards' in 'git push --help' for details.
2026-09-22 00:32 pushed 1 commits
To https://github.com/Wibwubcar/Wibwub-Dashboard.git
 ! [rejected]        main -> main (non-fast-forward)
error: failed to push some refs to 'https://github.com/Wibwubcar/Wibwub-Dashboard.git'
hint: Updates were rejected because the tip of your current branch is behind
hint: its remote counterpart. If you want to integrate the remote changes,
hint: use 'git pull' before pushing again.
hint: See the 'Note about fast-forwards' in 'git push --help' for details.
2026-09-22 00:37 pushed 1 commits
To https://github.com/Wibwubcar/Wibwub-Dashboard.git
 ! [rejected]        main -> main (non-fast-forward)
error: failed to push some refs to 'https://github.com/Wibwubcar/Wibwub-Dashboard.git'
hint: Updates were rejected because the tip of your current branch is behind
hint: its remote counterpart. If you want to integrate the remote changes,
hint: use 'git pull' before pushing again.
hint: See the 'Note about fast-forwards' in 'git push --help' for details.
2026-09-22 00:42 pushed 1 commits
To https://github.com/Wibwubcar/Wibwub-Dashboard.git
 ! [rejected]        main -> main (non-fast-forward)
error: failed to push some refs to 'https://github.com/Wibwubcar/Wibwub-Dashboard.git'
hint: Updates were rejected because the tip of your current branch is behind
hint: its remote counterpart. If you want to integrate the remote changes,
hint: use 'git pull' before pushing again.
hint: See the 'Note about fast-forwards' in 'git push --help' for details.
2026-09-22 00:47 pushed 1 commits
To https://github.com/Wibwubcar/Wibwub-Dashboard.git
 ! [rejected]        main -> main (non-fast-forward)
error: failed to push some refs to 'https://github.com/Wibwubcar/Wibwub-Dashboard.git'
hint: Updates were rejected because the tip of your current branch is behind
hint: its remote counterpart. If you want to integrate the remote changes,
hint: use 'git pull' before pushing again.
hint: See the 'Note about fast-forwards' in 'git push --help' for details.
2026-09-22 00:52 pushed 1 commits
To https://github.com/Wibwubcar/Wibwub-Dashboard.git
 ! [rejected]        main -> main (non-fast-forward)
error: failed to push some refs to 'https://github.com/Wibwubcar/Wibwub-Dashboard.git'
hint: Updates were rejected because the tip of your current branch is behind
hint: its remote counterpart. If you want to integrate the remote changes,
hint: use 'git pull' before pushing again.
hint: See the 'Note about fast-forwards' in 'git push --help' for details.
2026-09-22 00:57 pushed 1 commits
To https://github.com/Wibwubcar/Wibwub-Dashboard.git
 ! [rejected]        main -> main (non-fast-forward)
error: failed to push some refs to 'https://github.com/Wibwubcar/Wibwub-Dashboard.git'
hint: Updates were rejected because the tip of your current branch is behind
hint: its remote counterpart. If you want to integrate the remote changes,
hint: use 'git pull' before pushing again.
hint: See the 'Note about fast-forwards' in 'git push --help' for details.
2026-09-22 01:02 pushed 1 commits
To https://github.com/Wibwubcar/Wibwub-Dashboard.git
 ! [rejected]        main -> main (non-fast-forward)
error: failed to push some refs to 'https://github.com/Wibwubcar/Wibwub-Dashboard.git'
hint: Updates were rejected because the tip of your current branch is behind
hint: its remote counterpart. If you want to integrate the remote changes,
hint: use 'git pull' before pushing again.
hint: See the 'Note about fast-forwards' in 'git push --help' for details.
2026-09-22 01:07 pushed 1 commits
To https://github.com/Wibwubcar/Wibwub-Dashboard.git
 ! [rejected]        main -> main (non-fast-forward)
error: failed to push some refs to 'https://github.com/Wibwubcar/Wibwub-Dashboard.git'
hint: Updates were rejected because the tip of your current branch is behind
hint: its remote counterpart. If you want to integrate the remote changes,
hint: use 'git pull' before pushing again.
hint: See the 'Note about fast-forwards' in 'git push --help' for details.
2026-09-22 01:12 pushed 1 commits
To https://github.com/Wibwubcar/Wibwub-Dashboard.git
 ! [rejected]        main -> main (non-fast-forward)
error: failed to push some refs to 'https://github.com/Wibwubcar/Wibwub-Dashboard.git'
hint: Updates were rejected because the tip of your current branch is behind
hint: its remote counterpart. If you want to integrate the remote changes,
hint: use 'git pull' before pushing again.
hint: See the 'Note about fast-forwards' in 'git push --help' for details.
2026-09-22 01:17 pushed 1 commits
To https://github.com/Wibwubcar/Wibwub-Dashboard.git
 ! [rejected]        main -> main (non-fast-forward)
error: failed to push some refs to 'https://github.com/Wibwubcar/Wibwub-Dashboard.git'
hint: Updates were rejected because the tip of your current branch is behind
hint: its remote counterpart. If you want to integrate the remote changes,
hint: use 'git pull' before pushing again.
hint: See the 'Note about fast-forwards' in 'git push --help' for details.
2026-09-22 01:22 pushed 1 commits
To https://github.com/Wibwubcar/Wibwub-Dashboard.git
 ! [rejected]        main -> main (non-fast-forward)
error: failed to push some refs to 'https://github.com/Wibwubcar/Wibwub-Dashboard.git'
hint: Updates were rejected because the tip of your current branch is behind
hint: its remote counterpart. If you want to integrate the remote changes,
hint: use 'git pull' before pushing again.
hint: See the 'Note about fast-forwards' in 'git push --help' for details.
2026-09-22 01:27 pushed 1 commits
To https://github.com/Wibwubcar/Wibwub-Dashboard.git
 ! [rejected]        main -> main (non-fast-forward)
error: failed to push some refs to 'https://github.com/Wibwubcar/Wibwub-Dashboard.git'
hint: Updates were rejected because the tip of your current branch is behind
hint: its remote counterpart. If you want to integrate the remote changes,
hint: use 'git pull' before pushing again.
hint: See the 'Note about fast-forwards' in 'git push --help' for details.
2026-09-22 01:32 pushed 1 commits
To https://github.com/Wibwubcar/Wibwub-Dashboard.git
 ! [rejected]        main -> main (non-fast-forward)
error: failed to push some refs to 'https://github.com/Wibwubcar/Wibwub-Dashboard.git'
hint: Updates were rejected because the tip of your current branch is behind
hint: its remote counterpart. If you want to integrate the remote changes,
hint: use 'git pull' before pushing again.
hint: See the 'Note about fast-forwards' in 'git push --help' for details.
2026-09-22 01:37 pushed 1 commits
To https://github.com/Wibwubcar/Wibwub-Dashboard.git
 ! [rejected]        main -> main (non-fast-forward)
error: failed to push some refs to 'https://github.com/Wibwubcar/Wibwub-Dashboard.git'
hint: Updates were rejected because the tip of your current branch is behind
hint: its remote counterpart. If you want to integrate the remote changes,
hint: use 'git pull' before pushing again.
hint: See the 'Note about fast-forwards' in 'git push --help' for details.
2026-09-22 01:42 pushed 1 commits
To https://github.com/Wibwubcar/Wibwub-Dashboard.git
 ! [rejected]        main -> main (non-fast-forward)
error: failed to push some refs to 'https://github.com/Wibwubcar/Wibwub-Dashboard.git'
hint: Updates were rejected because the tip of your current branch is behind
hint: its remote counterpart. If you want to integrate the remote changes,
hint: use 'git pull' before pushing again.
hint: See the 'Note about fast-forwards' in 'git push --help' for details.
2026-09-22 01:47 pushed 1 commits
To https://github.com/Wibwubcar/Wibwub-Dashboard.git
 ! [rejected]        main -> main (non-fast-forward)
error: failed to push some refs to 'https://github.com/Wibwubcar/Wibwub-Dashboard.git'
hint: Updates were rejected because the tip of your current branch is behind
hint: its remote counterpart. If you want to integrate the remote changes,
hint: use 'git pull' before pushing again.
hint: See the 'Note about fast-forwards' in 'git push --help' for details.
2026-09-22 01:52 pushed 1 commits
To https://github.com/Wibwubcar/Wibwub-Dashboard.git
 ! [rejected]        main -> main (non-fast-forward)
error: failed to push some refs to 'https://github.com/Wibwubcar/Wibwub-Dashboard.git'
hint: Updates were rejected because the tip of your current branch is behind
hint: its remote counterpart. If you want to integrate the remote changes,
hint: use 'git pull' before pushing again.
hint: See the 'Note about fast-forwards' in 'git push --help' for details.
2026-09-22 01:57 pushed 1 commits
To https://github.com/Wibwubcar/Wibwub-Dashboard.git
 ! [rejected]        main -> main (non-fast-forward)
error: failed to push some refs to 'https://github.com/Wibwubcar/Wibwub-Dashboard.git'
hint: Updates were rejected because the tip of your current branch is behind
hint: its remote counterpart. If you want to integrate the remote changes,
hint: use 'git pull' before pushing again.
hint: See the 'Note about fast-forwards' in 'git push --help' for details.
2026-09-22 02:02 pushed 1 commits
To https://github.com/Wibwubcar/Wibwub-Dashboard.git
 ! [rejected]        main -> main (non-fast-forward)
error: failed to push some refs to 'https://github.com/Wibwubcar/Wibwub-Dashboard.git'
hint: Updates were rejected because the tip of your current branch is behind
hint: its remote counterpart. If you want to integrate the remote changes,
hint: use 'git pull' before pushing again.
hint: See the 'Note about fast-forwards' in 'git push --help' for details.
2026-09-22 02:07 pushed 1 commits
To https://github.com/Wibwubcar/Wibwub-Dashboard.git
 ! [rejected]        main -> main (non-fast-forward)
error: failed to push some refs to 'https://github.com/Wibwubcar/Wibwub-Dashboard.git'
hint: Updates were rejected because the tip of your current branch is behind
hint: its remote counterpart. If you want to integrate the remote changes,
hint: use 'git pull' before pushing again.
hint: See the 'Note about fast-forwards' in 'git push --help' for details.
2026-09-22 02:12 pushed 1 commits
To https://github.com/Wibwubcar/Wibwub-Dashboard.git
 ! [rejected]        main -> main (non-fast-forward)
error: failed to push some refs to 'https://github.com/Wibwubcar/Wibwub-Dashboard.git'
hint: Updates were rejected because the tip of your current branch is behind
hint: its remote counterpart. If you want to integrate the remote changes,
hint: use 'git pull' before pushing again.
hint: See the 'Note about fast-forwards' in 'git push --help' for details.
2026-09-22 02:17 pushed 1 commits
To https://github.com/Wibwubcar/Wibwub-Dashboard.git
 ! [rejected]        main -> main (non-fast-forward)
error: failed to push some refs to 'https://github.com/Wibwubcar/Wibwub-Dashboard.git'
hint: Updates were rejected because the tip of your current branch is behind
hint: its remote counterpart. If you want to integrate the remote changes,
hint: use 'git pull' before pushing again.
hint: See the 'Note about fast-forwards' in 'git push --help' for details.
2026-09-22 02:22 pushed 1 commits
To https://github.com/Wibwubcar/Wibwub-Dashboard.git
 ! [rejected]        main -> main (non-fast-forward)
error: failed to push some refs to 'https://github.com/Wibwubcar/Wibwub-Dashboard.git'
hint: Updates were rejected because the tip of your current branch is behind
hint: its remote counterpart. If you want to integrate the remote changes,
hint: use 'git pull' before pushing again.
hint: See the 'Note about fast-forwards' in 'git push --help' for details.
2026-09-22 02:27 pushed 1 commits
To https://github.com/Wibwubcar/Wibwub-Dashboard.git
 ! [rejected]        main -> main (non-fast-forward)
error: failed to push some refs to 'https://github.com/Wibwubcar/Wibwub-Dashboard.git'
hint: Updates were rejected because the tip of your current branch is behind
hint: its remote counterpart. If you want to integrate the remote changes,
hint: use 'git pull' before pushing again.
hint: See the 'Note about fast-forwards' in 'git push --help' for details.
2026-09-22 02:32 pushed 1 commits
To https://github.com/Wibwubcar/Wibwub-Dashboard.git
 ! [rejected]        main -> main (non-fast-forward)
error: failed to push some refs to 'https://github.com/Wibwubcar/Wibwub-Dashboard.git'
hint: Updates were rejected because the tip of your current branch is behind
hint: its remote counterpart. If you want to integrate the remote changes,
hint: use 'git pull' before pushing again.
hint: See the 'Note about fast-forwards' in 'git push --help' for details.
2026-09-22 02:38 pushed 1 commits
To https://github.com/Wibwubcar/Wibwub-Dashboard.git
 ! [rejected]        main -> main (non-fast-forward)
error: failed to push some refs to 'https://github.com/Wibwubcar/Wibwub-Dashboard.git'
hint: Updates were rejected because the tip of your current branch is behind
hint: its remote counterpart. If you want to integrate the remote changes,
hint: use 'git pull' before pushing again.
hint: See the 'Note about fast-forwards' in 'git push --help' for details.
2026-09-22 02:43 pushed 1 commits
To https://github.com/Wibwubcar/Wibwub-Dashboard.git
 ! [rejected]        main -> main (non-fast-forward)
error: failed to push some refs to 'https://github.com/Wibwubcar/Wibwub-Dashboard.git'
hint: Updates were rejected because the tip of your current branch is behind
hint: its remote counterpart. If you want to integrate the remote changes,
hint: use 'git pull' before pushing again.
hint: See the 'Note about fast-forwards' in 'git push --help' for details.
2026-09-22 02:48 pushed 1 commits
To https://github.com/Wibwubcar/Wibwub-Dashboard.git
 ! [rejected]        main -> main (non-fast-forward)
error: failed to push some refs to 'https://github.com/Wibwubcar/Wibwub-Dashboard.git'
hint: Updates were rejected because the tip of your current branch is behind
hint: its remote counterpart. If you want to integrate the remote changes,
hint: use 'git pull' before pushing again.
hint: See the 'Note about fast-forwards' in 'git push --help' for details.
2026-09-22 02:53 pushed 1 commits
To https://github.com/Wibwubcar/Wibwub-Dashboard.git
 ! [rejected]        main -> main (non-fast-forward)
error: failed to push some refs to 'https://github.com/Wibwubcar/Wibwub-Dashboard.git'
hint: Updates were rejected because the tip of your current branch is behind
hint: its remote counterpart. If you want to integrate the remote changes,
hint: use 'git pull' before pushing again.
hint: See the 'Note about fast-forwards' in 'git push --help' for details.
2026-09-22 02:58 pushed 1 commits
To https://github.com/Wibwubcar/Wibwub-Dashboard.git
 ! [rejected]        main -> main (non-fast-forward)
error: failed to push some refs to 'https://github.com/Wibwubcar/Wibwub-Dashboard.git'
hint: Updates were rejected because the tip of your current branch is behind
hint: its remote counterpart. If you want to integrate the remote changes,
hint: use 'git pull' before pushing again.
hint: See the 'Note about fast-forwards' in 'git push --help' for details.
2026-09-22 03:03 pushed 1 commits
To https://github.com/Wibwubcar/Wibwub-Dashboard.git
 ! [rejected]        main -> main (non-fast-forward)
error: failed to push some refs to 'https://github.com/Wibwubcar/Wibwub-Dashboard.git'
hint: Updates were rejected because the tip of your current branch is behind
hint: its remote counterpart. If you want to integrate the remote changes,
hint: use 'git pull' before pushing again.
hint: See the 'Note about fast-forwards' in 'git push --help' for details.
2026-09-22 03:08 pushed 1 commits
To https://github.com/Wibwubcar/Wibwub-Dashboard.git
 ! [rejected]        main -> main (non-fast-forward)
error: failed to push some refs to 'https://github.com/Wibwubcar/Wibwub-Dashboard.git'
hint: Updates were rejected because the tip of your current branch is behind
hint: its remote counterpart. If you want to integrate the remote changes,
hint: use 'git pull' before pushing again.
hint: See the 'Note about fast-forwards' in 'git push --help' for details.
2026-09-22 03:13 pushed 1 commits
To https://github.com/Wibwubcar/Wibwub-Dashboard.git
 ! [rejected]        main -> main (non-fast-forward)
error: failed to push some refs to 'https://github.com/Wibwubcar/Wibwub-Dashboard.git'
hint: Updates were rejected because the tip of your current branch is behind
hint: its remote counterpart. If you want to integrate the remote changes,
hint: use 'git pull' before pushing again.
hint: See the 'Note about fast-forwards' in 'git push --help' for details.
2026-09-22 03:18 pushed 1 commits
To https://github.com/Wibwubcar/Wibwub-Dashboard.git
 ! [rejected]        main -> main (non-fast-forward)
error: failed to push some refs to 'https://github.com/Wibwubcar/Wibwub-Dashboard.git'
hint: Updates were rejected because the tip of your current branch is behind
hint: its remote counterpart. If you want to integrate the remote changes,
hint: use 'git pull' before pushing again.
hint: See the 'Note about fast-forwards' in 'git push --help' for details.
2026-09-22 03:23 pushed 1 commits
To https://github.com/Wibwubcar/Wibwub-Dashboard.git
 ! [rejected]        main -> main (non-fast-forward)
error: failed to push some refs to 'https://github.com/Wibwubcar/Wibwub-Dashboard.git'
hint: Updates were rejected because the tip of your current branch is behind
hint: its remote counterpart. If you want to integrate the remote changes,
hint: use 'git pull' before pushing again.
hint: See the 'Note about fast-forwards' in 'git push --help' for details.
2026-09-22 03:28 pushed 1 commits
To https://github.com/Wibwubcar/Wibwub-Dashboard.git
 ! [rejected]        main -> main (non-fast-forward)
error: failed to push some refs to 'https://github.com/Wibwubcar/Wibwub-Dashboard.git'
hint: Updates were rejected because the tip of your current branch is behind
hint: its remote counterpart. If you want to integrate the remote changes,
hint: use 'git pull' before pushing again.
hint: See the 'Note about fast-forwards' in 'git push --help' for details.
2026-09-22 03:33 pushed 1 commits
To https://github.com/Wibwubcar/Wibwub-Dashboard.git
 ! [rejected]        main -> main (non-fast-forward)
error: failed to push some refs to 'https://github.com/Wibwubcar/Wibwub-Dashboard.git'
hint: Updates were rejected because the tip of your current branch is behind
hint: its remote counterpart. If you want to integrate the remote changes,
hint: use 'git pull' before pushing again.
hint: See the 'Note about fast-forwards' in 'git push --help' for details.
2026-09-22 03:38 pushed 1 commits
To https://github.com/Wibwubcar/Wibwub-Dashboard.git
 ! [rejected]        main -> main (non-fast-forward)
error: failed to push some refs to 'https://github.com/Wibwubcar/Wibwub-Dashboard.git'
hint: Updates were rejected because the tip of your current branch is behind
hint: its remote counterpart. If you want to integrate the remote changes,
hint: use 'git pull' before pushing again.
hint: See the 'Note about fast-forwards' in 'git push --help' for details.
2026-09-22 03:43 pushed 1 commits
To https://github.com/Wibwubcar/Wibwub-Dashboard.git
 ! [rejected]        main -> main (non-fast-forward)
error: failed to push some refs to 'https://github.com/Wibwubcar/Wibwub-Dashboard.git'
hint: Updates were rejected because the tip of your current branch is behind
hint: its remote counterpart. If you want to integrate the remote changes,
hint: use 'git pull' before pushing again.
hint: See the 'Note about fast-forwards' in 'git push --help' for details.
2026-09-22 03:48 pushed 1 commits
To https://github.com/Wibwubcar/Wibwub-Dashboard.git
 ! [rejected]        main -> main (non-fast-forward)
error: failed to push some refs to 'https://github.com/Wibwubcar/Wibwub-Dashboard.git'
hint: Updates were rejected because the tip of your current branch is behind
hint: its remote counterpart. If you want to integrate the remote changes,
hint: use 'git pull' before pushing again.
hint: See the 'Note about fast-forwards' in 'git push --help' for details.
2026-09-22 03:53 pushed 1 commits
To https://github.com/Wibwubcar/Wibwub-Dashboard.git
 ! [rejected]        main -> main (non-fast-forward)
error: failed to push some refs to 'https://github.com/Wibwubcar/Wibwub-Dashboard.git'
hint: Updates were rejected because the tip of your current branch is behind
hint: its remote counterpart. If you want to integrate the remote changes,
hint: use 'git pull' before pushing again.
hint: See the 'Note about fast-forwards' in 'git push --help' for details.
2026-09-22 03:58 pushed 1 commits
To https://github.com/Wibwubcar/Wibwub-Dashboard.git
 ! [rejected]        main -> main (non-fast-forward)
error: failed to push some refs to 'https://github.com/Wibwubcar/Wibwub-Dashboard.git'
hint: Updates were rejected because the tip of your current branch is behind
hint: its remote counterpart. If you want to integrate the remote changes,
hint: use 'git pull' before pushing again.
hint: See the 'Note about fast-forwards' in 'git push --help' for details.
2026-09-22 04:03 pushed 1 commits
To https://github.com/Wibwubcar/Wibwub-Dashboard.git
 ! [rejected]        main -> main (non-fast-forward)
error: failed to push some refs to 'https://github.com/Wibwubcar/Wibwub-Dashboard.git'
hint: Updates were rejected because the tip of your current branch is behind
hint: its remote counterpart. If you want to integrate the remote changes,
hint: use 'git pull' before pushing again.
hint: See the 'Note about fast-forwards' in 'git push --help' for details.
2026-09-22 04:08 pushed 1 commits
To https://github.com/Wibwubcar/Wibwub-Dashboard.git
 ! [rejected]        main -> main (non-fast-forward)
error: failed to push some refs to 'https://github.com/Wibwubcar/Wibwub-Dashboard.git'
hint: Updates were rejected because the tip of your current branch is behind
hint: its remote counterpart. If you want to integrate the remote changes,
hint: use 'git pull' before pushing again.
hint: See the 'Note about fast-forwards' in 'git push --help' for details.
2026-09-22 04:13 pushed 1 commits
To https://github.com/Wibwubcar/Wibwub-Dashboard.git
 ! [rejected]        main -> main (non-fast-forward)
error: failed to push some refs to 'https://github.com/Wibwubcar/Wibwub-Dashboard.git'
hint: Updates were rejected because the tip of your current branch is behind
hint: its remote counterpart. If you want to integrate the remote changes,
hint: use 'git pull' before pushing again.
hint: See the 'Note about fast-forwards' in 'git push --help' for details.
2026-09-22 04:18 pushed 1 commits
To https://github.com/Wibwubcar/Wibwub-Dashboard.git
 ! [rejected]        main -> main (non-fast-forward)
error: failed to push some refs to 'https://github.com/Wibwubcar/Wibwub-Dashboard.git'
hint: Updates were rejected because the tip of your current branch is behind
hint: its remote counterpart. If you want to integrate the remote changes,
hint: use 'git pull' before pushing again.
hint: See the 'Note about fast-forwards' in 'git push --help' for details.
2026-09-22 04:23 pushed 1 commits
To https://github.com/Wibwubcar/Wibwub-Dashboard.git
 ! [rejected]        main -> main (non-fast-forward)
error: failed to push some refs to 'https://github.com/Wibwubcar/Wibwub-Dashboard.git'
hint: Updates were rejected because the tip of your current branch is behind
hint: its remote counterpart. If you want to integrate the remote changes,
hint: use 'git pull' before pushing again.
hint: See the 'Note about fast-forwards' in 'git push --help' for details.
2026-09-22 04:28 pushed 1 commits
To https://github.com/Wibwubcar/Wibwub-Dashboard.git
 ! [rejected]        main -> main (non-fast-forward)
error: failed to push some refs to 'https://github.com/Wibwubcar/Wibwub-Dashboard.git'
hint: Updates were rejected because the tip of your current branch is behind
hint: its remote counterpart. If you want to integrate the remote changes,
hint: use 'git pull' before pushing again.
hint: See the 'Note about fast-forwards' in 'git push --help' for details.
2026-09-22 04:33 pushed 1 commits
To https://github.com/Wibwubcar/Wibwub-Dashboard.git
 ! [rejected]        main -> main (non-fast-forward)
error: failed to push some refs to 'https://github.com/Wibwubcar/Wibwub-Dashboard.git'
hint: Updates were rejected because the tip of your current branch is behind
hint: its remote counterpart. If you want to integrate the remote changes,
hint: use 'git pull' before pushing again.
hint: See the 'Note about fast-forwards' in 'git push --help' for details.
2026-09-22 04:38 pushed 1 commits
To https://github.com/Wibwubcar/Wibwub-Dashboard.git
 ! [rejected]        main -> main (non-fast-forward)
error: failed to push some refs to 'https://github.com/Wibwubcar/Wibwub-Dashboard.git'
hint: Updates were rejected because the tip of your current branch is behind
hint: its remote counterpart. If you want to integrate the remote changes,
hint: use 'git pull' before pushing again.
hint: See the 'Note about fast-forwards' in 'git push --help' for details.
2026-09-22 04:43 pushed 1 commits
To https://github.com/Wibwubcar/Wibwub-Dashboard.git
 ! [rejected]        main -> main (non-fast-forward)
error: failed to push some refs to 'https://github.com/Wibwubcar/Wibwub-Dashboard.git'
hint: Updates were rejected because the tip of your current branch is behind
hint: its remote counterpart. If you want to integrate the remote changes,
hint: use 'git pull' before pushing again.
hint: See the 'Note about fast-forwards' in 'git push --help' for details.
2026-09-22 04:48 pushed 1 commits
To https://github.com/Wibwubcar/Wibwub-Dashboard.git
 ! [rejected]        main -> main (non-fast-forward)
error: failed to push some refs to 'https://github.com/Wibwubcar/Wibwub-Dashboard.git'
hint: Updates were rejected because the tip of your current branch is behind
hint: its remote counterpart. If you want to integrate the remote changes,
hint: use 'git pull' before pushing again.
hint: See the 'Note about fast-forwards' in 'git push --help' for details.
2026-09-22 04:53 pushed 1 commits
To https://github.com/Wibwubcar/Wibwub-Dashboard.git
 ! [rejected]        main -> main (non-fast-forward)
error: failed to push some refs to 'https://github.com/Wibwubcar/Wibwub-Dashboard.git'
hint: Updates were rejected because the tip of your current branch is behind
hint: its remote counterpart. If you want to integrate the remote changes,
hint: use 'git pull' before pushing again.
hint: See the 'Note about fast-forwards' in 'git push --help' for details.
2026-09-22 04:58 pushed 1 commits
To https://github.com/Wibwubcar/Wibwub-Dashboard.git
 ! [rejected]        main -> main (non-fast-forward)
error: failed to push some refs to 'https://github.com/Wibwubcar/Wibwub-Dashboard.git'
hint: Updates were rejected because the tip of your current branch is behind
hint: its remote counterpart. If you want to integrate the remote changes,
hint: use 'git pull' before pushing again.
hint: See the 'Note about fast-forwards' in 'git push --help' for details.
2026-09-22 05:03 pushed 1 commits
To https://github.com/Wibwubcar/Wibwub-Dashboard.git
 ! [rejected]        main -> main (non-fast-forward)
error: failed to push some refs to 'https://github.com/Wibwubcar/Wibwub-Dashboard.git'
hint: Updates were rejected because the tip of your current branch is behind
hint: its remote counterpart. If you want to integrate the remote changes,
hint: use 'git pull' before pushing again.
hint: See the 'Note about fast-forwards' in 'git push --help' for details.
2026-09-22 05:08 pushed 1 commits
To https://github.com/Wibwubcar/Wibwub-Dashboard.git
 ! [rejected]        main -> main (non-fast-forward)
error: failed to push some refs to 'https://github.com/Wibwubcar/Wibwub-Dashboard.git'
hint: Updates were rejected because the tip of your current branch is behind
hint: its remote counterpart. If you want to integrate the remote changes,
hint: use 'git pull' before pushing again.
hint: See the 'Note about fast-forwards' in 'git push --help' for details.
2026-09-22 05:13 pushed 1 commits
To https://github.com/Wibwubcar/Wibwub-Dashboard.git
 ! [rejected]        main -> main (non-fast-forward)
error: failed to push some refs to 'https://github.com/Wibwubcar/Wibwub-Dashboard.git'
hint: Updates were rejected because the tip of your current branch is behind
hint: its remote counterpart. If you want to integrate the remote changes,
hint: use 'git pull' before pushing again.
hint: See the 'Note about fast-forwards' in 'git push --help' for details.
2026-09-22 05:18 pushed 1 commits
To https://github.com/Wibwubcar/Wibwub-Dashboard.git
 ! [rejected]        main -> main (non-fast-forward)
error: failed to push some refs to 'https://github.com/Wibwubcar/Wibwub-Dashboard.git'
hint: Updates were rejected because the tip of your current branch is behind
hint: its remote counterpart. If you want to integrate the remote changes,
hint: use 'git pull' before pushing again.
hint: See the 'Note about fast-forwards' in 'git push --help' for details.
2026-09-22 05:23 pushed 1 commits
To https://github.com/Wibwubcar/Wibwub-Dashboard.git
 ! [rejected]        main -> main (non-fast-forward)
error: failed to push some refs to 'https://github.com/Wibwubcar/Wibwub-Dashboard.git'
hint: Updates were rejected because the tip of your current branch is behind
hint: its remote counterpart. If you want to integrate the remote changes,
hint: use 'git pull' before pushing again.
hint: See the 'Note about fast-forwards' in 'git push --help' for details.
2026-09-22 05:28 pushed 1 commits
To https://github.com/Wibwubcar/Wibwub-Dashboard.git
 ! [rejected]        main -> main (non-fast-forward)
error: failed to push some refs to 'https://github.com/Wibwubcar/Wibwub-Dashboard.git'
hint: Updates were rejected because the tip of your current branch is behind
hint: its remote counterpart. If you want to integrate the remote changes,
hint: use 'git pull' before pushing again.
hint: See the 'Note about fast-forwards' in 'git push --help' for details.
2026-09-22 05:33 pushed 1 commits
To https://github.com/Wibwubcar/Wibwub-Dashboard.git
 ! [rejected]        main -> main (non-fast-forward)
error: failed to push some refs to 'https://github.com/Wibwubcar/Wibwub-Dashboard.git'
hint: Updates were rejected because the tip of your current branch is behind
hint: its remote counterpart. If you want to integrate the remote changes,
hint: use 'git pull' before pushing again.
hint: See the 'Note about fast-forwards' in 'git push --help' for details.
2026-09-22 05:39 pushed 1 commits
To https://github.com/Wibwubcar/Wibwub-Dashboard.git
 ! [rejected]        main -> main (non-fast-forward)
error: failed to push some refs to 'https://github.com/Wibwubcar/Wibwub-Dashboard.git'
hint: Updates were rejected because the tip of your current branch is behind
hint: its remote counterpart. If you want to integrate the remote changes,
hint: use 'git pull' before pushing again.
hint: See the 'Note about fast-forwards' in 'git push --help' for details.
2026-09-22 05:44 pushed 1 commits
To https://github.com/Wibwubcar/Wibwub-Dashboard.git
 ! [rejected]        main -> main (non-fast-forward)
error: failed to push some refs to 'https://github.com/Wibwubcar/Wibwub-Dashboard.git'
hint: Updates were rejected because the tip of your current branch is behind
hint: its remote counterpart. If you want to integrate the remote changes,
hint: use 'git pull' before pushing again.
hint: See the 'Note about fast-forwards' in 'git push --help' for details.
2026-09-22 05:49 pushed 1 commits
To https://github.com/Wibwubcar/Wibwub-Dashboard.git
 ! [rejected]        main -> main (non-fast-forward)
error: failed to push some refs to 'https://github.com/Wibwubcar/Wibwub-Dashboard.git'
hint: Updates were rejected because the tip of your current branch is behind
hint: its remote counterpart. If you want to integrate the remote changes,
hint: use 'git pull' before pushing again.
hint: See the 'Note about fast-forwards' in 'git push --help' for details.
2026-09-22 05:54 pushed 1 commits
To https://github.com/Wibwubcar/Wibwub-Dashboard.git
 ! [rejected]        main -> main (non-fast-forward)
error: failed to push some refs to 'https://github.com/Wibwubcar/Wibwub-Dashboard.git'
hint: Updates were rejected because the tip of your current branch is behind
hint: its remote counterpart. If you want to integrate the remote changes,
hint: use 'git pull' before pushing again.
hint: See the 'Note about fast-forwards' in 'git push --help' for details.
2026-09-22 05:59 pushed 1 commits
To https://github.com/Wibwubcar/Wibwub-Dashboard.git
 ! [rejected]        main -> main (non-fast-forward)
error: failed to push some refs to 'https://github.com/Wibwubcar/Wibwub-Dashboard.git'
hint: Updates were rejected because the tip of your current branch is behind
hint: its remote counterpart. If you want to integrate the remote changes,
hint: use 'git pull' before pushing again.
hint: See the 'Note about fast-forwards' in 'git push --help' for details.
2026-09-22 06:04 pushed 1 commits
To https://github.com/Wibwubcar/Wibwub-Dashboard.git
 ! [rejected]        main -> main (non-fast-forward)
error: failed to push some refs to 'https://github.com/Wibwubcar/Wibwub-Dashboard.git'
hint: Updates were rejected because the tip of your current branch is behind
hint: its remote counterpart. If you want to integrate the remote changes,
hint: use 'git pull' before pushing again.
hint: See the 'Note about fast-forwards' in 'git push --help' for details.
2026-09-22 06:09 pushed 1 commits
To https://github.com/Wibwubcar/Wibwub-Dashboard.git
 ! [rejected]        main -> main (non-fast-forward)
error: failed to push some refs to 'https://github.com/Wibwubcar/Wibwub-Dashboard.git'
hint: Updates were rejected because the tip of your current branch is behind
hint: its remote counterpart. If you want to integrate the remote changes,
hint: use 'git pull' before pushing again.
hint: See the 'Note about fast-forwards' in 'git push --help' for details.
2026-09-22 06:14 pushed 1 commits
To https://github.com/Wibwubcar/Wibwub-Dashboard.git
 ! [rejected]        main -> main (non-fast-forward)
error: failed to push some refs to 'https://github.com/Wibwubcar/Wibwub-Dashboard.git'
hint: Updates were rejected because the tip of your current branch is behind
hint: its remote counterpart. If you want to integrate the remote changes,
hint: use 'git pull' before pushing again.
hint: See the 'Note about fast-forwards' in 'git push --help' for details.
2026-09-22 06:19 pushed 1 commits
To https://github.com/Wibwubcar/Wibwub-Dashboard.git
 ! [rejected]        main -> main (non-fast-forward)
error: failed to push some refs to 'https://github.com/Wibwubcar/Wibwub-Dashboard.git'
hint: Updates were rejected because the tip of your current branch is behind
hint: its remote counterpart. If you want to integrate the remote changes,
hint: use 'git pull' before pushing again.
hint: See the 'Note about fast-forwards' in 'git push --help' for details.
2026-09-22 06:24 pushed 1 commits
To https://github.com/Wibwubcar/Wibwub-Dashboard.git
 ! [rejected]        main -> main (non-fast-forward)
error: failed to push some refs to 'https://github.com/Wibwubcar/Wibwub-Dashboard.git'
hint: Updates were rejected because the tip of your current branch is behind
hint: its remote counterpart. If you want to integrate the remote changes,
hint: use 'git pull' before pushing again.
hint: See the 'Note about fast-forwards' in 'git push --help' for details.
2026-09-22 06:29 pushed 1 commits
To https://github.com/Wibwubcar/Wibwub-Dashboard.git
 ! [rejected]        main -> main (non-fast-forward)
error: failed to push some refs to 'https://github.com/Wibwubcar/Wibwub-Dashboard.git'
hint: Updates were rejected because the tip of your current branch is behind
hint: its remote counterpart. If you want to integrate the remote changes,
hint: use 'git pull' before pushing again.
hint: See the 'Note about fast-forwards' in 'git push --help' for details.
2026-09-22 06:34 pushed 1 commits
To https://github.com/Wibwubcar/Wibwub-Dashboard.git
 ! [rejected]        main -> main (non-fast-forward)
error: failed to push some refs to 'https://github.com/Wibwubcar/Wibwub-Dashboard.git'
hint: Updates were rejected because the tip of your current branch is behind
hint: its remote counterpart. If you want to integrate the remote changes,
hint: use 'git pull' before pushing again.
hint: See the 'Note about fast-forwards' in 'git push --help' for details.
2026-09-22 06:39 pushed 1 commits
To https://github.com/Wibwubcar/Wibwub-Dashboard.git
 ! [rejected]        main -> main (non-fast-forward)
error: failed to push some refs to 'https://github.com/Wibwubcar/Wibwub-Dashboard.git'
hint: Updates were rejected because the tip of your current branch is behind
hint: its remote counterpart. If you want to integrate the remote changes,
hint: use 'git pull' before pushing again.
hint: See the 'Note about fast-forwards' in 'git push --help' for details.
2026-09-22 06:44 pushed 1 commits
To https://github.com/Wibwubcar/Wibwub-Dashboard.git
 ! [rejected]        main -> main (non-fast-forward)
error: failed to push some refs to 'https://github.com/Wibwubcar/Wibwub-Dashboard.git'
hint: Updates were rejected because the tip of your current branch is behind
hint: its remote counterpart. If you want to integrate the remote changes,
hint: use 'git pull' before pushing again.
hint: See the 'Note about fast-forwards' in 'git push --help' for details.
2026-09-22 06:49 pushed 1 commits
To https://github.com/Wibwubcar/Wibwub-Dashboard.git
 ! [rejected]        main -> main (non-fast-forward)
error: failed to push some refs to 'https://github.com/Wibwubcar/Wibwub-Dashboard.git'
hint: Updates were rejected because the tip of your current branch is behind
hint: its remote counterpart. If you want to integrate the remote changes,
hint: use 'git pull' before pushing again.
hint: See the 'Note about fast-forwards' in 'git push --help' for details.
2026-09-22 06:54 pushed 1 commits
To https://github.com/Wibwubcar/Wibwub-Dashboard.git
 ! [rejected]        main -> main (non-fast-forward)
error: failed to push some refs to 'https://github.com/Wibwubcar/Wibwub-Dashboard.git'
hint: Updates were rejected because the tip of your current branch is behind
hint: its remote counterpart. If you want to integrate the remote changes,
hint: use 'git pull' before pushing again.
hint: See the 'Note about fast-forwards' in 'git push --help' for details.
2026-09-22 06:59 pushed 1 commits
To https://github.com/Wibwubcar/Wibwub-Dashboard.git
 ! [rejected]        main -> main (non-fast-forward)
error: failed to push some refs to 'https://github.com/Wibwubcar/Wibwub-Dashboard.git'
hint: Updates were rejected because the tip of your current branch is behind
hint: its remote counterpart. If you want to integrate the remote changes,
hint: use 'git pull' before pushing again.
hint: See the 'Note about fast-forwards' in 'git push --help' for details.
2026-09-22 07:04 pushed 1 commits
To https://github.com/Wibwubcar/Wibwub-Dashboard.git
 ! [rejected]        main -> main (non-fast-forward)
error: failed to push some refs to 'https://github.com/Wibwubcar/Wibwub-Dashboard.git'
hint: Updates were rejected because the tip of your current branch is behind
hint: its remote counterpart. If you want to integrate the remote changes,
hint: use 'git pull' before pushing again.
hint: See the 'Note about fast-forwards' in 'git push --help' for details.
2026-09-22 07:09 pushed 1 commits
To https://github.com/Wibwubcar/Wibwub-Dashboard.git
 ! [rejected]        main -> main (non-fast-forward)
error: failed to push some refs to 'https://github.com/Wibwubcar/Wibwub-Dashboard.git'
hint: Updates were rejected because the tip of your current branch is behind
hint: its remote counterpart. If you want to integrate the remote changes,
hint: use 'git pull' before pushing again.
hint: See the 'Note about fast-forwards' in 'git push --help' for details.
2026-09-22 07:14 pushed 1 commits
To https://github.com/Wibwubcar/Wibwub-Dashboard.git
 ! [rejected]        main -> main (non-fast-forward)
error: failed to push some refs to 'https://github.com/Wibwubcar/Wibwub-Dashboard.git'
hint: Updates were rejected because the tip of your current branch is behind
hint: its remote counterpart. If you want to integrate the remote changes,
hint: use 'git pull' before pushing again.
hint: See the 'Note about fast-forwards' in 'git push --help' for details.
2026-09-22 07:19 pushed 1 commits
To https://github.com/Wibwubcar/Wibwub-Dashboard.git
 ! [rejected]        main -> main (non-fast-forward)
error: failed to push some refs to 'https://github.com/Wibwubcar/Wibwub-Dashboard.git'
hint: Updates were rejected because the tip of your current branch is behind
hint: its remote counterpart. If you want to integrate the remote changes,
hint: use 'git pull' before pushing again.
hint: See the 'Note about fast-forwards' in 'git push --help' for details.
2026-09-22 07:24 pushed 1 commits
To https://github.com/Wibwubcar/Wibwub-Dashboard.git
 ! [rejected]        main -> main (non-fast-forward)
error: failed to push some refs to 'https://github.com/Wibwubcar/Wibwub-Dashboard.git'
hint: Updates were rejected because the tip of your current branch is behind
hint: its remote counterpart. If you want to integrate the remote changes,
hint: use 'git pull' before pushing again.
hint: See the 'Note about fast-forwards' in 'git push --help' for details.
2026-09-22 07:29 pushed 1 commits
To https://github.com/Wibwubcar/Wibwub-Dashboard.git
 ! [rejected]        main -> main (non-fast-forward)
error: failed to push some refs to 'https://github.com/Wibwubcar/Wibwub-Dashboard.git'
hint: Updates were rejected because the tip of your current branch is behind
hint: its remote counterpart. If you want to integrate the remote changes,
hint: use 'git pull' before pushing again.
hint: See the 'Note about fast-forwards' in 'git push --help' for details.
2026-09-22 07:34 pushed 1 commits
To https://github.com/Wibwubcar/Wibwub-Dashboard.git
 ! [rejected]        main -> main (non-fast-forward)
error: failed to push some refs to 'https://github.com/Wibwubcar/Wibwub-Dashboard.git'
hint: Updates were rejected because the tip of your current branch is behind
hint: its remote counterpart. If you want to integrate the remote changes,
hint: use 'git pull' before pushing again.
hint: See the 'Note about fast-forwards' in 'git push --help' for details.
2026-09-22 07:39 pushed 1 commits
To https://github.com/Wibwubcar/Wibwub-Dashboard.git
 ! [rejected]        main -> main (non-fast-forward)
error: failed to push some refs to 'https://github.com/Wibwubcar/Wibwub-Dashboard.git'
hint: Updates were rejected because the tip of your current branch is behind
hint: its remote counterpart. If you want to integrate the remote changes,
hint: use 'git pull' before pushing again.
hint: See the 'Note about fast-forwards' in 'git push --help' for details.
2026-09-22 07:44 pushed 1 commits
To https://github.com/Wibwubcar/Wibwub-Dashboard.git
 ! [rejected]        main -> main (non-fast-forward)
error: failed to push some refs to 'https://github.com/Wibwubcar/Wibwub-Dashboard.git'
hint: Updates were rejected because the tip of your current branch is behind
hint: its remote counterpart. If you want to integrate the remote changes,
hint: use 'git pull' before pushing again.
hint: See the 'Note about fast-forwards' in 'git push --help' for details.
2026-09-22 07:49 pushed 1 commits
To https://github.com/Wibwubcar/Wibwub-Dashboard.git
 ! [rejected]        main -> main (non-fast-forward)
error: failed to push some refs to 'https://github.com/Wibwubcar/Wibwub-Dashboard.git'
hint: Updates were rejected because the tip of your current branch is behind
hint: its remote counterpart. If you want to integrate the remote changes,
hint: use 'git pull' before pushing again.
hint: See the 'Note about fast-forwards' in 'git push --help' for details.
2026-09-22 07:54 pushed 1 commits
To https://github.com/Wibwubcar/Wibwub-Dashboard.git
 ! [rejected]        main -> main (non-fast-forward)
error: failed to push some refs to 'https://github.com/Wibwubcar/Wibwub-Dashboard.git'
hint: Updates were rejected because the tip of your current branch is behind
hint: its remote counterpart. If you want to integrate the remote changes,
hint: use 'git pull' before pushing again.
hint: See the 'Note about fast-forwards' in 'git push --help' for details.
2026-09-22 07:59 pushed 1 commits
To https://github.com/Wibwubcar/Wibwub-Dashboard.git
 ! [rejected]        main -> main (non-fast-forward)
error: failed to push some refs to 'https://github.com/Wibwubcar/Wibwub-Dashboard.git'
hint: Updates were rejected because the tip of your current branch is behind
hint: its remote counterpart. If you want to integrate the remote changes,
hint: use 'git pull' before pushing again.
hint: See the 'Note about fast-forwards' in 'git push --help' for details.
2026-09-22 08:04 pushed 1 commits
To https://github.com/Wibwubcar/Wibwub-Dashboard.git
 ! [rejected]        main -> main (non-fast-forward)
error: failed to push some refs to 'https://github.com/Wibwubcar/Wibwub-Dashboard.git'
hint: Updates were rejected because the tip of your current branch is behind
hint: its remote counterpart. If you want to integrate the remote changes,
hint: use 'git pull' before pushing again.
hint: See the 'Note about fast-forwards' in 'git push --help' for details.
2026-09-22 08:09 pushed 2 commits
To https://github.com/Wibwubcar/Wibwub-Dashboard.git
 ! [rejected]        main -> main (non-fast-forward)
error: failed to push some refs to 'https://github.com/Wibwubcar/Wibwub-Dashboard.git'
hint: Updates were rejected because the tip of your current branch is behind
hint: its remote counterpart. If you want to integrate the remote changes,
hint: use 'git pull' before pushing again.
hint: See the 'Note about fast-forwards' in 'git push --help' for details.
2026-09-22 08:14 pushed 2 commits
To https://github.com/Wibwubcar/Wibwub-Dashboard.git
 ! [rejected]        main -> main (non-fast-forward)
error: failed to push some refs to 'https://github.com/Wibwubcar/Wibwub-Dashboard.git'
hint: Updates were rejected because the tip of your current branch is behind
hint: its remote counterpart. If you want to integrate the remote changes,
hint: use 'git pull' before pushing again.
hint: See the 'Note about fast-forwards' in 'git push --help' for details.
2026-09-22 08:19 pushed 2 commits
To https://github.com/Wibwubcar/Wibwub-Dashboard.git
 ! [rejected]        main -> main (non-fast-forward)
error: failed to push some refs to 'https://github.com/Wibwubcar/Wibwub-Dashboard.git'
hint: Updates were rejected because the tip of your current branch is behind
hint: its remote counterpart. If you want to integrate the remote changes,
hint: use 'git pull' before pushing again.
hint: See the 'Note about fast-forwards' in 'git push --help' for details.
2026-09-22 08:24 pushed 2 commits
To https://github.com/Wibwubcar/Wibwub-Dashboard.git
 ! [rejected]        main -> main (non-fast-forward)
error: failed to push some refs to 'https://github.com/Wibwubcar/Wibwub-Dashboard.git'
hint: Updates were rejected because the tip of your current branch is behind
hint: its remote counterpart. If you want to integrate the remote changes,
hint: use 'git pull' before pushing again.
hint: See the 'Note about fast-forwards' in 'git push --help' for details.
2026-09-22 08:29 pushed 2 commits
To https://github.com/Wibwubcar/Wibwub-Dashboard.git
 ! [rejected]        main -> main (non-fast-forward)
error: failed to push some refs to 'https://github.com/Wibwubcar/Wibwub-Dashboard.git'
hint: Updates were rejected because the tip of your current branch is behind
hint: its remote counterpart. If you want to integrate the remote changes,
hint: use 'git pull' before pushing again.
hint: See the 'Note about fast-forwards' in 'git push --help' for details.
2026-09-22 08:34 pushed 3 commits
To https://github.com/Wibwubcar/Wibwub-Dashboard.git
 ! [rejected]        main -> main (non-fast-forward)
error: failed to push some refs to 'https://github.com/Wibwubcar/Wibwub-Dashboard.git'
hint: Updates were rejected because the tip of your current branch is behind
hint: its remote counterpart. If you want to integrate the remote changes,
hint: use 'git pull' before pushing again.
hint: See the 'Note about fast-forwards' in 'git push --help' for details.
2026-09-22 08:39 pushed 3 commits
To https://github.com/Wibwubcar/Wibwub-Dashboard.git
 ! [rejected]        main -> main (non-fast-forward)
error: failed to push some refs to 'https://github.com/Wibwubcar/Wibwub-Dashboard.git'
hint: Updates were rejected because the tip of your current branch is behind
hint: its remote counterpart. If you want to integrate the remote changes,
hint: use 'git pull' before pushing again.
hint: See the 'Note about fast-forwards' in 'git push --help' for details.
2026-09-22 08:44 pushed 3 commits
To https://github.com/Wibwubcar/Wibwub-Dashboard.git
 ! [rejected]        main -> main (non-fast-forward)
error: failed to push some refs to 'https://github.com/Wibwubcar/Wibwub-Dashboard.git'
hint: Updates were rejected because the tip of your current branch is behind
hint: its remote counterpart. If you want to integrate the remote changes,
hint: use 'git pull' before pushing again.
hint: See the 'Note about fast-forwards' in 'git push --help' for details.
2026-09-22 08:49 pushed 4 commits
To https://github.com/Wibwubcar/Wibwub-Dashboard.git
 ! [rejected]        main -> main (non-fast-forward)
error: failed to push some refs to 'https://github.com/Wibwubcar/Wibwub-Dashboard.git'
hint: Updates were rejected because the tip of your current branch is behind
hint: its remote counterpart. If you want to integrate the remote changes,
hint: use 'git pull' before pushing again.
hint: See the 'Note about fast-forwards' in 'git push --help' for details.
2026-09-22 08:54 pushed 4 commits
To https://github.com/Wibwubcar/Wibwub-Dashboard.git
 ! [rejected]        main -> main (non-fast-forward)
error: failed to push some refs to 'https://github.com/Wibwubcar/Wibwub-Dashboard.git'
hint: Updates were rejected because the tip of your current branch is behind
hint: its remote counterpart. If you want to integrate the remote changes,
hint: use 'git pull' before pushing again.
hint: See the 'Note about fast-forwards' in 'git push --help' for details.
2026-09-22 09:00 pushed 4 commits
To https://github.com/Wibwubcar/Wibwub-Dashboard.git
 ! [rejected]        main -> main (non-fast-forward)
error: failed to push some refs to 'https://github.com/Wibwubcar/Wibwub-Dashboard.git'
hint: Updates were rejected because the tip of your current branch is behind
hint: its remote counterpart. If you want to integrate the remote changes,
hint: use 'git pull' before pushing again.
hint: See the 'Note about fast-forwards' in 'git push --help' for details.
2026-09-22 09:05 pushed 4 commits
To https://github.com/Wibwubcar/Wibwub-Dashboard.git
 ! [rejected]        main -> main (non-fast-forward)
error: failed to push some refs to 'https://github.com/Wibwubcar/Wibwub-Dashboard.git'
hint: Updates were rejected because the tip of your current branch is behind
hint: its remote counterpart. If you want to integrate the remote changes,
hint: use 'git pull' before pushing again.
hint: See the 'Note about fast-forwards' in 'git push --help' for details.
2026-09-22 09:10 pushed 5 commits
To https://github.com/Wibwubcar/Wibwub-Dashboard.git
 ! [rejected]        main -> main (non-fast-forward)
error: failed to push some refs to 'https://github.com/Wibwubcar/Wibwub-Dashboard.git'
hint: Updates were rejected because the tip of your current branch is behind
hint: its remote counterpart. If you want to integrate the remote changes,
hint: use 'git pull' before pushing again.
hint: See the 'Note about fast-forwards' in 'git push --help' for details.
2026-09-22 09:15 pushed 8 commits
To https://github.com/Wibwubcar/Wibwub-Dashboard.git
 ! [rejected]        main -> main (non-fast-forward)
error: failed to push some refs to 'https://github.com/Wibwubcar/Wibwub-Dashboard.git'
hint: Updates were rejected because the tip of your current branch is behind
hint: its remote counterpart. If you want to integrate the remote changes,
hint: use 'git pull' before pushing again.
hint: See the 'Note about fast-forwards' in 'git push --help' for details.
2026-09-22 09:20 pushed 9 commits
To https://github.com/Wibwubcar/Wibwub-Dashboard.git
 ! [rejected]        main -> main (non-fast-forward)
error: failed to push some refs to 'https://github.com/Wibwubcar/Wibwub-Dashboard.git'
hint: Updates were rejected because the tip of your current branch is behind
hint: its remote counterpart. If you want to integrate the remote changes,
hint: use 'git pull' before pushing again.
hint: See the 'Note about fast-forwards' in 'git push --help' for details.
2026-09-22 09:25 pushed 9 commits
To https://github.com/Wibwubcar/Wibwub-Dashboard.git
 ! [rejected]        main -> main (non-fast-forward)
error: failed to push some refs to 'https://github.com/Wibwubcar/Wibwub-Dashboard.git'
hint: Updates were rejected because the tip of your current branch is behind
hint: its remote counterpart. If you want to integrate the remote changes,
hint: use 'git pull' before pushing again.
hint: See the 'Note about fast-forwards' in 'git push --help' for details.
2026-09-22 09:30 pushed 9 commits
To https://github.com/Wibwubcar/Wibwub-Dashboard.git
 ! [rejected]        main -> main (non-fast-forward)
error: failed to push some refs to 'https://github.com/Wibwubcar/Wibwub-Dashboard.git'
hint: Updates were rejected because the tip of your current branch is behind
hint: its remote counterpart. If you want to integrate the remote changes,
hint: use 'git pull' before pushing again.
hint: See the 'Note about fast-forwards' in 'git push --help' for details.
2026-09-22 09:35 pushed 9 commits
To https://github.com/Wibwubcar/Wibwub-Dashboard.git
 ! [rejected]        main -> main (non-fast-forward)
error: failed to push some refs to 'https://github.com/Wibwubcar/Wibwub-Dashboard.git'
hint: Updates were rejected because the tip of your current branch is behind
hint: its remote counterpart. If you want to integrate the remote changes,
hint: use 'git pull' before pushing again.
hint: See the 'Note about fast-forwards' in 'git push --help' for details.
2026-09-22 09:40 pushed 10 commits
To https://github.com/Wibwubcar/Wibwub-Dashboard.git
 ! [rejected]        main -> main (non-fast-forward)
error: failed to push some refs to 'https://github.com/Wibwubcar/Wibwub-Dashboard.git'
hint: Updates were rejected because the tip of your current branch is behind
hint: its remote counterpart. If you want to integrate the remote changes,
hint: use 'git pull' before pushing again.
hint: See the 'Note about fast-forwards' in 'git push --help' for details.
2026-09-22 09:45 pushed 10 commits
To https://github.com/Wibwubcar/Wibwub-Dashboard.git
 ! [rejected]        main -> main (non-fast-forward)
error: failed to push some refs to 'https://github.com/Wibwubcar/Wibwub-Dashboard.git'
hint: Updates were rejected because the tip of your current branch is behind
hint: its remote counterpart. If you want to integrate the remote changes,
hint: use 'git pull' before pushing again.
hint: See the 'Note about fast-forwards' in 'git push --help' for details.
2026-09-22 09:50 pushed 10 commits
To https://github.com/Wibwubcar/Wibwub-Dashboard.git
 ! [rejected]        main -> main (non-fast-forward)
error: failed to push some refs to 'https://github.com/Wibwubcar/Wibwub-Dashboard.git'
hint: Updates were rejected because the tip of your current branch is behind
hint: its remote counterpart. If you want to integrate the remote changes,
hint: use 'git pull' before pushing again.
hint: See the 'Note about fast-forwards' in 'git push --help' for details.
2026-09-22 09:55 pushed 10 commits
To https://github.com/Wibwubcar/Wibwub-Dashboard.git
 ! [rejected]        main -> main (non-fast-forward)
error: failed to push some refs to 'https://github.com/Wibwubcar/Wibwub-Dashboard.git'
hint: Updates were rejected because the tip of your current branch is behind
hint: its remote counterpart. If you want to integrate the remote changes,
hint: use 'git pull' before pushing again.
hint: See the 'Note about fast-forwards' in 'git push --help' for details.
2026-09-22 10:00 pushed 10 commits
To https://github.com/Wibwubcar/Wibwub-Dashboard.git
 ! [rejected]        main -> main (non-fast-forward)
error: failed to push some refs to 'https://github.com/Wibwubcar/Wibwub-Dashboard.git'
hint: Updates were rejected because the tip of your current branch is behind
hint: its remote counterpart. If you want to integrate the remote changes,
hint: use 'git pull' before pushing again.
hint: See the 'Note about fast-forwards' in 'git push --help' for details.
2026-09-22 10:05 pushed 10 commits
To https://github.com/Wibwubcar/Wibwub-Dashboard.git
 ! [rejected]        main -> main (non-fast-forward)
error: failed to push some refs to 'https://github.com/Wibwubcar/Wibwub-Dashboard.git'
hint: Updates were rejected because the tip of your current branch is behind
hint: its remote counterpart. If you want to integrate the remote changes,
hint: use 'git pull' before pushing again.
hint: See the 'Note about fast-forwards' in 'git push --help' for details.
2026-09-22 10:10 pushed 10 commits
To https://github.com/Wibwubcar/Wibwub-Dashboard.git
 ! [rejected]        main -> main (non-fast-forward)
error: failed to push some refs to 'https://github.com/Wibwubcar/Wibwub-Dashboard.git'
hint: Updates were rejected because the tip of your current branch is behind
hint: its remote counterpart. If you want to integrate the remote changes,
hint: use 'git pull' before pushing again.
hint: See the 'Note about fast-forwards' in 'git push --help' for details.
2026-09-22 10:15 pushed 10 commits
To https://github.com/Wibwubcar/Wibwub-Dashboard.git
 ! [rejected]        main -> main (non-fast-forward)
error: failed to push some refs to 'https://github.com/Wibwubcar/Wibwub-Dashboard.git'
hint: Updates were rejected because the tip of your current branch is behind
hint: its remote counterpart. If you want to integrate the remote changes,
hint: use 'git pull' before pushing again.
hint: See the 'Note about fast-forwards' in 'git push --help' for details.
2026-09-22 10:20 pushed 10 commits
To https://github.com/Wibwubcar/Wibwub-Dashboard.git
 ! [rejected]        main -> main (non-fast-forward)
error: failed to push some refs to 'https://github.com/Wibwubcar/Wibwub-Dashboard.git'
hint: Updates were rejected because the tip of your current branch is behind
hint: its remote counterpart. If you want to integrate the remote changes,
hint: use 'git pull' before pushing again.
hint: See the 'Note about fast-forwards' in 'git push --help' for details.
2026-09-22 10:25 pushed 10 commits
To https://github.com/Wibwubcar/Wibwub-Dashboard.git
 ! [rejected]        main -> main (non-fast-forward)
error: failed to push some refs to 'https://github.com/Wibwubcar/Wibwub-Dashboard.git'
hint: Updates were rejected because the tip of your current branch is behind
hint: its remote counterpart. If you want to integrate the remote changes,
hint: use 'git pull' before pushing again.
hint: See the 'Note about fast-forwards' in 'git push --help' for details.
2026-09-22 10:30 pushed 10 commits
To https://github.com/Wibwubcar/Wibwub-Dashboard.git
 ! [rejected]        main -> main (non-fast-forward)
error: failed to push some refs to 'https://github.com/Wibwubcar/Wibwub-Dashboard.git'
hint: Updates were rejected because the tip of your current branch is behind
hint: its remote counterpart. If you want to integrate the remote changes,
hint: use 'git pull' before pushing again.
hint: See the 'Note about fast-forwards' in 'git push --help' for details.
2026-09-22 10:35 pushed 10 commits
To https://github.com/Wibwubcar/Wibwub-Dashboard.git
 ! [rejected]        main -> main (non-fast-forward)
error: failed to push some refs to 'https://github.com/Wibwubcar/Wibwub-Dashboard.git'
hint: Updates were rejected because the tip of your current branch is behind
hint: its remote counterpart. If you want to integrate the remote changes,
hint: use 'git pull' before pushing again.
hint: See the 'Note about fast-forwards' in 'git push --help' for details.
2026-09-22 10:40 pushed 10 commits
To https://github.com/Wibwubcar/Wibwub-Dashboard.git
 ! [rejected]        main -> main (non-fast-forward)
error: failed to push some refs to 'https://github.com/Wibwubcar/Wibwub-Dashboard.git'
hint: Updates were rejected because the tip of your current branch is behind
hint: its remote counterpart. If you want to integrate the remote changes,
hint: use 'git pull' before pushing again.
hint: See the 'Note about fast-forwards' in 'git push --help' for details.
2026-09-22 10:45 pushed 10 commits
To https://github.com/Wibwubcar/Wibwub-Dashboard.git
 ! [rejected]        main -> main (non-fast-forward)
error: failed to push some refs to 'https://github.com/Wibwubcar/Wibwub-Dashboard.git'
hint: Updates were rejected because the tip of your current branch is behind
hint: its remote counterpart. If you want to integrate the remote changes,
hint: use 'git pull' before pushing again.
hint: See the 'Note about fast-forwards' in 'git push --help' for details.
2026-09-22 10:50 pushed 10 commits
To https://github.com/Wibwubcar/Wibwub-Dashboard.git
 ! [rejected]        main -> main (non-fast-forward)
error: failed to push some refs to 'https://github.com/Wibwubcar/Wibwub-Dashboard.git'
hint: Updates were rejected because the tip of your current branch is behind
hint: its remote counterpart. If you want to integrate the remote changes,
hint: use 'git pull' before pushing again.
hint: See the 'Note about fast-forwards' in 'git push --help' for details.
2026-09-22 10:55 pushed 10 commits
To https://github.com/Wibwubcar/Wibwub-Dashboard.git
 ! [rejected]        main -> main (non-fast-forward)
error: failed to push some refs to 'https://github.com/Wibwubcar/Wibwub-Dashboard.git'
hint: Updates were rejected because the tip of your current branch is behind
hint: its remote counterpart. If you want to integrate the remote changes,
hint: use 'git pull' before pushing again.
hint: See the 'Note about fast-forwards' in 'git push --help' for details.
2026-09-22 11:00 pushed 10 commits
To https://github.com/Wibwubcar/Wibwub-Dashboard.git
 ! [rejected]        main -> main (non-fast-forward)
error: failed to push some refs to 'https://github.com/Wibwubcar/Wibwub-Dashboard.git'
hint: Updates were rejected because the tip of your current branch is behind
hint: its remote counterpart. If you want to integrate the remote changes,
hint: use 'git pull' before pushing again.
hint: See the 'Note about fast-forwards' in 'git push --help' for details.
2026-09-22 11:05 pushed 10 commits
To https://github.com/Wibwubcar/Wibwub-Dashboard.git
 ! [rejected]        main -> main (non-fast-forward)
error: failed to push some refs to 'https://github.com/Wibwubcar/Wibwub-Dashboard.git'
hint: Updates were rejected because the tip of your current branch is behind
hint: its remote counterpart. If you want to integrate the remote changes,
hint: use 'git pull' before pushing again.
hint: See the 'Note about fast-forwards' in 'git push --help' for details.
2026-09-22 11:10 pushed 10 commits
To https://github.com/Wibwubcar/Wibwub-Dashboard.git
 ! [rejected]        main -> main (non-fast-forward)
error: failed to push some refs to 'https://github.com/Wibwubcar/Wibwub-Dashboard.git'
hint: Updates were rejected because the tip of your current branch is behind
hint: its remote counterpart. If you want to integrate the remote changes,
hint: use 'git pull' before pushing again.
hint: See the 'Note about fast-forwards' in 'git push --help' for details.
2026-09-22 11:15 pushed 10 commits
To https://github.com/Wibwubcar/Wibwub-Dashboard.git
 ! [rejected]        main -> main (non-fast-forward)
error: failed to push some refs to 'https://github.com/Wibwubcar/Wibwub-Dashboard.git'
hint: Updates were rejected because the tip of your current branch is behind
hint: its remote counterpart. If you want to integrate the remote changes,
hint: use 'git pull' before pushing again.
hint: See the 'Note about fast-forwards' in 'git push --help' for details.
2026-09-22 11:20 pushed 10 commits
To https://github.com/Wibwubcar/Wibwub-Dashboard.git
 ! [rejected]        main -> main (non-fast-forward)
error: failed to push some refs to 'https://github.com/Wibwubcar/Wibwub-Dashboard.git'
hint: Updates were rejected because the tip of your current branch is behind
hint: its remote counterpart. If you want to integrate the remote changes,
hint: use 'git pull' before pushing again.
hint: See the 'Note about fast-forwards' in 'git push --help' for details.
2026-09-22 11:25 pushed 10 commits
To https://github.com/Wibwubcar/Wibwub-Dashboard.git
 ! [rejected]        main -> main (non-fast-forward)
error: failed to push some refs to 'https://github.com/Wibwubcar/Wibwub-Dashboard.git'
hint: Updates were rejected because the tip of your current branch is behind
hint: its remote counterpart. If you want to integrate the remote changes,
hint: use 'git pull' before pushing again.
hint: See the 'Note about fast-forwards' in 'git push --help' for details.
2026-09-22 11:30 pushed 10 commits
To https://github.com/Wibwubcar/Wibwub-Dashboard.git
 ! [rejected]        main -> main (non-fast-forward)
error: failed to push some refs to 'https://github.com/Wibwubcar/Wibwub-Dashboard.git'
hint: Updates were rejected because the tip of your current branch is behind
hint: its remote counterpart. If you want to integrate the remote changes,
hint: use 'git pull' before pushing again.
hint: See the 'Note about fast-forwards' in 'git push --help' for details.
2026-09-22 11:35 pushed 10 commits
To https://github.com/Wibwubcar/Wibwub-Dashboard.git
 ! [rejected]        main -> main (non-fast-forward)
error: failed to push some refs to 'https://github.com/Wibwubcar/Wibwub-Dashboard.git'
hint: Updates were rejected because the tip of your current branch is behind
hint: its remote counterpart. If you want to integrate the remote changes,
hint: use 'git pull' before pushing again.
hint: See the 'Note about fast-forwards' in 'git push --help' for details.
2026-09-22 11:40 pushed 10 commits
To https://github.com/Wibwubcar/Wibwub-Dashboard.git
 ! [rejected]        main -> main (non-fast-forward)
error: failed to push some refs to 'https://github.com/Wibwubcar/Wibwub-Dashboard.git'
hint: Updates were rejected because the tip of your current branch is behind
hint: its remote counterpart. If you want to integrate the remote changes,
hint: use 'git pull' before pushing again.
hint: See the 'Note about fast-forwards' in 'git push --help' for details.
2026-09-22 11:45 pushed 10 commits
To https://github.com/Wibwubcar/Wibwub-Dashboard.git
 ! [rejected]        main -> main (non-fast-forward)
error: failed to push some refs to 'https://github.com/Wibwubcar/Wibwub-Dashboard.git'
hint: Updates were rejected because the tip of your current branch is behind
hint: its remote counterpart. If you want to integrate the remote changes,
hint: use 'git pull' before pushing again.
hint: See the 'Note about fast-forwards' in 'git push --help' for details.
2026-09-22 11:50 pushed 10 commits
To https://github.com/Wibwubcar/Wibwub-Dashboard.git
 ! [rejected]        main -> main (non-fast-forward)
error: failed to push some refs to 'https://github.com/Wibwubcar/Wibwub-Dashboard.git'
hint: Updates were rejected because the tip of your current branch is behind
hint: its remote counterpart. If you want to integrate the remote changes,
hint: use 'git pull' before pushing again.
hint: See the 'Note about fast-forwards' in 'git push --help' for details.
2026-09-22 11:55 pushed 10 commits
To https://github.com/Wibwubcar/Wibwub-Dashboard.git
 ! [rejected]        main -> main (non-fast-forward)
error: failed to push some refs to 'https://github.com/Wibwubcar/Wibwub-Dashboard.git'
hint: Updates were rejected because the tip of your current branch is behind
hint: its remote counterpart. If you want to integrate the remote changes,
hint: use 'git pull' before pushing again.
hint: See the 'Note about fast-forwards' in 'git push --help' for details.
2026-09-22 12:00 pushed 10 commits
To https://github.com/Wibwubcar/Wibwub-Dashboard.git
 ! [rejected]        main -> main (non-fast-forward)
error: failed to push some refs to 'https://github.com/Wibwubcar/Wibwub-Dashboard.git'
hint: Updates were rejected because the tip of your current branch is behind
hint: its remote counterpart. If you want to integrate the remote changes,
hint: use 'git pull' before pushing again.
hint: See the 'Note about fast-forwards' in 'git push --help' for details.
2026-09-22 12:05 pushed 10 commits
To https://github.com/Wibwubcar/Wibwub-Dashboard.git
 ! [rejected]        main -> main (non-fast-forward)
error: failed to push some refs to 'https://github.com/Wibwubcar/Wibwub-Dashboard.git'
hint: Updates were rejected because the tip of your current branch is behind
hint: its remote counterpart. If you want to integrate the remote changes,
hint: use 'git pull' before pushing again.
hint: See the 'Note about fast-forwards' in 'git push --help' for details.
2026-09-22 12:10 pushed 10 commits
To https://github.com/Wibwubcar/Wibwub-Dashboard.git
 ! [rejected]        main -> main (non-fast-forward)
error: failed to push some refs to 'https://github.com/Wibwubcar/Wibwub-Dashboard.git'
hint: Updates were rejected because the tip of your current branch is behind
hint: its remote counterpart. If you want to integrate the remote changes,
hint: use 'git pull' before pushing again.
hint: See the 'Note about fast-forwards' in 'git push --help' for details.
2026-09-22 12:15 pushed 10 commits
To https://github.com/Wibwubcar/Wibwub-Dashboard.git
 ! [rejected]        main -> main (non-fast-forward)
error: failed to push some refs to 'https://github.com/Wibwubcar/Wibwub-Dashboard.git'
hint: Updates were rejected because the tip of your current branch is behind
hint: its remote counterpart. If you want to integrate the remote changes,
hint: use 'git pull' before pushing again.
hint: See the 'Note about fast-forwards' in 'git push --help' for details.
2026-09-22 12:20 pushed 10 commits
To https://github.com/Wibwubcar/Wibwub-Dashboard.git
 ! [rejected]        main -> main (non-fast-forward)
error: failed to push some refs to 'https://github.com/Wibwubcar/Wibwub-Dashboard.git'
hint: Updates were rejected because the tip of your current branch is behind
hint: its remote counterpart. If you want to integrate the remote changes,
hint: use 'git pull' before pushing again.
hint: See the 'Note about fast-forwards' in 'git push --help' for details.
2026-09-22 12:25 pushed 10 commits
To https://github.com/Wibwubcar/Wibwub-Dashboard.git
 ! [rejected]        main -> main (non-fast-forward)
error: failed to push some refs to 'https://github.com/Wibwubcar/Wibwub-Dashboard.git'
hint: Updates were rejected because the tip of your current branch is behind
hint: its remote counterpart. If you want to integrate the remote changes,
hint: use 'git pull' before pushing again.
hint: See the 'Note about fast-forwards' in 'git push --help' for details.
2026-09-22 12:30 pushed 10 commits
To https://github.com/Wibwubcar/Wibwub-Dashboard.git
 ! [rejected]        main -> main (non-fast-forward)
error: failed to push some refs to 'https://github.com/Wibwubcar/Wibwub-Dashboard.git'
hint: Updates were rejected because the tip of your current branch is behind
hint: its remote counterpart. If you want to integrate the remote changes,
hint: use 'git pull' before pushing again.
hint: See the 'Note about fast-forwards' in 'git push --help' for details.
2026-09-22 12:35 pushed 10 commits
To https://github.com/Wibwubcar/Wibwub-Dashboard.git
 ! [rejected]        main -> main (non-fast-forward)
error: failed to push some refs to 'https://github.com/Wibwubcar/Wibwub-Dashboard.git'
hint: Updates were rejected because the tip of your current branch is behind
hint: its remote counterpart. If you want to integrate the remote changes,
hint: use 'git pull' before pushing again.
hint: See the 'Note about fast-forwards' in 'git push --help' for details.
2026-09-22 12:41 pushed 10 commits
To https://github.com/Wibwubcar/Wibwub-Dashboard.git
 ! [rejected]        main -> main (non-fast-forward)
error: failed to push some refs to 'https://github.com/Wibwubcar/Wibwub-Dashboard.git'
hint: Updates were rejected because the tip of your current branch is behind
hint: its remote counterpart. If you want to integrate the remote changes,
hint: use 'git pull' before pushing again.
hint: See the 'Note about fast-forwards' in 'git push --help' for details.
2026-09-22 12:46 pushed 10 commits
To https://github.com/Wibwubcar/Wibwub-Dashboard.git
 ! [rejected]        main -> main (non-fast-forward)
error: failed to push some refs to 'https://github.com/Wibwubcar/Wibwub-Dashboard.git'
hint: Updates were rejected because the tip of your current branch is behind
hint: its remote counterpart. If you want to integrate the remote changes,
hint: use 'git pull' before pushing again.
hint: See the 'Note about fast-forwards' in 'git push --help' for details.
2026-09-22 12:51 pushed 10 commits
To https://github.com/Wibwubcar/Wibwub-Dashboard.git
 ! [rejected]        main -> main (non-fast-forward)
error: failed to push some refs to 'https://github.com/Wibwubcar/Wibwub-Dashboard.git'
hint: Updates were rejected because the tip of your current branch is behind
hint: its remote counterpart. If you want to integrate the remote changes,
hint: use 'git pull' before pushing again.
hint: See the 'Note about fast-forwards' in 'git push --help' for details.
2026-09-22 12:56 pushed 10 commits
To https://github.com/Wibwubcar/Wibwub-Dashboard.git
 ! [rejected]        main -> main (non-fast-forward)
error: failed to push some refs to 'https://github.com/Wibwubcar/Wibwub-Dashboard.git'
hint: Updates were rejected because the tip of your current branch is behind
hint: its remote counterpart. If you want to integrate the remote changes,
hint: use 'git pull' before pushing again.
hint: See the 'Note about fast-forwards' in 'git push --help' for details.
2026-09-22 13:01 pushed 10 commits
To https://github.com/Wibwubcar/Wibwub-Dashboard.git
 ! [rejected]        main -> main (non-fast-forward)
error: failed to push some refs to 'https://github.com/Wibwubcar/Wibwub-Dashboard.git'
hint: Updates were rejected because the tip of your current branch is behind
hint: its remote counterpart. If you want to integrate the remote changes,
hint: use 'git pull' before pushing again.
hint: See the 'Note about fast-forwards' in 'git push --help' for details.
2026-09-22 13:06 pushed 10 commits
To https://github.com/Wibwubcar/Wibwub-Dashboard.git
 ! [rejected]        main -> main (non-fast-forward)
error: failed to push some refs to 'https://github.com/Wibwubcar/Wibwub-Dashboard.git'
hint: Updates were rejected because the tip of your current branch is behind
hint: its remote counterpart. If you want to integrate the remote changes,
hint: use 'git pull' before pushing again.
hint: See the 'Note about fast-forwards' in 'git push --help' for details.
2026-09-22 13:11 pushed 10 commits
To https://github.com/Wibwubcar/Wibwub-Dashboard.git
 ! [rejected]        main -> main (non-fast-forward)
error: failed to push some refs to 'https://github.com/Wibwubcar/Wibwub-Dashboard.git'
hint: Updates were rejected because the tip of your current branch is behind
hint: its remote counterpart. If you want to integrate the remote changes,
hint: use 'git pull' before pushing again.
hint: See the 'Note about fast-forwards' in 'git push --help' for details.
2026-09-22 13:16 pushed 10 commits
To https://github.com/Wibwubcar/Wibwub-Dashboard.git
 ! [rejected]        main -> main (non-fast-forward)
error: failed to push some refs to 'https://github.com/Wibwubcar/Wibwub-Dashboard.git'
hint: Updates were rejected because the tip of your current branch is behind
hint: its remote counterpart. If you want to integrate the remote changes,
hint: use 'git pull' before pushing again.
hint: See the 'Note about fast-forwards' in 'git push --help' for details.
2026-09-22 13:21 pushed 10 commits
To https://github.com/Wibwubcar/Wibwub-Dashboard.git
 ! [rejected]        main -> main (non-fast-forward)
error: failed to push some refs to 'https://github.com/Wibwubcar/Wibwub-Dashboard.git'
hint: Updates were rejected because the tip of your current branch is behind
hint: its remote counterpart. If you want to integrate the remote changes,
hint: use 'git pull' before pushing again.
hint: See the 'Note about fast-forwards' in 'git push --help' for details.
2026-09-22 13:26 pushed 10 commits
To https://github.com/Wibwubcar/Wibwub-Dashboard.git
 ! [rejected]        main -> main (non-fast-forward)
error: failed to push some refs to 'https://github.com/Wibwubcar/Wibwub-Dashboard.git'
hint: Updates were rejected because the tip of your current branch is behind
hint: its remote counterpart. If you want to integrate the remote changes,
hint: use 'git pull' before pushing again.
hint: See the 'Note about fast-forwards' in 'git push --help' for details.
2026-09-22 13:31 pushed 10 commits
To https://github.com/Wibwubcar/Wibwub-Dashboard.git
 ! [rejected]        main -> main (non-fast-forward)
error: failed to push some refs to 'https://github.com/Wibwubcar/Wibwub-Dashboard.git'
hint: Updates were rejected because the tip of your current branch is behind
hint: its remote counterpart. If you want to integrate the remote changes,
hint: use 'git pull' before pushing again.
hint: See the 'Note about fast-forwards' in 'git push --help' for details.
2026-09-22 13:36 pushed 10 commits
To https://github.com/Wibwubcar/Wibwub-Dashboard.git
 ! [rejected]        main -> main (non-fast-forward)
error: failed to push some refs to 'https://github.com/Wibwubcar/Wibwub-Dashboard.git'
hint: Updates were rejected because the tip of your current branch is behind
hint: its remote counterpart. If you want to integrate the remote changes,
hint: use 'git pull' before pushing again.
hint: See the 'Note about fast-forwards' in 'git push --help' for details.
2026-09-22 13:41 pushed 10 commits
To https://github.com/Wibwubcar/Wibwub-Dashboard.git
 ! [rejected]        main -> main (non-fast-forward)
error: failed to push some refs to 'https://github.com/Wibwubcar/Wibwub-Dashboard.git'
hint: Updates were rejected because the tip of your current branch is behind
hint: its remote counterpart. If you want to integrate the remote changes,
hint: use 'git pull' before pushing again.
hint: See the 'Note about fast-forwards' in 'git push --help' for details.
2026-09-22 13:46 pushed 10 commits
To https://github.com/Wibwubcar/Wibwub-Dashboard.git
 ! [rejected]        main -> main (non-fast-forward)
error: failed to push some refs to 'https://github.com/Wibwubcar/Wibwub-Dashboard.git'
hint: Updates were rejected because the tip of your current branch is behind
hint: its remote counterpart. If you want to integrate the remote changes,
hint: use 'git pull' before pushing again.
hint: See the 'Note about fast-forwards' in 'git push --help' for details.
2026-09-22 13:51 pushed 10 commits
To https://github.com/Wibwubcar/Wibwub-Dashboard.git
 ! [rejected]        main -> main (non-fast-forward)
error: failed to push some refs to 'https://github.com/Wibwubcar/Wibwub-Dashboard.git'
hint: Updates were rejected because the tip of your current branch is behind
hint: its remote counterpart. If you want to integrate the remote changes,
hint: use 'git pull' before pushing again.
hint: See the 'Note about fast-forwards' in 'git push --help' for details.
2026-09-22 13:56 pushed 10 commits
To https://github.com/Wibwubcar/Wibwub-Dashboard.git
 ! [rejected]        main -> main (non-fast-forward)
error: failed to push some refs to 'https://github.com/Wibwubcar/Wibwub-Dashboard.git'
hint: Updates were rejected because the tip of your current branch is behind
hint: its remote counterpart. If you want to integrate the remote changes,
hint: use 'git pull' before pushing again.
hint: See the 'Note about fast-forwards' in 'git push --help' for details.
2026-09-22 14:01 pushed 10 commits
To https://github.com/Wibwubcar/Wibwub-Dashboard.git
 ! [rejected]        main -> main (non-fast-forward)
error: failed to push some refs to 'https://github.com/Wibwubcar/Wibwub-Dashboard.git'
hint: Updates were rejected because the tip of your current branch is behind
hint: its remote counterpart. If you want to integrate the remote changes,
hint: use 'git pull' before pushing again.
hint: See the 'Note about fast-forwards' in 'git push --help' for details.
2026-09-22 14:06 pushed 10 commits
fatal: unable to access 'https://github.com/Wibwubcar/Wibwub-Dashboard.git/': Could not resolve host: github.com
2026-09-22 15:40 pushed 10 commits
fatal: unable to access 'https://github.com/Wibwubcar/Wibwub-Dashboard.git/': Could not resolve host: github.com
2026-09-22 17:17 pushed 10 commits
To https://github.com/Wibwubcar/Wibwub-Dashboard.git
 ! [rejected]        main -> main (non-fast-forward)
error: failed to push some refs to 'https://github.com/Wibwubcar/Wibwub-Dashboard.git'
hint: Updates were rejected because the tip of your current branch is behind
hint: its remote counterpart. If you want to integrate the remote changes,
hint: use 'git pull' before pushing again.
hint: See the 'Note about fast-forwards' in 'git push --help' for details.
2026-09-22 18:03 pushed 10 commits
To https://github.com/Wibwubcar/Wibwub-Dashboard.git
 ! [rejected]        main -> main (non-fast-forward)
error: failed to push some refs to 'https://github.com/Wibwubcar/Wibwub-Dashboard.git'
hint: Updates were rejected because the tip of your current branch is behind
hint: its remote counterpart. If you want to integrate the remote changes,
hint: use 'git pull' before pushing again.
hint: See the 'Note about fast-forwards' in 'git push --help' for details.
2026-09-22 18:08 pushed 11 commits
To https://github.com/Wibwubcar/Wibwub-Dashboard.git
 ! [rejected]        main -> main (non-fast-forward)
error: failed to push some refs to 'https://github.com/Wibwubcar/Wibwub-Dashboard.git'
hint: Updates were rejected because the tip of your current branch is behind
hint: its remote counterpart. If you want to integrate the remote changes,
hint: use 'git pull' before pushing again.
hint: See the 'Note about fast-forwards' in 'git push --help' for details.
2026-09-22 18:13 pushed 11 commits
To https://github.com/Wibwubcar/Wibwub-Dashboard.git
 ! [rejected]        main -> main (non-fast-forward)
error: failed to push some refs to 'https://github.com/Wibwubcar/Wibwub-Dashboard.git'
hint: Updates were rejected because the tip of your current branch is behind
hint: its remote counterpart. If you want to integrate the remote changes,
hint: use 'git pull' before pushing again.
hint: See the 'Note about fast-forwards' in 'git push --help' for details.
2026-09-22 18:18 pushed 11 commits
To https://github.com/Wibwubcar/Wibwub-Dashboard.git
 ! [rejected]        main -> main (non-fast-forward)
error: failed to push some refs to 'https://github.com/Wibwubcar/Wibwub-Dashboard.git'
hint: Updates were rejected because the tip of your current branch is behind
hint: its remote counterpart. If you want to integrate the remote changes,
hint: use 'git pull' before pushing again.
hint: See the 'Note about fast-forwards' in 'git push --help' for details.
2026-09-22 18:23 pushed 11 commits
To https://github.com/Wibwubcar/Wibwub-Dashboard.git
 ! [rejected]        main -> main (non-fast-forward)
error: failed to push some refs to 'https://github.com/Wibwubcar/Wibwub-Dashboard.git'
hint: Updates were rejected because the tip of your current branch is behind
hint: its remote counterpart. If you want to integrate the remote changes,
hint: use 'git pull' before pushing again.
hint: See the 'Note about fast-forwards' in 'git push --help' for details.
2026-09-22 18:37 pushed 11 commits
fatal: unable to access 'https://github.com/Wibwubcar/Wibwub-Dashboard.git/': Could not resolve host: github.com
2026-09-22 19:48 pushed 11 commits
To https://github.com/Wibwubcar/Wibwub-Dashboard.git
 ! [rejected]        main -> main (non-fast-forward)
error: failed to push some refs to 'https://github.com/Wibwubcar/Wibwub-Dashboard.git'
hint: Updates were rejected because the tip of your current branch is behind
hint: its remote counterpart. If you want to integrate the remote changes,
hint: use 'git pull' before pushing again.
hint: See the 'Note about fast-forwards' in 'git push --help' for details.
2026-09-22 20:44 pushed 11 commits
To https://github.com/Wibwubcar/Wibwub-Dashboard.git
 ! [rejected]        main -> main (non-fast-forward)
error: failed to push some refs to 'https://github.com/Wibwubcar/Wibwub-Dashboard.git'
hint: Updates were rejected because the tip of your current branch is behind
hint: its remote counterpart. If you want to integrate the remote changes,
hint: use 'git pull' before pushing again.
hint: See the 'Note about fast-forwards' in 'git push --help' for details.
2026-09-22 20:49 pushed 13 commits
To https://github.com/Wibwubcar/Wibwub-Dashboard.git
 ! [rejected]        main -> main (non-fast-forward)
error: failed to push some refs to 'https://github.com/Wibwubcar/Wibwub-Dashboard.git'
hint: Updates were rejected because the tip of your current branch is behind
hint: its remote counterpart. If you want to integrate the remote changes,
hint: use 'git pull' before pushing again.
hint: See the 'Note about fast-forwards' in 'git push --help' for details.
2026-09-22 20:54 pushed 13 commits
To https://github.com/Wibwubcar/Wibwub-Dashboard.git
 ! [rejected]        main -> main (non-fast-forward)
error: failed to push some refs to 'https://github.com/Wibwubcar/Wibwub-Dashboard.git'
hint: Updates were rejected because the tip of your current branch is behind
hint: its remote counterpart. If you want to integrate the remote changes,
hint: use 'git pull' before pushing again.
hint: See the 'Note about fast-forwards' in 'git push --help' for details.
2026-09-22 20:59 pushed 13 commits
To https://github.com/Wibwubcar/Wibwub-Dashboard.git
 ! [rejected]        main -> main (non-fast-forward)
error: failed to push some refs to 'https://github.com/Wibwubcar/Wibwub-Dashboard.git'
hint: Updates were rejected because the tip of your current branch is behind
hint: its remote counterpart. If you want to integrate the remote changes,
hint: use 'git pull' before pushing again.
hint: See the 'Note about fast-forwards' in 'git push --help' for details.
2026-09-22 21:04 pushed 14 commits
To https://github.com/Wibwubcar/Wibwub-Dashboard.git
 ! [rejected]        main -> main (non-fast-forward)
error: failed to push some refs to 'https://github.com/Wibwubcar/Wibwub-Dashboard.git'
hint: Updates were rejected because the tip of your current branch is behind
hint: its remote counterpart. If you want to integrate the remote changes,
hint: use 'git pull' before pushing again.
hint: See the 'Note about fast-forwards' in 'git push --help' for details.
2026-09-22 21:09 pushed 14 commits
To https://github.com/Wibwubcar/Wibwub-Dashboard.git
 ! [rejected]        main -> main (non-fast-forward)
error: failed to push some refs to 'https://github.com/Wibwubcar/Wibwub-Dashboard.git'
hint: Updates were rejected because the tip of your current branch is behind
hint: its remote counterpart. If you want to integrate the remote changes,
hint: use 'git pull' before pushing again.
hint: See the 'Note about fast-forwards' in 'git push --help' for details.
2026-09-22 21:14 pushed 15 commits
To https://github.com/Wibwubcar/Wibwub-Dashboard.git
 ! [rejected]        main -> main (non-fast-forward)
error: failed to push some refs to 'https://github.com/Wibwubcar/Wibwub-Dashboard.git'
hint: Updates were rejected because the tip of your current branch is behind
hint: its remote counterpart. If you want to integrate the remote changes,
hint: use 'git pull' before pushing again.
hint: See the 'Note about fast-forwards' in 'git push --help' for details.
2026-09-22 21:19 pushed 16 commits
To https://github.com/Wibwubcar/Wibwub-Dashboard.git
 ! [rejected]        main -> main (non-fast-forward)
error: failed to push some refs to 'https://github.com/Wibwubcar/Wibwub-Dashboard.git'
hint: Updates were rejected because the tip of your current branch is behind
hint: its remote counterpart. If you want to integrate the remote changes,
hint: use 'git pull' before pushing again.
hint: See the 'Note about fast-forwards' in 'git push --help' for details.
2026-09-22 21:24 pushed 16 commits
To https://github.com/Wibwubcar/Wibwub-Dashboard.git
 ! [rejected]        main -> main (non-fast-forward)
error: failed to push some refs to 'https://github.com/Wibwubcar/Wibwub-Dashboard.git'
hint: Updates were rejected because the tip of your current branch is behind
hint: its remote counterpart. If you want to integrate the remote changes,
hint: use 'git pull' before pushing again.
hint: See the 'Note about fast-forwards' in 'git push --help' for details.
2026-09-22 21:29 pushed 16 commits
To https://github.com/Wibwubcar/Wibwub-Dashboard.git
 ! [rejected]        main -> main (non-fast-forward)
error: failed to push some refs to 'https://github.com/Wibwubcar/Wibwub-Dashboard.git'
hint: Updates were rejected because the tip of your current branch is behind
hint: its remote counterpart. If you want to integrate the remote changes,
hint: use 'git pull' before pushing again.
hint: See the 'Note about fast-forwards' in 'git push --help' for details.
2026-09-22 21:34 pushed 16 commits
To https://github.com/Wibwubcar/Wibwub-Dashboard.git
 ! [rejected]        main -> main (non-fast-forward)
error: failed to push some refs to 'https://github.com/Wibwubcar/Wibwub-Dashboard.git'
hint: Updates were rejected because the tip of your current branch is behind
hint: its remote counterpart. If you want to integrate the remote changes,
hint: use 'git pull' before pushing again.
hint: See the 'Note about fast-forwards' in 'git push --help' for details.
2026-09-22 21:39 pushed 16 commits
To https://github.com/Wibwubcar/Wibwub-Dashboard.git
 ! [rejected]        main -> main (non-fast-forward)
error: failed to push some refs to 'https://github.com/Wibwubcar/Wibwub-Dashboard.git'
hint: Updates were rejected because the tip of your current branch is behind
hint: its remote counterpart. If you want to integrate the remote changes,
hint: use 'git pull' before pushing again.
hint: See the 'Note about fast-forwards' in 'git push --help' for details.
2026-09-22 21:44 pushed 16 commits
To https://github.com/Wibwubcar/Wibwub-Dashboard.git
 ! [rejected]        main -> main (non-fast-forward)
error: failed to push some refs to 'https://github.com/Wibwubcar/Wibwub-Dashboard.git'
hint: Updates were rejected because the tip of your current branch is behind
hint: its remote counterpart. If you want to integrate the remote changes,
hint: use 'git pull' before pushing again.
hint: See the 'Note about fast-forwards' in 'git push --help' for details.
2026-09-22 21:49 pushed 16 commits
To https://github.com/Wibwubcar/Wibwub-Dashboard.git
 ! [rejected]        main -> main (non-fast-forward)
error: failed to push some refs to 'https://github.com/Wibwubcar/Wibwub-Dashboard.git'
hint: Updates were rejected because the tip of your current branch is behind
hint: its remote counterpart. If you want to integrate the remote changes,
hint: use 'git pull' before pushing again.
hint: See the 'Note about fast-forwards' in 'git push --help' for details.
2026-09-22 21:54 pushed 16 commits
To https://github.com/Wibwubcar/Wibwub-Dashboard.git
 ! [rejected]        main -> main (non-fast-forward)
error: failed to push some refs to 'https://github.com/Wibwubcar/Wibwub-Dashboard.git'
hint: Updates were rejected because the tip of your current branch is behind
hint: its remote counterpart. If you want to integrate the remote changes,
hint: use 'git pull' before pushing again.
hint: See the 'Note about fast-forwards' in 'git push --help' for details.
2026-09-22 21:59 pushed 16 commits
To https://github.com/Wibwubcar/Wibwub-Dashboard.git
 ! [rejected]        main -> main (non-fast-forward)
error: failed to push some refs to 'https://github.com/Wibwubcar/Wibwub-Dashboard.git'
hint: Updates were rejected because the tip of your current branch is behind
hint: its remote counterpart. If you want to integrate the remote changes,
hint: use 'git pull' before pushing again.
hint: See the 'Note about fast-forwards' in 'git push --help' for details.
2026-09-22 22:04 pushed 16 commits
To https://github.com/Wibwubcar/Wibwub-Dashboard.git
 ! [rejected]        main -> main (non-fast-forward)
error: failed to push some refs to 'https://github.com/Wibwubcar/Wibwub-Dashboard.git'
hint: Updates were rejected because the tip of your current branch is behind
hint: its remote counterpart. If you want to integrate the remote changes,
hint: use 'git pull' before pushing again.
hint: See the 'Note about fast-forwards' in 'git push --help' for details.
2026-09-22 22:09 pushed 16 commits
To https://github.com/Wibwubcar/Wibwub-Dashboard.git
 ! [rejected]        main -> main (non-fast-forward)
error: failed to push some refs to 'https://github.com/Wibwubcar/Wibwub-Dashboard.git'
hint: Updates were rejected because the tip of your current branch is behind
hint: its remote counterpart. If you want to integrate the remote changes,
hint: use 'git pull' before pushing again.
hint: See the 'Note about fast-forwards' in 'git push --help' for details.
2026-09-22 22:14 pushed 16 commits
To https://github.com/Wibwubcar/Wibwub-Dashboard.git
 ! [rejected]        main -> main (non-fast-forward)
error: failed to push some refs to 'https://github.com/Wibwubcar/Wibwub-Dashboard.git'
hint: Updates were rejected because the tip of your current branch is behind
hint: its remote counterpart. If you want to integrate the remote changes,
hint: use 'git pull' before pushing again.
hint: See the 'Note about fast-forwards' in 'git push --help' for details.
2026-09-22 22:19 pushed 16 commits
To https://github.com/Wibwubcar/Wibwub-Dashboard.git
 ! [rejected]        main -> main (non-fast-forward)
error: failed to push some refs to 'https://github.com/Wibwubcar/Wibwub-Dashboard.git'
hint: Updates were rejected because the tip of your current branch is behind
hint: its remote counterpart. If you want to integrate the remote changes,
hint: use 'git pull' before pushing again.
hint: See the 'Note about fast-forwards' in 'git push --help' for details.
2026-09-22 22:24 pushed 16 commits
To https://github.com/Wibwubcar/Wibwub-Dashboard.git
 ! [rejected]        main -> main (non-fast-forward)
error: failed to push some refs to 'https://github.com/Wibwubcar/Wibwub-Dashboard.git'
hint: Updates were rejected because the tip of your current branch is behind
hint: its remote counterpart. If you want to integrate the remote changes,
hint: use 'git pull' before pushing again.
hint: See the 'Note about fast-forwards' in 'git push --help' for details.
2026-09-22 22:29 pushed 16 commits
To https://github.com/Wibwubcar/Wibwub-Dashboard.git
 ! [rejected]        main -> main (non-fast-forward)
error: failed to push some refs to 'https://github.com/Wibwubcar/Wibwub-Dashboard.git'
hint: Updates were rejected because the tip of your current branch is behind
hint: its remote counterpart. If you want to integrate the remote changes,
hint: use 'git pull' before pushing again.
hint: See the 'Note about fast-forwards' in 'git push --help' for details.
2026-09-22 22:34 pushed 16 commits
To https://github.com/Wibwubcar/Wibwub-Dashboard.git
 ! [rejected]        main -> main (non-fast-forward)
error: failed to push some refs to 'https://github.com/Wibwubcar/Wibwub-Dashboard.git'
hint: Updates were rejected because the tip of your current branch is behind
hint: its remote counterpart. If you want to integrate the remote changes,
hint: use 'git pull' before pushing again.
hint: See the 'Note about fast-forwards' in 'git push --help' for details.
2026-09-22 22:39 pushed 16 commits
To https://github.com/Wibwubcar/Wibwub-Dashboard.git
 ! [rejected]        main -> main (non-fast-forward)
error: failed to push some refs to 'https://github.com/Wibwubcar/Wibwub-Dashboard.git'
hint: Updates were rejected because the tip of your current branch is behind
hint: its remote counterpart. If you want to integrate the remote changes,
hint: use 'git pull' before pushing again.
hint: See the 'Note about fast-forwards' in 'git push --help' for details.
2026-09-22 22:44 pushed 16 commits
To https://github.com/Wibwubcar/Wibwub-Dashboard.git
 ! [rejected]        main -> main (non-fast-forward)
error: failed to push some refs to 'https://github.com/Wibwubcar/Wibwub-Dashboard.git'
hint: Updates were rejected because the tip of your current branch is behind
hint: its remote counterpart. If you want to integrate the remote changes,
hint: use 'git pull' before pushing again.
hint: See the 'Note about fast-forwards' in 'git push --help' for details.
2026-09-22 22:49 pushed 16 commits
To https://github.com/Wibwubcar/Wibwub-Dashboard.git
 ! [rejected]        main -> main (non-fast-forward)
error: failed to push some refs to 'https://github.com/Wibwubcar/Wibwub-Dashboard.git'
hint: Updates were rejected because the tip of your current branch is behind
hint: its remote counterpart. If you want to integrate the remote changes,
hint: use 'git pull' before pushing again.
hint: See the 'Note about fast-forwards' in 'git push --help' for details.
2026-09-22 22:55 pushed 16 commits
To https://github.com/Wibwubcar/Wibwub-Dashboard.git
 ! [rejected]        main -> main (non-fast-forward)
error: failed to push some refs to 'https://github.com/Wibwubcar/Wibwub-Dashboard.git'
hint: Updates were rejected because the tip of your current branch is behind
hint: its remote counterpart. If you want to integrate the remote changes,
hint: use 'git pull' before pushing again.
hint: See the 'Note about fast-forwards' in 'git push --help' for details.
2026-09-22 23:00 pushed 16 commits
To https://github.com/Wibwubcar/Wibwub-Dashboard.git
 ! [rejected]        main -> main (non-fast-forward)
error: failed to push some refs to 'https://github.com/Wibwubcar/Wibwub-Dashboard.git'
hint: Updates were rejected because the tip of your current branch is behind
hint: its remote counterpart. If you want to integrate the remote changes,
hint: use 'git pull' before pushing again.
hint: See the 'Note about fast-forwards' in 'git push --help' for details.
2026-09-22 23:05 pushed 16 commits
To https://github.com/Wibwubcar/Wibwub-Dashboard.git
 ! [rejected]        main -> main (non-fast-forward)
error: failed to push some refs to 'https://github.com/Wibwubcar/Wibwub-Dashboard.git'
hint: Updates were rejected because the tip of your current branch is behind
hint: its remote counterpart. If you want to integrate the remote changes,
hint: use 'git pull' before pushing again.
hint: See the 'Note about fast-forwards' in 'git push --help' for details.
2026-09-22 23:10 pushed 16 commits
To https://github.com/Wibwubcar/Wibwub-Dashboard.git
 ! [rejected]        main -> main (non-fast-forward)
error: failed to push some refs to 'https://github.com/Wibwubcar/Wibwub-Dashboard.git'
hint: Updates were rejected because the tip of your current branch is behind
hint: its remote counterpart. If you want to integrate the remote changes,
hint: use 'git pull' before pushing again.
hint: See the 'Note about fast-forwards' in 'git push --help' for details.
2026-09-22 23:15 pushed 16 commits
To https://github.com/Wibwubcar/Wibwub-Dashboard.git
 ! [rejected]        main -> main (non-fast-forward)
error: failed to push some refs to 'https://github.com/Wibwubcar/Wibwub-Dashboard.git'
hint: Updates were rejected because the tip of your current branch is behind
hint: its remote counterpart. If you want to integrate the remote changes,
hint: use 'git pull' before pushing again.
hint: See the 'Note about fast-forwards' in 'git push --help' for details.
2026-09-22 23:20 pushed 16 commits
To https://github.com/Wibwubcar/Wibwub-Dashboard.git
 ! [rejected]        main -> main (non-fast-forward)
error: failed to push some refs to 'https://github.com/Wibwubcar/Wibwub-Dashboard.git'
hint: Updates were rejected because the tip of your current branch is behind
hint: its remote counterpart. If you want to integrate the remote changes,
hint: use 'git pull' before pushing again.
hint: See the 'Note about fast-forwards' in 'git push --help' for details.
2026-09-22 23:25 pushed 16 commits
To https://github.com/Wibwubcar/Wibwub-Dashboard.git
 ! [rejected]        main -> main (non-fast-forward)
error: failed to push some refs to 'https://github.com/Wibwubcar/Wibwub-Dashboard.git'
hint: Updates were rejected because the tip of your current branch is behind
hint: its remote counterpart. If you want to integrate the remote changes,
hint: use 'git pull' before pushing again.
hint: See the 'Note about fast-forwards' in 'git push --help' for details.
2026-09-22 23:30 pushed 16 commits
To https://github.com/Wibwubcar/Wibwub-Dashboard.git
 ! [rejected]        main -> main (non-fast-forward)
error: failed to push some refs to 'https://github.com/Wibwubcar/Wibwub-Dashboard.git'
hint: Updates were rejected because the tip of your current branch is behind
hint: its remote counterpart. If you want to integrate the remote changes,
hint: use 'git pull' before pushing again.
hint: See the 'Note about fast-forwards' in 'git push --help' for details.
2026-09-22 23:35 pushed 16 commits
To https://github.com/Wibwubcar/Wibwub-Dashboard.git
 ! [rejected]        main -> main (non-fast-forward)
error: failed to push some refs to 'https://github.com/Wibwubcar/Wibwub-Dashboard.git'
hint: Updates were rejected because the tip of your current branch is behind
hint: its remote counterpart. If you want to integrate the remote changes,
hint: use 'git pull' before pushing again.
hint: See the 'Note about fast-forwards' in 'git push --help' for details.
2026-09-22 23:40 pushed 16 commits
To https://github.com/Wibwubcar/Wibwub-Dashboard.git
 ! [rejected]        main -> main (non-fast-forward)
error: failed to push some refs to 'https://github.com/Wibwubcar/Wibwub-Dashboard.git'
hint: Updates were rejected because the tip of your current branch is behind
hint: its remote counterpart. If you want to integrate the remote changes,
hint: use 'git pull' before pushing again.
hint: See the 'Note about fast-forwards' in 'git push --help' for details.
2026-09-22 23:45 pushed 16 commits
To https://github.com/Wibwubcar/Wibwub-Dashboard.git
 ! [rejected]        main -> main (non-fast-forward)
error: failed to push some refs to 'https://github.com/Wibwubcar/Wibwub-Dashboard.git'
hint: Updates were rejected because the tip of your current branch is behind
hint: its remote counterpart. If you want to integrate the remote changes,
hint: use 'git pull' before pushing again.
hint: See the 'Note about fast-forwards' in 'git push --help' for details.
2026-09-22 23:50 pushed 16 commits
To https://github.com/Wibwubcar/Wibwub-Dashboard.git
 ! [rejected]        main -> main (non-fast-forward)
error: failed to push some refs to 'https://github.com/Wibwubcar/Wibwub-Dashboard.git'
hint: Updates were rejected because the tip of your current branch is behind
hint: its remote counterpart. If you want to integrate the remote changes,
hint: use 'git pull' before pushing again.
hint: See the 'Note about fast-forwards' in 'git push --help' for details.
2026-09-22 23:55 pushed 16 commits
To https://github.com/Wibwubcar/Wibwub-Dashboard.git
 ! [rejected]        main -> main (non-fast-forward)
error: failed to push some refs to 'https://github.com/Wibwubcar/Wibwub-Dashboard.git'
hint: Updates were rejected because the tip of your current branch is behind
hint: its remote counterpart. If you want to integrate the remote changes,
hint: use 'git pull' before pushing again.
hint: See the 'Note about fast-forwards' in 'git push --help' for details.
2026-09-23 00:00 pushed 16 commits
To https://github.com/Wibwubcar/Wibwub-Dashboard.git
 ! [rejected]        main -> main (non-fast-forward)
error: failed to push some refs to 'https://github.com/Wibwubcar/Wibwub-Dashboard.git'
hint: Updates were rejected because the tip of your current branch is behind
hint: its remote counterpart. If you want to integrate the remote changes,
hint: use 'git pull' before pushing again.
hint: See the 'Note about fast-forwards' in 'git push --help' for details.
2026-09-23 00:05 pushed 16 commits
To https://github.com/Wibwubcar/Wibwub-Dashboard.git
 ! [rejected]        main -> main (non-fast-forward)
error: failed to push some refs to 'https://github.com/Wibwubcar/Wibwub-Dashboard.git'
hint: Updates were rejected because the tip of your current branch is behind
hint: its remote counterpart. If you want to integrate the remote changes,
hint: use 'git pull' before pushing again.
hint: See the 'Note about fast-forwards' in 'git push --help' for details.
2026-09-23 00:10 pushed 17 commits
To https://github.com/Wibwubcar/Wibwub-Dashboard.git
 ! [rejected]        main -> main (non-fast-forward)
error: failed to push some refs to 'https://github.com/Wibwubcar/Wibwub-Dashboard.git'
hint: Updates were rejected because the tip of your current branch is behind
hint: its remote counterpart. If you want to integrate the remote changes,
hint: use 'git pull' before pushing again.
hint: See the 'Note about fast-forwards' in 'git push --help' for details.
2026-09-23 00:15 pushed 17 commits
To https://github.com/Wibwubcar/Wibwub-Dashboard.git
 ! [rejected]        main -> main (non-fast-forward)
error: failed to push some refs to 'https://github.com/Wibwubcar/Wibwub-Dashboard.git'
hint: Updates were rejected because the tip of your current branch is behind
hint: its remote counterpart. If you want to integrate the remote changes,
hint: use 'git pull' before pushing again.
hint: See the 'Note about fast-forwards' in 'git push --help' for details.
2026-09-23 00:20 pushed 17 commits
To https://github.com/Wibwubcar/Wibwub-Dashboard.git
 ! [rejected]        main -> main (non-fast-forward)
error: failed to push some refs to 'https://github.com/Wibwubcar/Wibwub-Dashboard.git'
hint: Updates were rejected because the tip of your current branch is behind
hint: its remote counterpart. If you want to integrate the remote changes,
hint: use 'git pull' before pushing again.
hint: See the 'Note about fast-forwards' in 'git push --help' for details.
2026-09-23 00:25 pushed 17 commits
To https://github.com/Wibwubcar/Wibwub-Dashboard.git
 ! [rejected]        main -> main (non-fast-forward)
error: failed to push some refs to 'https://github.com/Wibwubcar/Wibwub-Dashboard.git'
hint: Updates were rejected because the tip of your current branch is behind
hint: its remote counterpart. If you want to integrate the remote changes,
hint: use 'git pull' before pushing again.
hint: See the 'Note about fast-forwards' in 'git push --help' for details.
2026-09-23 00:30 pushed 17 commits
To https://github.com/Wibwubcar/Wibwub-Dashboard.git
 ! [rejected]        main -> main (non-fast-forward)
error: failed to push some refs to 'https://github.com/Wibwubcar/Wibwub-Dashboard.git'
hint: Updates were rejected because the tip of your current branch is behind
hint: its remote counterpart. If you want to integrate the remote changes,
hint: use 'git pull' before pushing again.
hint: See the 'Note about fast-forwards' in 'git push --help' for details.
2026-09-23 00:35 pushed 17 commits
To https://github.com/Wibwubcar/Wibwub-Dashboard.git
 ! [rejected]        main -> main (non-fast-forward)
error: failed to push some refs to 'https://github.com/Wibwubcar/Wibwub-Dashboard.git'
hint: Updates were rejected because the tip of your current branch is behind
hint: its remote counterpart. If you want to integrate the remote changes,
hint: use 'git pull' before pushing again.
hint: See the 'Note about fast-forwards' in 'git push --help' for details.
2026-09-23 00:40 pushed 17 commits
To https://github.com/Wibwubcar/Wibwub-Dashboard.git
 ! [rejected]        main -> main (non-fast-forward)
error: failed to push some refs to 'https://github.com/Wibwubcar/Wibwub-Dashboard.git'
hint: Updates were rejected because the tip of your current branch is behind
hint: its remote counterpart. If you want to integrate the remote changes,
hint: use 'git pull' before pushing again.
hint: See the 'Note about fast-forwards' in 'git push --help' for details.
2026-09-23 00:45 pushed 17 commits
To https://github.com/Wibwubcar/Wibwub-Dashboard.git
 ! [rejected]        main -> main (non-fast-forward)
error: failed to push some refs to 'https://github.com/Wibwubcar/Wibwub-Dashboard.git'
hint: Updates were rejected because the tip of your current branch is behind
hint: its remote counterpart. If you want to integrate the remote changes,
hint: use 'git pull' before pushing again.
hint: See the 'Note about fast-forwards' in 'git push --help' for details.
2026-09-23 00:50 pushed 17 commits
To https://github.com/Wibwubcar/Wibwub-Dashboard.git
 ! [rejected]        main -> main (non-fast-forward)
error: failed to push some refs to 'https://github.com/Wibwubcar/Wibwub-Dashboard.git'
hint: Updates were rejected because the tip of your current branch is behind
hint: its remote counterpart. If you want to integrate the remote changes,
hint: use 'git pull' before pushing again.
hint: See the 'Note about fast-forwards' in 'git push --help' for details.
2026-09-23 00:55 pushed 17 commits
To https://github.com/Wibwubcar/Wibwub-Dashboard.git
 ! [rejected]        main -> main (non-fast-forward)
error: failed to push some refs to 'https://github.com/Wibwubcar/Wibwub-Dashboard.git'
hint: Updates were rejected because the tip of your current branch is behind
hint: its remote counterpart. If you want to integrate the remote changes,
hint: use 'git pull' before pushing again.
hint: See the 'Note about fast-forwards' in 'git push --help' for details.
2026-09-23 01:00 pushed 17 commits
To https://github.com/Wibwubcar/Wibwub-Dashboard.git
 ! [rejected]        main -> main (non-fast-forward)
error: failed to push some refs to 'https://github.com/Wibwubcar/Wibwub-Dashboard.git'
hint: Updates were rejected because the tip of your current branch is behind
hint: its remote counterpart. If you want to integrate the remote changes,
hint: use 'git pull' before pushing again.
hint: See the 'Note about fast-forwards' in 'git push --help' for details.
2026-09-23 01:05 pushed 17 commits
To https://github.com/Wibwubcar/Wibwub-Dashboard.git
 ! [rejected]        main -> main (non-fast-forward)
error: failed to push some refs to 'https://github.com/Wibwubcar/Wibwub-Dashboard.git'
hint: Updates were rejected because the tip of your current branch is behind
hint: its remote counterpart. If you want to integrate the remote changes,
hint: use 'git pull' before pushing again.
hint: See the 'Note about fast-forwards' in 'git push --help' for details.
2026-09-23 01:10 pushed 17 commits
To https://github.com/Wibwubcar/Wibwub-Dashboard.git
 ! [rejected]        main -> main (non-fast-forward)
error: failed to push some refs to 'https://github.com/Wibwubcar/Wibwub-Dashboard.git'
hint: Updates were rejected because the tip of your current branch is behind
hint: its remote counterpart. If you want to integrate the remote changes,
hint: use 'git pull' before pushing again.
hint: See the 'Note about fast-forwards' in 'git push --help' for details.
2026-09-23 01:15 pushed 17 commits
To https://github.com/Wibwubcar/Wibwub-Dashboard.git
 ! [rejected]        main -> main (non-fast-forward)
error: failed to push some refs to 'https://github.com/Wibwubcar/Wibwub-Dashboard.git'
hint: Updates were rejected because the tip of your current branch is behind
hint: its remote counterpart. If you want to integrate the remote changes,
hint: use 'git pull' before pushing again.
hint: See the 'Note about fast-forwards' in 'git push --help' for details.
2026-09-23 01:20 pushed 17 commits
To https://github.com/Wibwubcar/Wibwub-Dashboard.git
 ! [rejected]        main -> main (non-fast-forward)
error: failed to push some refs to 'https://github.com/Wibwubcar/Wibwub-Dashboard.git'
hint: Updates were rejected because the tip of your current branch is behind
hint: its remote counterpart. If you want to integrate the remote changes,
hint: use 'git pull' before pushing again.
hint: See the 'Note about fast-forwards' in 'git push --help' for details.
2026-09-23 01:25 pushed 17 commits
To https://github.com/Wibwubcar/Wibwub-Dashboard.git
 ! [rejected]        main -> main (non-fast-forward)
error: failed to push some refs to 'https://github.com/Wibwubcar/Wibwub-Dashboard.git'
hint: Updates were rejected because the tip of your current branch is behind
hint: its remote counterpart. If you want to integrate the remote changes,
hint: use 'git pull' before pushing again.
hint: See the 'Note about fast-forwards' in 'git push --help' for details.
2026-09-23 01:30 pushed 17 commits
To https://github.com/Wibwubcar/Wibwub-Dashboard.git
 ! [rejected]        main -> main (non-fast-forward)
error: failed to push some refs to 'https://github.com/Wibwubcar/Wibwub-Dashboard.git'
hint: Updates were rejected because the tip of your current branch is behind
hint: its remote counterpart. If you want to integrate the remote changes,
hint: use 'git pull' before pushing again.
hint: See the 'Note about fast-forwards' in 'git push --help' for details.
2026-09-23 01:35 pushed 17 commits
To https://github.com/Wibwubcar/Wibwub-Dashboard.git
 ! [rejected]        main -> main (non-fast-forward)
error: failed to push some refs to 'https://github.com/Wibwubcar/Wibwub-Dashboard.git'
hint: Updates were rejected because the tip of your current branch is behind
hint: its remote counterpart. If you want to integrate the remote changes,
hint: use 'git pull' before pushing again.
hint: See the 'Note about fast-forwards' in 'git push --help' for details.
2026-09-23 01:40 pushed 17 commits
To https://github.com/Wibwubcar/Wibwub-Dashboard.git
 ! [rejected]        main -> main (non-fast-forward)
error: failed to push some refs to 'https://github.com/Wibwubcar/Wibwub-Dashboard.git'
hint: Updates were rejected because the tip of your current branch is behind
hint: its remote counterpart. If you want to integrate the remote changes,
hint: use 'git pull' before pushing again.
hint: See the 'Note about fast-forwards' in 'git push --help' for details.
2026-09-23 01:45 pushed 17 commits
To https://github.com/Wibwubcar/Wibwub-Dashboard.git
 ! [rejected]        main -> main (non-fast-forward)
error: failed to push some refs to 'https://github.com/Wibwubcar/Wibwub-Dashboard.git'
hint: Updates were rejected because the tip of your current branch is behind
hint: its remote counterpart. If you want to integrate the remote changes,
hint: use 'git pull' before pushing again.
hint: See the 'Note about fast-forwards' in 'git push --help' for details.
2026-09-23 01:50 pushed 17 commits
To https://github.com/Wibwubcar/Wibwub-Dashboard.git
 ! [rejected]        main -> main (non-fast-forward)
error: failed to push some refs to 'https://github.com/Wibwubcar/Wibwub-Dashboard.git'
hint: Updates were rejected because the tip of your current branch is behind
hint: its remote counterpart. If you want to integrate the remote changes,
hint: use 'git pull' before pushing again.
hint: See the 'Note about fast-forwards' in 'git push --help' for details.
2026-09-23 01:55 pushed 17 commits
To https://github.com/Wibwubcar/Wibwub-Dashboard.git
 ! [rejected]        main -> main (non-fast-forward)
error: failed to push some refs to 'https://github.com/Wibwubcar/Wibwub-Dashboard.git'
hint: Updates were rejected because the tip of your current branch is behind
hint: its remote counterpart. If you want to integrate the remote changes,
hint: use 'git pull' before pushing again.
hint: See the 'Note about fast-forwards' in 'git push --help' for details.
2026-09-23 02:00 pushed 17 commits
To https://github.com/Wibwubcar/Wibwub-Dashboard.git
 ! [rejected]        main -> main (non-fast-forward)
error: failed to push some refs to 'https://github.com/Wibwubcar/Wibwub-Dashboard.git'
hint: Updates were rejected because the tip of your current branch is behind
hint: its remote counterpart. If you want to integrate the remote changes,
hint: use 'git pull' before pushing again.
hint: See the 'Note about fast-forwards' in 'git push --help' for details.
2026-09-23 02:06 pushed 17 commits
To https://github.com/Wibwubcar/Wibwub-Dashboard.git
 ! [rejected]        main -> main (non-fast-forward)
error: failed to push some refs to 'https://github.com/Wibwubcar/Wibwub-Dashboard.git'
hint: Updates were rejected because the tip of your current branch is behind
hint: its remote counterpart. If you want to integrate the remote changes,
hint: use 'git pull' before pushing again.
hint: See the 'Note about fast-forwards' in 'git push --help' for details.
2026-09-23 02:11 pushed 17 commits
To https://github.com/Wibwubcar/Wibwub-Dashboard.git
 ! [rejected]        main -> main (non-fast-forward)
error: failed to push some refs to 'https://github.com/Wibwubcar/Wibwub-Dashboard.git'
hint: Updates were rejected because the tip of your current branch is behind
hint: its remote counterpart. If you want to integrate the remote changes,
hint: use 'git pull' before pushing again.
hint: See the 'Note about fast-forwards' in 'git push --help' for details.
2026-09-23 02:16 pushed 17 commits
To https://github.com/Wibwubcar/Wibwub-Dashboard.git
 ! [rejected]        main -> main (non-fast-forward)
error: failed to push some refs to 'https://github.com/Wibwubcar/Wibwub-Dashboard.git'
hint: Updates were rejected because the tip of your current branch is behind
hint: its remote counterpart. If you want to integrate the remote changes,
hint: use 'git pull' before pushing again.
hint: See the 'Note about fast-forwards' in 'git push --help' for details.
2026-09-23 02:21 pushed 17 commits
To https://github.com/Wibwubcar/Wibwub-Dashboard.git
 ! [rejected]        main -> main (non-fast-forward)
error: failed to push some refs to 'https://github.com/Wibwubcar/Wibwub-Dashboard.git'
hint: Updates were rejected because the tip of your current branch is behind
hint: its remote counterpart. If you want to integrate the remote changes,
hint: use 'git pull' before pushing again.
hint: See the 'Note about fast-forwards' in 'git push --help' for details.
2026-09-23 02:26 pushed 17 commits
To https://github.com/Wibwubcar/Wibwub-Dashboard.git
 ! [rejected]        main -> main (non-fast-forward)
error: failed to push some refs to 'https://github.com/Wibwubcar/Wibwub-Dashboard.git'
hint: Updates were rejected because the tip of your current branch is behind
hint: its remote counterpart. If you want to integrate the remote changes,
hint: use 'git pull' before pushing again.
hint: See the 'Note about fast-forwards' in 'git push --help' for details.
2026-09-23 02:31 pushed 17 commits
To https://github.com/Wibwubcar/Wibwub-Dashboard.git
 ! [rejected]        main -> main (non-fast-forward)
error: failed to push some refs to 'https://github.com/Wibwubcar/Wibwub-Dashboard.git'
hint: Updates were rejected because the tip of your current branch is behind
hint: its remote counterpart. If you want to integrate the remote changes,
hint: use 'git pull' before pushing again.
hint: See the 'Note about fast-forwards' in 'git push --help' for details.
2026-09-23 02:36 pushed 17 commits
To https://github.com/Wibwubcar/Wibwub-Dashboard.git
 ! [rejected]        main -> main (non-fast-forward)
error: failed to push some refs to 'https://github.com/Wibwubcar/Wibwub-Dashboard.git'
hint: Updates were rejected because the tip of your current branch is behind
hint: its remote counterpart. If you want to integrate the remote changes,
hint: use 'git pull' before pushing again.
hint: See the 'Note about fast-forwards' in 'git push --help' for details.
2026-09-23 02:41 pushed 17 commits
To https://github.com/Wibwubcar/Wibwub-Dashboard.git
 ! [rejected]        main -> main (non-fast-forward)
error: failed to push some refs to 'https://github.com/Wibwubcar/Wibwub-Dashboard.git'
hint: Updates were rejected because the tip of your current branch is behind
hint: its remote counterpart. If you want to integrate the remote changes,
hint: use 'git pull' before pushing again.
hint: See the 'Note about fast-forwards' in 'git push --help' for details.
2026-09-23 02:46 pushed 17 commits
To https://github.com/Wibwubcar/Wibwub-Dashboard.git
 ! [rejected]        main -> main (non-fast-forward)
error: failed to push some refs to 'https://github.com/Wibwubcar/Wibwub-Dashboard.git'
hint: Updates were rejected because the tip of your current branch is behind
hint: its remote counterpart. If you want to integrate the remote changes,
hint: use 'git pull' before pushing again.
hint: See the 'Note about fast-forwards' in 'git push --help' for details.
2026-09-23 02:51 pushed 17 commits
To https://github.com/Wibwubcar/Wibwub-Dashboard.git
 ! [rejected]        main -> main (non-fast-forward)
error: failed to push some refs to 'https://github.com/Wibwubcar/Wibwub-Dashboard.git'
hint: Updates were rejected because the tip of your current branch is behind
hint: its remote counterpart. If you want to integrate the remote changes,
hint: use 'git pull' before pushing again.
hint: See the 'Note about fast-forwards' in 'git push --help' for details.
2026-09-23 02:56 pushed 17 commits
To https://github.com/Wibwubcar/Wibwub-Dashboard.git
 ! [rejected]        main -> main (non-fast-forward)
error: failed to push some refs to 'https://github.com/Wibwubcar/Wibwub-Dashboard.git'
hint: Updates were rejected because the tip of your current branch is behind
hint: its remote counterpart. If you want to integrate the remote changes,
hint: use 'git pull' before pushing again.
hint: See the 'Note about fast-forwards' in 'git push --help' for details.
2026-09-23 03:01 pushed 17 commits
To https://github.com/Wibwubcar/Wibwub-Dashboard.git
 ! [rejected]        main -> main (non-fast-forward)
error: failed to push some refs to 'https://github.com/Wibwubcar/Wibwub-Dashboard.git'
hint: Updates were rejected because the tip of your current branch is behind
hint: its remote counterpart. If you want to integrate the remote changes,
hint: use 'git pull' before pushing again.
hint: See the 'Note about fast-forwards' in 'git push --help' for details.
2026-09-23 03:06 pushed 17 commits
To https://github.com/Wibwubcar/Wibwub-Dashboard.git
 ! [rejected]        main -> main (non-fast-forward)
error: failed to push some refs to 'https://github.com/Wibwubcar/Wibwub-Dashboard.git'
hint: Updates were rejected because the tip of your current branch is behind
hint: its remote counterpart. If you want to integrate the remote changes,
hint: use 'git pull' before pushing again.
hint: See the 'Note about fast-forwards' in 'git push --help' for details.
2026-09-23 03:11 pushed 17 commits
To https://github.com/Wibwubcar/Wibwub-Dashboard.git
 ! [rejected]        main -> main (non-fast-forward)
error: failed to push some refs to 'https://github.com/Wibwubcar/Wibwub-Dashboard.git'
hint: Updates were rejected because the tip of your current branch is behind
hint: its remote counterpart. If you want to integrate the remote changes,
hint: use 'git pull' before pushing again.
hint: See the 'Note about fast-forwards' in 'git push --help' for details.
2026-09-23 03:16 pushed 17 commits
To https://github.com/Wibwubcar/Wibwub-Dashboard.git
 ! [rejected]        main -> main (non-fast-forward)
error: failed to push some refs to 'https://github.com/Wibwubcar/Wibwub-Dashboard.git'
hint: Updates were rejected because the tip of your current branch is behind
hint: its remote counterpart. If you want to integrate the remote changes,
hint: use 'git pull' before pushing again.
hint: See the 'Note about fast-forwards' in 'git push --help' for details.
2026-09-23 03:21 pushed 17 commits
To https://github.com/Wibwubcar/Wibwub-Dashboard.git
 ! [rejected]        main -> main (non-fast-forward)
error: failed to push some refs to 'https://github.com/Wibwubcar/Wibwub-Dashboard.git'
hint: Updates were rejected because the tip of your current branch is behind
hint: its remote counterpart. If you want to integrate the remote changes,
hint: use 'git pull' before pushing again.
hint: See the 'Note about fast-forwards' in 'git push --help' for details.
2026-09-23 03:26 pushed 17 commits
To https://github.com/Wibwubcar/Wibwub-Dashboard.git
 ! [rejected]        main -> main (non-fast-forward)
error: failed to push some refs to 'https://github.com/Wibwubcar/Wibwub-Dashboard.git'
hint: Updates were rejected because the tip of your current branch is behind
hint: its remote counterpart. If you want to integrate the remote changes,
hint: use 'git pull' before pushing again.
hint: See the 'Note about fast-forwards' in 'git push --help' for details.
2026-09-23 03:31 pushed 17 commits
To https://github.com/Wibwubcar/Wibwub-Dashboard.git
 ! [rejected]        main -> main (non-fast-forward)
error: failed to push some refs to 'https://github.com/Wibwubcar/Wibwub-Dashboard.git'
hint: Updates were rejected because the tip of your current branch is behind
hint: its remote counterpart. If you want to integrate the remote changes,
hint: use 'git pull' before pushing again.
hint: See the 'Note about fast-forwards' in 'git push --help' for details.
2026-09-23 03:36 pushed 17 commits
To https://github.com/Wibwubcar/Wibwub-Dashboard.git
 ! [rejected]        main -> main (non-fast-forward)
error: failed to push some refs to 'https://github.com/Wibwubcar/Wibwub-Dashboard.git'
hint: Updates were rejected because the tip of your current branch is behind
hint: its remote counterpart. If you want to integrate the remote changes,
hint: use 'git pull' before pushing again.
hint: See the 'Note about fast-forwards' in 'git push --help' for details.
2026-09-23 03:41 pushed 17 commits
To https://github.com/Wibwubcar/Wibwub-Dashboard.git
 ! [rejected]        main -> main (non-fast-forward)
error: failed to push some refs to 'https://github.com/Wibwubcar/Wibwub-Dashboard.git'
hint: Updates were rejected because the tip of your current branch is behind
hint: its remote counterpart. If you want to integrate the remote changes,
hint: use 'git pull' before pushing again.
hint: See the 'Note about fast-forwards' in 'git push --help' for details.
2026-09-23 03:46 pushed 17 commits
To https://github.com/Wibwubcar/Wibwub-Dashboard.git
 ! [rejected]        main -> main (non-fast-forward)
error: failed to push some refs to 'https://github.com/Wibwubcar/Wibwub-Dashboard.git'
hint: Updates were rejected because the tip of your current branch is behind
hint: its remote counterpart. If you want to integrate the remote changes,
hint: use 'git pull' before pushing again.
hint: See the 'Note about fast-forwards' in 'git push --help' for details.
2026-09-23 03:51 pushed 17 commits
To https://github.com/Wibwubcar/Wibwub-Dashboard.git
 ! [rejected]        main -> main (non-fast-forward)
error: failed to push some refs to 'https://github.com/Wibwubcar/Wibwub-Dashboard.git'
hint: Updates were rejected because the tip of your current branch is behind
hint: its remote counterpart. If you want to integrate the remote changes,
hint: use 'git pull' before pushing again.
hint: See the 'Note about fast-forwards' in 'git push --help' for details.
2026-09-23 03:56 pushed 17 commits
To https://github.com/Wibwubcar/Wibwub-Dashboard.git
 ! [rejected]        main -> main (non-fast-forward)
error: failed to push some refs to 'https://github.com/Wibwubcar/Wibwub-Dashboard.git'
hint: Updates were rejected because the tip of your current branch is behind
hint: its remote counterpart. If you want to integrate the remote changes,
hint: use 'git pull' before pushing again.
hint: See the 'Note about fast-forwards' in 'git push --help' for details.
2026-09-23 04:01 pushed 17 commits
To https://github.com/Wibwubcar/Wibwub-Dashboard.git
 ! [rejected]        main -> main (non-fast-forward)
error: failed to push some refs to 'https://github.com/Wibwubcar/Wibwub-Dashboard.git'
hint: Updates were rejected because the tip of your current branch is behind
hint: its remote counterpart. If you want to integrate the remote changes,
hint: use 'git pull' before pushing again.
hint: See the 'Note about fast-forwards' in 'git push --help' for details.
2026-09-23 04:06 pushed 17 commits
To https://github.com/Wibwubcar/Wibwub-Dashboard.git
 ! [rejected]        main -> main (non-fast-forward)
error: failed to push some refs to 'https://github.com/Wibwubcar/Wibwub-Dashboard.git'
hint: Updates were rejected because the tip of your current branch is behind
hint: its remote counterpart. If you want to integrate the remote changes,
hint: use 'git pull' before pushing again.
hint: See the 'Note about fast-forwards' in 'git push --help' for details.
2026-09-23 04:11 pushed 17 commits
To https://github.com/Wibwubcar/Wibwub-Dashboard.git
 ! [rejected]        main -> main (non-fast-forward)
error: failed to push some refs to 'https://github.com/Wibwubcar/Wibwub-Dashboard.git'
hint: Updates were rejected because the tip of your current branch is behind
hint: its remote counterpart. If you want to integrate the remote changes,
hint: use 'git pull' before pushing again.
hint: See the 'Note about fast-forwards' in 'git push --help' for details.
2026-09-23 04:16 pushed 17 commits
To https://github.com/Wibwubcar/Wibwub-Dashboard.git
 ! [rejected]        main -> main (non-fast-forward)
error: failed to push some refs to 'https://github.com/Wibwubcar/Wibwub-Dashboard.git'
hint: Updates were rejected because the tip of your current branch is behind
hint: its remote counterpart. If you want to integrate the remote changes,
hint: use 'git pull' before pushing again.
hint: See the 'Note about fast-forwards' in 'git push --help' for details.
2026-09-23 04:21 pushed 17 commits
To https://github.com/Wibwubcar/Wibwub-Dashboard.git
 ! [rejected]        main -> main (non-fast-forward)
error: failed to push some refs to 'https://github.com/Wibwubcar/Wibwub-Dashboard.git'
hint: Updates were rejected because the tip of your current branch is behind
hint: its remote counterpart. If you want to integrate the remote changes,
hint: use 'git pull' before pushing again.
hint: See the 'Note about fast-forwards' in 'git push --help' for details.
2026-09-23 04:26 pushed 17 commits
To https://github.com/Wibwubcar/Wibwub-Dashboard.git
 ! [rejected]        main -> main (non-fast-forward)
error: failed to push some refs to 'https://github.com/Wibwubcar/Wibwub-Dashboard.git'
hint: Updates were rejected because the tip of your current branch is behind
hint: its remote counterpart. If you want to integrate the remote changes,
hint: use 'git pull' before pushing again.
hint: See the 'Note about fast-forwards' in 'git push --help' for details.
2026-09-23 04:31 pushed 17 commits
To https://github.com/Wibwubcar/Wibwub-Dashboard.git
 ! [rejected]        main -> main (non-fast-forward)
error: failed to push some refs to 'https://github.com/Wibwubcar/Wibwub-Dashboard.git'
hint: Updates were rejected because the tip of your current branch is behind
hint: its remote counterpart. If you want to integrate the remote changes,
hint: use 'git pull' before pushing again.
hint: See the 'Note about fast-forwards' in 'git push --help' for details.
2026-09-23 04:36 pushed 17 commits
To https://github.com/Wibwubcar/Wibwub-Dashboard.git
 ! [rejected]        main -> main (non-fast-forward)
error: failed to push some refs to 'https://github.com/Wibwubcar/Wibwub-Dashboard.git'
hint: Updates were rejected because the tip of your current branch is behind
hint: its remote counterpart. If you want to integrate the remote changes,
hint: use 'git pull' before pushing again.
hint: See the 'Note about fast-forwards' in 'git push --help' for details.
2026-09-23 04:41 pushed 17 commits
To https://github.com/Wibwubcar/Wibwub-Dashboard.git
 ! [rejected]        main -> main (non-fast-forward)
error: failed to push some refs to 'https://github.com/Wibwubcar/Wibwub-Dashboard.git'
hint: Updates were rejected because the tip of your current branch is behind
hint: its remote counterpart. If you want to integrate the remote changes,
hint: use 'git pull' before pushing again.
hint: See the 'Note about fast-forwards' in 'git push --help' for details.
2026-09-23 04:46 pushed 17 commits
To https://github.com/Wibwubcar/Wibwub-Dashboard.git
 ! [rejected]        main -> main (non-fast-forward)
error: failed to push some refs to 'https://github.com/Wibwubcar/Wibwub-Dashboard.git'
hint: Updates were rejected because the tip of your current branch is behind
hint: its remote counterpart. If you want to integrate the remote changes,
hint: use 'git pull' before pushing again.
hint: See the 'Note about fast-forwards' in 'git push --help' for details.
2026-09-23 04:51 pushed 17 commits
To https://github.com/Wibwubcar/Wibwub-Dashboard.git
 ! [rejected]        main -> main (non-fast-forward)
error: failed to push some refs to 'https://github.com/Wibwubcar/Wibwub-Dashboard.git'
hint: Updates were rejected because the tip of your current branch is behind
hint: its remote counterpart. If you want to integrate the remote changes,
hint: use 'git pull' before pushing again.
hint: See the 'Note about fast-forwards' in 'git push --help' for details.
2026-09-23 04:56 pushed 17 commits
To https://github.com/Wibwubcar/Wibwub-Dashboard.git
 ! [rejected]        main -> main (non-fast-forward)
error: failed to push some refs to 'https://github.com/Wibwubcar/Wibwub-Dashboard.git'
hint: Updates were rejected because the tip of your current branch is behind
hint: its remote counterpart. If you want to integrate the remote changes,
hint: use 'git pull' before pushing again.
hint: See the 'Note about fast-forwards' in 'git push --help' for details.
2026-09-23 05:01 pushed 17 commits
To https://github.com/Wibwubcar/Wibwub-Dashboard.git
 ! [rejected]        main -> main (non-fast-forward)
error: failed to push some refs to 'https://github.com/Wibwubcar/Wibwub-Dashboard.git'
hint: Updates were rejected because the tip of your current branch is behind
hint: its remote counterpart. If you want to integrate the remote changes,
hint: use 'git pull' before pushing again.
hint: See the 'Note about fast-forwards' in 'git push --help' for details.
2026-09-23 05:06 pushed 17 commits
To https://github.com/Wibwubcar/Wibwub-Dashboard.git
 ! [rejected]        main -> main (non-fast-forward)
error: failed to push some refs to 'https://github.com/Wibwubcar/Wibwub-Dashboard.git'
hint: Updates were rejected because the tip of your current branch is behind
hint: its remote counterpart. If you want to integrate the remote changes,
hint: use 'git pull' before pushing again.
hint: See the 'Note about fast-forwards' in 'git push --help' for details.
2026-09-23 05:11 pushed 17 commits
To https://github.com/Wibwubcar/Wibwub-Dashboard.git
 ! [rejected]        main -> main (non-fast-forward)
error: failed to push some refs to 'https://github.com/Wibwubcar/Wibwub-Dashboard.git'
hint: Updates were rejected because the tip of your current branch is behind
hint: its remote counterpart. If you want to integrate the remote changes,
hint: use 'git pull' before pushing again.
hint: See the 'Note about fast-forwards' in 'git push --help' for details.
2026-09-23 05:16 pushed 17 commits
To https://github.com/Wibwubcar/Wibwub-Dashboard.git
 ! [rejected]        main -> main (non-fast-forward)
error: failed to push some refs to 'https://github.com/Wibwubcar/Wibwub-Dashboard.git'
hint: Updates were rejected because the tip of your current branch is behind
hint: its remote counterpart. If you want to integrate the remote changes,
hint: use 'git pull' before pushing again.
hint: See the 'Note about fast-forwards' in 'git push --help' for details.
2026-09-23 05:21 pushed 17 commits
To https://github.com/Wibwubcar/Wibwub-Dashboard.git
 ! [rejected]        main -> main (non-fast-forward)
error: failed to push some refs to 'https://github.com/Wibwubcar/Wibwub-Dashboard.git'
hint: Updates were rejected because the tip of your current branch is behind
hint: its remote counterpart. If you want to integrate the remote changes,
hint: use 'git pull' before pushing again.
hint: See the 'Note about fast-forwards' in 'git push --help' for details.
2026-09-23 05:26 pushed 17 commits
To https://github.com/Wibwubcar/Wibwub-Dashboard.git
 ! [rejected]        main -> main (non-fast-forward)
error: failed to push some refs to 'https://github.com/Wibwubcar/Wibwub-Dashboard.git'
hint: Updates were rejected because the tip of your current branch is behind
hint: its remote counterpart. If you want to integrate the remote changes,
hint: use 'git pull' before pushing again.
hint: See the 'Note about fast-forwards' in 'git push --help' for details.
2026-09-23 05:31 pushed 17 commits
To https://github.com/Wibwubcar/Wibwub-Dashboard.git
 ! [rejected]        main -> main (non-fast-forward)
error: failed to push some refs to 'https://github.com/Wibwubcar/Wibwub-Dashboard.git'
hint: Updates were rejected because the tip of your current branch is behind
hint: its remote counterpart. If you want to integrate the remote changes,
hint: use 'git pull' before pushing again.
hint: See the 'Note about fast-forwards' in 'git push --help' for details.
2026-09-23 05:36 pushed 17 commits
To https://github.com/Wibwubcar/Wibwub-Dashboard.git
 ! [rejected]        main -> main (non-fast-forward)
error: failed to push some refs to 'https://github.com/Wibwubcar/Wibwub-Dashboard.git'
hint: Updates were rejected because the tip of your current branch is behind
hint: its remote counterpart. If you want to integrate the remote changes,
hint: use 'git pull' before pushing again.
hint: See the 'Note about fast-forwards' in 'git push --help' for details.
2026-09-23 05:42 pushed 17 commits
To https://github.com/Wibwubcar/Wibwub-Dashboard.git
 ! [rejected]        main -> main (non-fast-forward)
error: failed to push some refs to 'https://github.com/Wibwubcar/Wibwub-Dashboard.git'
hint: Updates were rejected because the tip of your current branch is behind
hint: its remote counterpart. If you want to integrate the remote changes,
hint: use 'git pull' before pushing again.
hint: See the 'Note about fast-forwards' in 'git push --help' for details.
2026-09-23 05:47 pushed 17 commits
To https://github.com/Wibwubcar/Wibwub-Dashboard.git
 ! [rejected]        main -> main (non-fast-forward)
error: failed to push some refs to 'https://github.com/Wibwubcar/Wibwub-Dashboard.git'
hint: Updates were rejected because the tip of your current branch is behind
hint: its remote counterpart. If you want to integrate the remote changes,
hint: use 'git pull' before pushing again.
hint: See the 'Note about fast-forwards' in 'git push --help' for details.
2026-09-23 05:52 pushed 17 commits
To https://github.com/Wibwubcar/Wibwub-Dashboard.git
 ! [rejected]        main -> main (non-fast-forward)
error: failed to push some refs to 'https://github.com/Wibwubcar/Wibwub-Dashboard.git'
hint: Updates were rejected because the tip of your current branch is behind
hint: its remote counterpart. If you want to integrate the remote changes,
hint: use 'git pull' before pushing again.
hint: See the 'Note about fast-forwards' in 'git push --help' for details.
2026-09-23 05:57 pushed 17 commits
To https://github.com/Wibwubcar/Wibwub-Dashboard.git
 ! [rejected]        main -> main (non-fast-forward)
error: failed to push some refs to 'https://github.com/Wibwubcar/Wibwub-Dashboard.git'
hint: Updates were rejected because the tip of your current branch is behind
hint: its remote counterpart. If you want to integrate the remote changes,
hint: use 'git pull' before pushing again.
hint: See the 'Note about fast-forwards' in 'git push --help' for details.
2026-09-23 06:02 pushed 17 commits
To https://github.com/Wibwubcar/Wibwub-Dashboard.git
 ! [rejected]        main -> main (non-fast-forward)
error: failed to push some refs to 'https://github.com/Wibwubcar/Wibwub-Dashboard.git'
hint: Updates were rejected because the tip of your current branch is behind
hint: its remote counterpart. If you want to integrate the remote changes,
hint: use 'git pull' before pushing again.
hint: See the 'Note about fast-forwards' in 'git push --help' for details.
2026-09-23 06:07 pushed 17 commits
To https://github.com/Wibwubcar/Wibwub-Dashboard.git
 ! [rejected]        main -> main (non-fast-forward)
error: failed to push some refs to 'https://github.com/Wibwubcar/Wibwub-Dashboard.git'
hint: Updates were rejected because the tip of your current branch is behind
hint: its remote counterpart. If you want to integrate the remote changes,
hint: use 'git pull' before pushing again.
hint: See the 'Note about fast-forwards' in 'git push --help' for details.
2026-09-23 06:12 pushed 17 commits
To https://github.com/Wibwubcar/Wibwub-Dashboard.git
 ! [rejected]        main -> main (non-fast-forward)
error: failed to push some refs to 'https://github.com/Wibwubcar/Wibwub-Dashboard.git'
hint: Updates were rejected because the tip of your current branch is behind
hint: its remote counterpart. If you want to integrate the remote changes,
hint: use 'git pull' before pushing again.
hint: See the 'Note about fast-forwards' in 'git push --help' for details.
2026-09-23 06:17 pushed 17 commits
To https://github.com/Wibwubcar/Wibwub-Dashboard.git
 ! [rejected]        main -> main (non-fast-forward)
error: failed to push some refs to 'https://github.com/Wibwubcar/Wibwub-Dashboard.git'
hint: Updates were rejected because the tip of your current branch is behind
hint: its remote counterpart. If you want to integrate the remote changes,
hint: use 'git pull' before pushing again.
hint: See the 'Note about fast-forwards' in 'git push --help' for details.
2026-09-23 06:22 pushed 17 commits
To https://github.com/Wibwubcar/Wibwub-Dashboard.git
 ! [rejected]        main -> main (non-fast-forward)
error: failed to push some refs to 'https://github.com/Wibwubcar/Wibwub-Dashboard.git'
hint: Updates were rejected because the tip of your current branch is behind
hint: its remote counterpart. If you want to integrate the remote changes,
hint: use 'git pull' before pushing again.
hint: See the 'Note about fast-forwards' in 'git push --help' for details.
2026-09-23 06:27 pushed 17 commits
To https://github.com/Wibwubcar/Wibwub-Dashboard.git
 ! [rejected]        main -> main (non-fast-forward)
error: failed to push some refs to 'https://github.com/Wibwubcar/Wibwub-Dashboard.git'
hint: Updates were rejected because the tip of your current branch is behind
hint: its remote counterpart. If you want to integrate the remote changes,
hint: use 'git pull' before pushing again.
hint: See the 'Note about fast-forwards' in 'git push --help' for details.
2026-09-23 06:32 pushed 17 commits
To https://github.com/Wibwubcar/Wibwub-Dashboard.git
 ! [rejected]        main -> main (non-fast-forward)
error: failed to push some refs to 'https://github.com/Wibwubcar/Wibwub-Dashboard.git'
hint: Updates were rejected because the tip of your current branch is behind
hint: its remote counterpart. If you want to integrate the remote changes,
hint: use 'git pull' before pushing again.
hint: See the 'Note about fast-forwards' in 'git push --help' for details.
2026-09-23 06:37 pushed 17 commits
To https://github.com/Wibwubcar/Wibwub-Dashboard.git
 ! [rejected]        main -> main (non-fast-forward)
error: failed to push some refs to 'https://github.com/Wibwubcar/Wibwub-Dashboard.git'
hint: Updates were rejected because the tip of your current branch is behind
hint: its remote counterpart. If you want to integrate the remote changes,
hint: use 'git pull' before pushing again.
hint: See the 'Note about fast-forwards' in 'git push --help' for details.
2026-09-23 06:42 pushed 17 commits
To https://github.com/Wibwubcar/Wibwub-Dashboard.git
 ! [rejected]        main -> main (non-fast-forward)
error: failed to push some refs to 'https://github.com/Wibwubcar/Wibwub-Dashboard.git'
hint: Updates were rejected because the tip of your current branch is behind
hint: its remote counterpart. If you want to integrate the remote changes,
hint: use 'git pull' before pushing again.
hint: See the 'Note about fast-forwards' in 'git push --help' for details.
2026-09-23 06:47 pushed 17 commits
To https://github.com/Wibwubcar/Wibwub-Dashboard.git
 ! [rejected]        main -> main (non-fast-forward)
error: failed to push some refs to 'https://github.com/Wibwubcar/Wibwub-Dashboard.git'
hint: Updates were rejected because the tip of your current branch is behind
hint: its remote counterpart. If you want to integrate the remote changes,
hint: use 'git pull' before pushing again.
hint: See the 'Note about fast-forwards' in 'git push --help' for details.
2026-09-23 06:52 pushed 17 commits
To https://github.com/Wibwubcar/Wibwub-Dashboard.git
 ! [rejected]        main -> main (non-fast-forward)
error: failed to push some refs to 'https://github.com/Wibwubcar/Wibwub-Dashboard.git'
hint: Updates were rejected because the tip of your current branch is behind
hint: its remote counterpart. If you want to integrate the remote changes,
hint: use 'git pull' before pushing again.
hint: See the 'Note about fast-forwards' in 'git push --help' for details.
2026-09-23 06:57 pushed 17 commits
To https://github.com/Wibwubcar/Wibwub-Dashboard.git
 ! [rejected]        main -> main (non-fast-forward)
error: failed to push some refs to 'https://github.com/Wibwubcar/Wibwub-Dashboard.git'
hint: Updates were rejected because the tip of your current branch is behind
hint: its remote counterpart. If you want to integrate the remote changes,
hint: use 'git pull' before pushing again.
hint: See the 'Note about fast-forwards' in 'git push --help' for details.
2026-09-23 07:02 pushed 17 commits
To https://github.com/Wibwubcar/Wibwub-Dashboard.git
 ! [rejected]        main -> main (non-fast-forward)
error: failed to push some refs to 'https://github.com/Wibwubcar/Wibwub-Dashboard.git'
hint: Updates were rejected because the tip of your current branch is behind
hint: its remote counterpart. If you want to integrate the remote changes,
hint: use 'git pull' before pushing again.
hint: See the 'Note about fast-forwards' in 'git push --help' for details.
2026-09-23 07:07 pushed 17 commits
To https://github.com/Wibwubcar/Wibwub-Dashboard.git
 ! [rejected]        main -> main (non-fast-forward)
error: failed to push some refs to 'https://github.com/Wibwubcar/Wibwub-Dashboard.git'
hint: Updates were rejected because the tip of your current branch is behind
hint: its remote counterpart. If you want to integrate the remote changes,
hint: use 'git pull' before pushing again.
hint: See the 'Note about fast-forwards' in 'git push --help' for details.
2026-09-23 07:12 pushed 17 commits
To https://github.com/Wibwubcar/Wibwub-Dashboard.git
 ! [rejected]        main -> main (non-fast-forward)
error: failed to push some refs to 'https://github.com/Wibwubcar/Wibwub-Dashboard.git'
hint: Updates were rejected because the tip of your current branch is behind
hint: its remote counterpart. If you want to integrate the remote changes,
hint: use 'git pull' before pushing again.
hint: See the 'Note about fast-forwards' in 'git push --help' for details.
2026-09-23 07:17 pushed 17 commits
To https://github.com/Wibwubcar/Wibwub-Dashboard.git
 ! [rejected]        main -> main (non-fast-forward)
error: failed to push some refs to 'https://github.com/Wibwubcar/Wibwub-Dashboard.git'
hint: Updates were rejected because the tip of your current branch is behind
hint: its remote counterpart. If you want to integrate the remote changes,
hint: use 'git pull' before pushing again.
hint: See the 'Note about fast-forwards' in 'git push --help' for details.
2026-09-23 07:22 pushed 17 commits
To https://github.com/Wibwubcar/Wibwub-Dashboard.git
 ! [rejected]        main -> main (non-fast-forward)
error: failed to push some refs to 'https://github.com/Wibwubcar/Wibwub-Dashboard.git'
hint: Updates were rejected because the tip of your current branch is behind
hint: its remote counterpart. If you want to integrate the remote changes,
hint: use 'git pull' before pushing again.
hint: See the 'Note about fast-forwards' in 'git push --help' for details.
2026-09-23 07:27 pushed 17 commits
To https://github.com/Wibwubcar/Wibwub-Dashboard.git
 ! [rejected]        main -> main (non-fast-forward)
error: failed to push some refs to 'https://github.com/Wibwubcar/Wibwub-Dashboard.git'
hint: Updates were rejected because the tip of your current branch is behind
hint: its remote counterpart. If you want to integrate the remote changes,
hint: use 'git pull' before pushing again.
hint: See the 'Note about fast-forwards' in 'git push --help' for details.
2026-09-23 07:32 pushed 17 commits
To https://github.com/Wibwubcar/Wibwub-Dashboard.git
 ! [rejected]        main -> main (non-fast-forward)
error: failed to push some refs to 'https://github.com/Wibwubcar/Wibwub-Dashboard.git'
hint: Updates were rejected because the tip of your current branch is behind
hint: its remote counterpart. If you want to integrate the remote changes,
hint: use 'git pull' before pushing again.
hint: See the 'Note about fast-forwards' in 'git push --help' for details.
2026-09-23 07:37 pushed 17 commits
To https://github.com/Wibwubcar/Wibwub-Dashboard.git
 ! [rejected]        main -> main (non-fast-forward)
error: failed to push some refs to 'https://github.com/Wibwubcar/Wibwub-Dashboard.git'
hint: Updates were rejected because the tip of your current branch is behind
hint: its remote counterpart. If you want to integrate the remote changes,
hint: use 'git pull' before pushing again.
hint: See the 'Note about fast-forwards' in 'git push --help' for details.
2026-09-23 07:42 pushed 17 commits
To https://github.com/Wibwubcar/Wibwub-Dashboard.git
 ! [rejected]        main -> main (non-fast-forward)
error: failed to push some refs to 'https://github.com/Wibwubcar/Wibwub-Dashboard.git'
hint: Updates were rejected because the tip of your current branch is behind
hint: its remote counterpart. If you want to integrate the remote changes,
hint: use 'git pull' before pushing again.
hint: See the 'Note about fast-forwards' in 'git push --help' for details.
2026-09-23 07:47 pushed 17 commits
To https://github.com/Wibwubcar/Wibwub-Dashboard.git
 ! [rejected]        main -> main (non-fast-forward)
error: failed to push some refs to 'https://github.com/Wibwubcar/Wibwub-Dashboard.git'
hint: Updates were rejected because the tip of your current branch is behind
hint: its remote counterpart. If you want to integrate the remote changes,
hint: use 'git pull' before pushing again.
hint: See the 'Note about fast-forwards' in 'git push --help' for details.
2026-09-23 07:52 pushed 17 commits
To https://github.com/Wibwubcar/Wibwub-Dashboard.git
 ! [rejected]        main -> main (non-fast-forward)
error: failed to push some refs to 'https://github.com/Wibwubcar/Wibwub-Dashboard.git'
hint: Updates were rejected because the tip of your current branch is behind
hint: its remote counterpart. If you want to integrate the remote changes,
hint: use 'git pull' before pushing again.
hint: See the 'Note about fast-forwards' in 'git push --help' for details.
2026-09-23 07:57 pushed 17 commits
To https://github.com/Wibwubcar/Wibwub-Dashboard.git
 ! [rejected]        main -> main (non-fast-forward)
error: failed to push some refs to 'https://github.com/Wibwubcar/Wibwub-Dashboard.git'
hint: Updates were rejected because the tip of your current branch is behind
hint: its remote counterpart. If you want to integrate the remote changes,
hint: use 'git pull' before pushing again.
hint: See the 'Note about fast-forwards' in 'git push --help' for details.
2026-09-23 08:02 pushed 17 commits
To https://github.com/Wibwubcar/Wibwub-Dashboard.git
 ! [rejected]        main -> main (non-fast-forward)
error: failed to push some refs to 'https://github.com/Wibwubcar/Wibwub-Dashboard.git'
hint: Updates were rejected because the tip of your current branch is behind
hint: its remote counterpart. If you want to integrate the remote changes,
hint: use 'git pull' before pushing again.
hint: See the 'Note about fast-forwards' in 'git push --help' for details.
2026-09-23 08:07 pushed 17 commits
To https://github.com/Wibwubcar/Wibwub-Dashboard.git
 ! [rejected]        main -> main (non-fast-forward)
error: failed to push some refs to 'https://github.com/Wibwubcar/Wibwub-Dashboard.git'
hint: Updates were rejected because the tip of your current branch is behind
hint: its remote counterpart. If you want to integrate the remote changes,
hint: use 'git pull' before pushing again.
hint: See the 'Note about fast-forwards' in 'git push --help' for details.
2026-09-23 08:12 pushed 18 commits
To https://github.com/Wibwubcar/Wibwub-Dashboard.git
 ! [rejected]        main -> main (non-fast-forward)
error: failed to push some refs to 'https://github.com/Wibwubcar/Wibwub-Dashboard.git'
hint: Updates were rejected because the tip of your current branch is behind
hint: its remote counterpart. If you want to integrate the remote changes,
hint: use 'git pull' before pushing again.
hint: See the 'Note about fast-forwards' in 'git push --help' for details.
2026-09-23 08:17 pushed 18 commits
To https://github.com/Wibwubcar/Wibwub-Dashboard.git
 ! [rejected]        main -> main (non-fast-forward)
error: failed to push some refs to 'https://github.com/Wibwubcar/Wibwub-Dashboard.git'
hint: Updates were rejected because the tip of your current branch is behind
hint: its remote counterpart. If you want to integrate the remote changes,
hint: use 'git pull' before pushing again.
hint: See the 'Note about fast-forwards' in 'git push --help' for details.
2026-09-23 08:22 pushed 18 commits
To https://github.com/Wibwubcar/Wibwub-Dashboard.git
 ! [rejected]        main -> main (non-fast-forward)
error: failed to push some refs to 'https://github.com/Wibwubcar/Wibwub-Dashboard.git'
hint: Updates were rejected because the tip of your current branch is behind
hint: its remote counterpart. If you want to integrate the remote changes,
hint: use 'git pull' before pushing again.
hint: See the 'Note about fast-forwards' in 'git push --help' for details.
2026-09-23 08:27 pushed 19 commits
To https://github.com/Wibwubcar/Wibwub-Dashboard.git
 ! [rejected]        main -> main (non-fast-forward)
error: failed to push some refs to 'https://github.com/Wibwubcar/Wibwub-Dashboard.git'
hint: Updates were rejected because the tip of your current branch is behind
hint: its remote counterpart. If you want to integrate the remote changes,
hint: use 'git pull' before pushing again.
hint: See the 'Note about fast-forwards' in 'git push --help' for details.
2026-09-23 08:32 pushed 19 commits
To https://github.com/Wibwubcar/Wibwub-Dashboard.git
 ! [rejected]        main -> main (non-fast-forward)
error: failed to push some refs to 'https://github.com/Wibwubcar/Wibwub-Dashboard.git'
hint: Updates were rejected because the tip of your current branch is behind
hint: its remote counterpart. If you want to integrate the remote changes,
hint: use 'git pull' before pushing again.
hint: See the 'Note about fast-forwards' in 'git push --help' for details.
2026-09-23 08:37 pushed 19 commits
To https://github.com/Wibwubcar/Wibwub-Dashboard.git
 ! [rejected]        main -> main (non-fast-forward)
error: failed to push some refs to 'https://github.com/Wibwubcar/Wibwub-Dashboard.git'
hint: Updates were rejected because the tip of your current branch is behind
hint: its remote counterpart. If you want to integrate the remote changes,
hint: use 'git pull' before pushing again.
hint: See the 'Note about fast-forwards' in 'git push --help' for details.
2026-09-23 08:42 pushed 19 commits
To https://github.com/Wibwubcar/Wibwub-Dashboard.git
 ! [rejected]        main -> main (non-fast-forward)
error: failed to push some refs to 'https://github.com/Wibwubcar/Wibwub-Dashboard.git'
hint: Updates were rejected because the tip of your current branch is behind
hint: its remote counterpart. If you want to integrate the remote changes,
hint: use 'git pull' before pushing again.
hint: See the 'Note about fast-forwards' in 'git push --help' for details.
2026-09-23 08:47 pushed 21 commits
To https://github.com/Wibwubcar/Wibwub-Dashboard.git
 ! [rejected]        main -> main (non-fast-forward)
error: failed to push some refs to 'https://github.com/Wibwubcar/Wibwub-Dashboard.git'
hint: Updates were rejected because the tip of your current branch is behind
hint: its remote counterpart. If you want to integrate the remote changes,
hint: use 'git pull' before pushing again.
hint: See the 'Note about fast-forwards' in 'git push --help' for details.
2026-09-23 08:52 pushed 21 commits
To https://github.com/Wibwubcar/Wibwub-Dashboard.git
 ! [rejected]        main -> main (non-fast-forward)
error: failed to push some refs to 'https://github.com/Wibwubcar/Wibwub-Dashboard.git'
hint: Updates were rejected because the tip of your current branch is behind
hint: its remote counterpart. If you want to integrate the remote changes,
hint: use 'git pull' before pushing again.
hint: See the 'Note about fast-forwards' in 'git push --help' for details.
2026-09-23 08:57 pushed 21 commits
To https://github.com/Wibwubcar/Wibwub-Dashboard.git
 ! [rejected]        main -> main (non-fast-forward)
error: failed to push some refs to 'https://github.com/Wibwubcar/Wibwub-Dashboard.git'
hint: Updates were rejected because the tip of your current branch is behind
hint: its remote counterpart. If you want to integrate the remote changes,
hint: use 'git pull' before pushing again.
hint: See the 'Note about fast-forwards' in 'git push --help' for details.
2026-09-23 09:03 pushed 22 commits
To https://github.com/Wibwubcar/Wibwub-Dashboard.git
 ! [rejected]        main -> main (non-fast-forward)
error: failed to push some refs to 'https://github.com/Wibwubcar/Wibwub-Dashboard.git'
hint: Updates were rejected because the tip of your current branch is behind
hint: its remote counterpart. If you want to integrate the remote changes,
hint: use 'git pull' before pushing again.
hint: See the 'Note about fast-forwards' in 'git push --help' for details.
2026-09-23 09:08 pushed 24 commits
To https://github.com/Wibwubcar/Wibwub-Dashboard.git
 ! [rejected]        main -> main (non-fast-forward)
error: failed to push some refs to 'https://github.com/Wibwubcar/Wibwub-Dashboard.git'
hint: Updates were rejected because the tip of your current branch is behind
hint: its remote counterpart. If you want to integrate the remote changes,
hint: use 'git pull' before pushing again.
hint: See the 'Note about fast-forwards' in 'git push --help' for details.
2026-09-23 09:13 pushed 24 commits
To https://github.com/Wibwubcar/Wibwub-Dashboard.git
 ! [rejected]        main -> main (non-fast-forward)
error: failed to push some refs to 'https://github.com/Wibwubcar/Wibwub-Dashboard.git'
hint: Updates were rejected because the tip of your current branch is behind
hint: its remote counterpart. If you want to integrate the remote changes,
hint: use 'git pull' before pushing again.
hint: See the 'Note about fast-forwards' in 'git push --help' for details.
2026-09-23 09:18 pushed 25 commits
To https://github.com/Wibwubcar/Wibwub-Dashboard.git
 ! [rejected]        main -> main (non-fast-forward)
error: failed to push some refs to 'https://github.com/Wibwubcar/Wibwub-Dashboard.git'
hint: Updates were rejected because the tip of your current branch is behind
hint: its remote counterpart. If you want to integrate the remote changes,
hint: use 'git pull' before pushing again.
hint: See the 'Note about fast-forwards' in 'git push --help' for details.
2026-09-23 09:23 pushed 25 commits
To https://github.com/Wibwubcar/Wibwub-Dashboard.git
 ! [rejected]        main -> main (non-fast-forward)
error: failed to push some refs to 'https://github.com/Wibwubcar/Wibwub-Dashboard.git'
hint: Updates were rejected because the tip of your current branch is behind
hint: its remote counterpart. If you want to integrate the remote changes,
hint: use 'git pull' before pushing again.
hint: See the 'Note about fast-forwards' in 'git push --help' for details.
2026-09-23 09:28 pushed 25 commits
To https://github.com/Wibwubcar/Wibwub-Dashboard.git
 ! [rejected]        main -> main (non-fast-forward)
error: failed to push some refs to 'https://github.com/Wibwubcar/Wibwub-Dashboard.git'
hint: Updates were rejected because the tip of your current branch is behind
hint: its remote counterpart. If you want to integrate the remote changes,
hint: use 'git pull' before pushing again.
hint: See the 'Note about fast-forwards' in 'git push --help' for details.
2026-09-23 09:33 pushed 25 commits
To https://github.com/Wibwubcar/Wibwub-Dashboard.git
 ! [rejected]        main -> main (non-fast-forward)
error: failed to push some refs to 'https://github.com/Wibwubcar/Wibwub-Dashboard.git'
hint: Updates were rejected because the tip of your current branch is behind
hint: its remote counterpart. If you want to integrate the remote changes,
hint: use 'git pull' before pushing again.
hint: See the 'Note about fast-forwards' in 'git push --help' for details.
2026-09-23 09:38 pushed 25 commits
To https://github.com/Wibwubcar/Wibwub-Dashboard.git
 ! [rejected]        main -> main (non-fast-forward)
error: failed to push some refs to 'https://github.com/Wibwubcar/Wibwub-Dashboard.git'
hint: Updates were rejected because the tip of your current branch is behind
hint: its remote counterpart. If you want to integrate the remote changes,
hint: use 'git pull' before pushing again.
hint: See the 'Note about fast-forwards' in 'git push --help' for details.
2026-09-23 09:43 pushed 27 commits
From https://github.com/Wibwubcar/Wibwub-Dashboard
 * branch            main       -> FETCH_HEAD
From https://github.com/Wibwubcar/Wibwub-Dashboard
 * branch            main       -> FETCH_HEAD
hint: You have divergent branches and need to specify how to reconcile them.
hint: You can do so by running one of the following commands sometime before
hint: your next pull:
hint:
hint:   git config pull.rebase false  # merge
hint:   git config pull.rebase true   # rebase
hint:   git config pull.ff only       # fast-forward only
hint:
hint: You can replace "git config" with "git config --global" to set a default
hint: preference for all repositories. You can also pass --rebase, --no-rebase,
hint: or --ff-only on the command line to override the configured default per
hint: invocation.
fatal: Need to specify how to reconcile divergent branches.
2026-09-23 09:48 ⚠️ pull failed (conflict?) — skipping push, needs manual fix
From https://github.com/Wibwubcar/Wibwub-Dashboard
 * branch            main       -> FETCH_HEAD
From https://github.com/Wibwubcar/Wibwub-Dashboard
 * branch            main       -> FETCH_HEAD
hint: You have divergent branches and need to specify how to reconcile them.
hint: You can do so by running one of the following commands sometime before
hint: your next pull:
hint:
hint:   git config pull.rebase false  # merge
hint:   git config pull.rebase true   # rebase
hint:   git config pull.ff only       # fast-forward only
hint:
hint: You can replace "git config" with "git config --global" to set a default
hint: preference for all repositories. You can also pass --rebase, --no-rebase,
hint: or --ff-only on the command line to override the configured default per
hint: invocation.
fatal: Need to specify how to reconcile divergent branches.
2026-09-23 09:53 ⚠️ pull failed (conflict?) — skipping push, needs manual fix
From https://github.com/Wibwubcar/Wibwub-Dashboard
 * branch            main       -> FETCH_HEAD
From https://github.com/Wibwubcar/Wibwub-Dashboard
 * branch            main       -> FETCH_HEAD
hint: You have divergent branches and need to specify how to reconcile them.
hint: You can do so by running one of the following commands sometime before
hint: your next pull:
hint:
hint:   git config pull.rebase false  # merge
hint:   git config pull.rebase true   # rebase
hint:   git config pull.ff only       # fast-forward only
hint:
hint: You can replace "git config" with "git config --global" to set a default
hint: preference for all repositories. You can also pass --rebase, --no-rebase,
hint: or --ff-only on the command line to override the configured default per
hint: invocation.
fatal: Need to specify how to reconcile divergent branches.
2026-09-23 09:58 ⚠️ pull failed (conflict?) — skipping push, needs manual fix
From https://github.com/Wibwubcar/Wibwub-Dashboard
 * branch            main       -> FETCH_HEAD
From https://github.com/Wibwubcar/Wibwub-Dashboard
 * branch            main       -> FETCH_HEAD
hint: You have divergent branches and need to specify how to reconcile them.
hint: You can do so by running one of the following commands sometime before
hint: your next pull:
hint:
hint:   git config pull.rebase false  # merge
hint:   git config pull.rebase true   # rebase
hint:   git config pull.ff only       # fast-forward only
hint:
hint: You can replace "git config" with "git config --global" to set a default
hint: preference for all repositories. You can also pass --rebase, --no-rebase,
hint: or --ff-only on the command line to override the configured default per
hint: invocation.
fatal: Need to specify how to reconcile divergent branches.
2026-09-23 10:03 ⚠️ pull failed (conflict?) — skipping push, needs manual fix
From https://github.com/Wibwubcar/Wibwub-Dashboard
 * branch            main       -> FETCH_HEAD
From https://github.com/Wibwubcar/Wibwub-Dashboard
 * branch            main       -> FETCH_HEAD
hint: You have divergent branches and need to specify how to reconcile them.
hint: You can do so by running one of the following commands sometime before
hint: your next pull:
hint:
hint:   git config pull.rebase false  # merge
hint:   git config pull.rebase true   # rebase
hint:   git config pull.ff only       # fast-forward only
hint:
hint: You can replace "git config" with "git config --global" to set a default
hint: preference for all repositories. You can also pass --rebase, --no-rebase,
hint: or --ff-only on the command line to override the configured default per
hint: invocation.
fatal: Need to specify how to reconcile divergent branches.
2026-09-23 10:08 ⚠️ pull failed (conflict?) — skipping push, needs manual fix
From https://github.com/Wibwubcar/Wibwub-Dashboard
 * branch            main       -> FETCH_HEAD
From https://github.com/Wibwubcar/Wibwub-Dashboard
 * branch            main       -> FETCH_HEAD
hint: You have divergent branches and need to specify how to reconcile them.
hint: You can do so by running one of the following commands sometime before
hint: your next pull:
hint:
hint:   git config pull.rebase false  # merge
hint:   git config pull.rebase true   # rebase
hint:   git config pull.ff only       # fast-forward only
hint:
hint: You can replace "git config" with "git config --global" to set a default
hint: preference for all repositories. You can also pass --rebase, --no-rebase,
hint: or --ff-only on the command line to override the configured default per
hint: invocation.
fatal: Need to specify how to reconcile divergent branches.
2026-09-23 10:13 ⚠️ pull failed (conflict?) — skipping push, needs manual fix
From https://github.com/Wibwubcar/Wibwub-Dashboard
 * branch            main       -> FETCH_HEAD
From https://github.com/Wibwubcar/Wibwub-Dashboard
 * branch            main       -> FETCH_HEAD
hint: You have divergent branches and need to specify how to reconcile them.
hint: You can do so by running one of the following commands sometime before
hint: your next pull:
hint:
hint:   git config pull.rebase false  # merge
hint:   git config pull.rebase true   # rebase
hint:   git config pull.ff only       # fast-forward only
hint:
hint: You can replace "git config" with "git config --global" to set a default
hint: preference for all repositories. You can also pass --rebase, --no-rebase,
hint: or --ff-only on the command line to override the configured default per
hint: invocation.
fatal: Need to specify how to reconcile divergent branches.
2026-09-23 10:18 ⚠️ pull failed (conflict?) — skipping push, needs manual fix
From https://github.com/Wibwubcar/Wibwub-Dashboard
 * branch            main       -> FETCH_HEAD
From https://github.com/Wibwubcar/Wibwub-Dashboard
 * branch            main       -> FETCH_HEAD
hint: You have divergent branches and need to specify how to reconcile them.
hint: You can do so by running one of the following commands sometime before
hint: your next pull:
hint:
hint:   git config pull.rebase false  # merge
hint:   git config pull.rebase true   # rebase
hint:   git config pull.ff only       # fast-forward only
hint:
hint: You can replace "git config" with "git config --global" to set a default
hint: preference for all repositories. You can also pass --rebase, --no-rebase,
hint: or --ff-only on the command line to override the configured default per
hint: invocation.
fatal: Need to specify how to reconcile divergent branches.
2026-09-23 10:23 ⚠️ pull failed (conflict?) — skipping push, needs manual fix
From https://github.com/Wibwubcar/Wibwub-Dashboard
 * branch            main       -> FETCH_HEAD
From https://github.com/Wibwubcar/Wibwub-Dashboard
 * branch            main       -> FETCH_HEAD
hint: You have divergent branches and need to specify how to reconcile them.
hint: You can do so by running one of the following commands sometime before
hint: your next pull:
hint:
hint:   git config pull.rebase false  # merge
hint:   git config pull.rebase true   # rebase
hint:   git config pull.ff only       # fast-forward only
hint:
hint: You can replace "git config" with "git config --global" to set a default
hint: preference for all repositories. You can also pass --rebase, --no-rebase,
hint: or --ff-only on the command line to override the configured default per
hint: invocation.
fatal: Need to specify how to reconcile divergent branches.
2026-09-23 10:28 ⚠️ pull failed (conflict?) — skipping push, needs manual fix
From https://github.com/Wibwubcar/Wibwub-Dashboard
 * branch            main       -> FETCH_HEAD
From https://github.com/Wibwubcar/Wibwub-Dashboard
 * branch            main       -> FETCH_HEAD
hint: You have divergent branches and need to specify how to reconcile them.
hint: You can do so by running one of the following commands sometime before
hint: your next pull:
hint:
hint:   git config pull.rebase false  # merge
hint:   git config pull.rebase true   # rebase
hint:   git config pull.ff only       # fast-forward only
hint:
hint: You can replace "git config" with "git config --global" to set a default
hint: preference for all repositories. You can also pass --rebase, --no-rebase,
hint: or --ff-only on the command line to override the configured default per
hint: invocation.
fatal: Need to specify how to reconcile divergent branches.
2026-09-23 10:33 ⚠️ pull failed (conflict?) — skipping push, needs manual fix
From https://github.com/Wibwubcar/Wibwub-Dashboard
 * branch            main       -> FETCH_HEAD
From https://github.com/Wibwubcar/Wibwub-Dashboard
 * branch            main       -> FETCH_HEAD
hint: You have divergent branches and need to specify how to reconcile them.
hint: You can do so by running one of the following commands sometime before
hint: your next pull:
hint:
hint:   git config pull.rebase false  # merge
hint:   git config pull.rebase true   # rebase
hint:   git config pull.ff only       # fast-forward only
hint:
hint: You can replace "git config" with "git config --global" to set a default
hint: preference for all repositories. You can also pass --rebase, --no-rebase,
hint: or --ff-only on the command line to override the configured default per
hint: invocation.
fatal: Need to specify how to reconcile divergent branches.
2026-09-23 10:38 ⚠️ pull failed (conflict?) — skipping push, needs manual fix
From https://github.com/Wibwubcar/Wibwub-Dashboard
 * branch            main       -> FETCH_HEAD
From https://github.com/Wibwubcar/Wibwub-Dashboard
 * branch            main       -> FETCH_HEAD
hint: You have divergent branches and need to specify how to reconcile them.
hint: You can do so by running one of the following commands sometime before
hint: your next pull:
hint:
hint:   git config pull.rebase false  # merge
hint:   git config pull.rebase true   # rebase
hint:   git config pull.ff only       # fast-forward only
hint:
hint: You can replace "git config" with "git config --global" to set a default
hint: preference for all repositories. You can also pass --rebase, --no-rebase,
hint: or --ff-only on the command line to override the configured default per
hint: invocation.
fatal: Need to specify how to reconcile divergent branches.
2026-09-23 10:43 ⚠️ pull failed (conflict?) — skipping push, needs manual fix
From https://github.com/Wibwubcar/Wibwub-Dashboard
 * branch            main       -> FETCH_HEAD
From https://github.com/Wibwubcar/Wibwub-Dashboard
 * branch            main       -> FETCH_HEAD
hint: You have divergent branches and need to specify how to reconcile them.
hint: You can do so by running one of the following commands sometime before
hint: your next pull:
hint:
hint:   git config pull.rebase false  # merge
hint:   git config pull.rebase true   # rebase
hint:   git config pull.ff only       # fast-forward only
hint:
hint: You can replace "git config" with "git config --global" to set a default
hint: preference for all repositories. You can also pass --rebase, --no-rebase,
hint: or --ff-only on the command line to override the configured default per
hint: invocation.
fatal: Need to specify how to reconcile divergent branches.
2026-09-23 10:48 ⚠️ pull failed (conflict?) — skipping push, needs manual fix
From https://github.com/Wibwubcar/Wibwub-Dashboard
 * branch            main       -> FETCH_HEAD
From https://github.com/Wibwubcar/Wibwub-Dashboard
 * branch            main       -> FETCH_HEAD
hint: You have divergent branches and need to specify how to reconcile them.
hint: You can do so by running one of the following commands sometime before
hint: your next pull:
hint:
hint:   git config pull.rebase false  # merge
hint:   git config pull.rebase true   # rebase
hint:   git config pull.ff only       # fast-forward only
hint:
hint: You can replace "git config" with "git config --global" to set a default
hint: preference for all repositories. You can also pass --rebase, --no-rebase,
hint: or --ff-only on the command line to override the configured default per
hint: invocation.
fatal: Need to specify how to reconcile divergent branches.
2026-09-23 10:53 ⚠️ pull failed (conflict?) — skipping push, needs manual fix
From https://github.com/Wibwubcar/Wibwub-Dashboard
 * branch            main       -> FETCH_HEAD
From https://github.com/Wibwubcar/Wibwub-Dashboard
 * branch            main       -> FETCH_HEAD
hint: You have divergent branches and need to specify how to reconcile them.
hint: You can do so by running one of the following commands sometime before
hint: your next pull:
hint:
hint:   git config pull.rebase false  # merge
hint:   git config pull.rebase true   # rebase
hint:   git config pull.ff only       # fast-forward only
hint:
hint: You can replace "git config" with "git config --global" to set a default
hint: preference for all repositories. You can also pass --rebase, --no-rebase,
hint: or --ff-only on the command line to override the configured default per
hint: invocation.
fatal: Need to specify how to reconcile divergent branches.
2026-09-23 10:58 ⚠️ pull failed (conflict?) — skipping push, needs manual fix
From https://github.com/Wibwubcar/Wibwub-Dashboard
 * branch            main       -> FETCH_HEAD
From https://github.com/Wibwubcar/Wibwub-Dashboard
 * branch            main       -> FETCH_HEAD
hint: You have divergent branches and need to specify how to reconcile them.
hint: You can do so by running one of the following commands sometime before
hint: your next pull:
hint:
hint:   git config pull.rebase false  # merge
hint:   git config pull.rebase true   # rebase
hint:   git config pull.ff only       # fast-forward only
hint:
hint: You can replace "git config" with "git config --global" to set a default
hint: preference for all repositories. You can also pass --rebase, --no-rebase,
hint: or --ff-only on the command line to override the configured default per
hint: invocation.
fatal: Need to specify how to reconcile divergent branches.
2026-09-23 11:03 ⚠️ pull failed (conflict?) — skipping push, needs manual fix
From https://github.com/Wibwubcar/Wibwub-Dashboard
 * branch            main       -> FETCH_HEAD
From https://github.com/Wibwubcar/Wibwub-Dashboard
 * branch            main       -> FETCH_HEAD
hint: You have divergent branches and need to specify how to reconcile them.
hint: You can do so by running one of the following commands sometime before
hint: your next pull:
hint:
hint:   git config pull.rebase false  # merge
hint:   git config pull.rebase true   # rebase
hint:   git config pull.ff only       # fast-forward only
hint:
hint: You can replace "git config" with "git config --global" to set a default
hint: preference for all repositories. You can also pass --rebase, --no-rebase,
hint: or --ff-only on the command line to override the configured default per
hint: invocation.
fatal: Need to specify how to reconcile divergent branches.
2026-09-23 11:08 ⚠️ pull failed (conflict?) — skipping push, needs manual fix
From https://github.com/Wibwubcar/Wibwub-Dashboard
 * branch            main       -> FETCH_HEAD
From https://github.com/Wibwubcar/Wibwub-Dashboard
 * branch            main       -> FETCH_HEAD
hint: You have divergent branches and need to specify how to reconcile them.
hint: You can do so by running one of the following commands sometime before
hint: your next pull:
hint:
hint:   git config pull.rebase false  # merge
hint:   git config pull.rebase true   # rebase
hint:   git config pull.ff only       # fast-forward only
hint:
hint: You can replace "git config" with "git config --global" to set a default
hint: preference for all repositories. You can also pass --rebase, --no-rebase,
hint: or --ff-only on the command line to override the configured default per
hint: invocation.
fatal: Need to specify how to reconcile divergent branches.
2026-09-23 11:14 ⚠️ pull failed (conflict?) — skipping push, needs manual fix
From https://github.com/Wibwubcar/Wibwub-Dashboard
 * branch            main       -> FETCH_HEAD
From https://github.com/Wibwubcar/Wibwub-Dashboard
 * branch            main       -> FETCH_HEAD
hint: You have divergent branches and need to specify how to reconcile them.
hint: You can do so by running one of the following commands sometime before
hint: your next pull:
hint:
hint:   git config pull.rebase false  # merge
hint:   git config pull.rebase true   # rebase
hint:   git config pull.ff only       # fast-forward only
hint:
hint: You can replace "git config" with "git config --global" to set a default
hint: preference for all repositories. You can also pass --rebase, --no-rebase,
hint: or --ff-only on the command line to override the configured default per
hint: invocation.
fatal: Need to specify how to reconcile divergent branches.
2026-09-23 11:19 ⚠️ pull failed (conflict?) — skipping push, needs manual fix
From https://github.com/Wibwubcar/Wibwub-Dashboard
 * branch            main       -> FETCH_HEAD
From https://github.com/Wibwubcar/Wibwub-Dashboard
 * branch            main       -> FETCH_HEAD
hint: You have divergent branches and need to specify how to reconcile them.
hint: You can do so by running one of the following commands sometime before
hint: your next pull:
hint:
hint:   git config pull.rebase false  # merge
hint:   git config pull.rebase true   # rebase
hint:   git config pull.ff only       # fast-forward only
hint:
hint: You can replace "git config" with "git config --global" to set a default
hint: preference for all repositories. You can also pass --rebase, --no-rebase,
hint: or --ff-only on the command line to override the configured default per
hint: invocation.
fatal: Need to specify how to reconcile divergent branches.
2026-09-23 11:24 ⚠️ pull failed (conflict?) — skipping push, needs manual fix
From https://github.com/Wibwubcar/Wibwub-Dashboard
 * branch            main       -> FETCH_HEAD
From https://github.com/Wibwubcar/Wibwub-Dashboard
 * branch            main       -> FETCH_HEAD
hint: You have divergent branches and need to specify how to reconcile them.
hint: You can do so by running one of the following commands sometime before
hint: your next pull:
hint:
hint:   git config pull.rebase false  # merge
hint:   git config pull.rebase true   # rebase
hint:   git config pull.ff only       # fast-forward only
hint:
hint: You can replace "git config" with "git config --global" to set a default
hint: preference for all repositories. You can also pass --rebase, --no-rebase,
hint: or --ff-only on the command line to override the configured default per
hint: invocation.
fatal: Need to specify how to reconcile divergent branches.
2026-09-23 11:29 ⚠️ pull failed (conflict?) — skipping push, needs manual fix
From https://github.com/Wibwubcar/Wibwub-Dashboard
 * branch            main       -> FETCH_HEAD
From https://github.com/Wibwubcar/Wibwub-Dashboard
 * branch            main       -> FETCH_HEAD
hint: You have divergent branches and need to specify how to reconcile them.
hint: You can do so by running one of the following commands sometime before
hint: your next pull:
hint:
hint:   git config pull.rebase false  # merge
hint:   git config pull.rebase true   # rebase
hint:   git config pull.ff only       # fast-forward only
hint:
hint: You can replace "git config" with "git config --global" to set a default
hint: preference for all repositories. You can also pass --rebase, --no-rebase,
hint: or --ff-only on the command line to override the configured default per
hint: invocation.
fatal: Need to specify how to reconcile divergent branches.
2026-09-23 11:34 ⚠️ pull failed (conflict?) — skipping push, needs manual fix
From https://github.com/Wibwubcar/Wibwub-Dashboard
 * branch            main       -> FETCH_HEAD
From https://github.com/Wibwubcar/Wibwub-Dashboard
 * branch            main       -> FETCH_HEAD
hint: You have divergent branches and need to specify how to reconcile them.
hint: You can do so by running one of the following commands sometime before
hint: your next pull:
hint:
hint:   git config pull.rebase false  # merge
hint:   git config pull.rebase true   # rebase
hint:   git config pull.ff only       # fast-forward only
hint:
hint: You can replace "git config" with "git config --global" to set a default
hint: preference for all repositories. You can also pass --rebase, --no-rebase,
hint: or --ff-only on the command line to override the configured default per
hint: invocation.
fatal: Need to specify how to reconcile divergent branches.
2026-09-23 11:39 ⚠️ pull failed (conflict?) — skipping push, needs manual fix
From https://github.com/Wibwubcar/Wibwub-Dashboard
 * branch            main       -> FETCH_HEAD
From https://github.com/Wibwubcar/Wibwub-Dashboard
 * branch            main       -> FETCH_HEAD
hint: You have divergent branches and need to specify how to reconcile them.
hint: You can do so by running one of the following commands sometime before
hint: your next pull:
hint:
hint:   git config pull.rebase false  # merge
hint:   git config pull.rebase true   # rebase
hint:   git config pull.ff only       # fast-forward only
hint:
hint: You can replace "git config" with "git config --global" to set a default
hint: preference for all repositories. You can also pass --rebase, --no-rebase,
hint: or --ff-only on the command line to override the configured default per
hint: invocation.
fatal: Need to specify how to reconcile divergent branches.
2026-09-23 11:44 ⚠️ pull failed (conflict?) — skipping push, needs manual fix
From https://github.com/Wibwubcar/Wibwub-Dashboard
 * branch            main       -> FETCH_HEAD
From https://github.com/Wibwubcar/Wibwub-Dashboard
 * branch            main       -> FETCH_HEAD
hint: You have divergent branches and need to specify how to reconcile them.
hint: You can do so by running one of the following commands sometime before
hint: your next pull:
hint:
hint:   git config pull.rebase false  # merge
hint:   git config pull.rebase true   # rebase
hint:   git config pull.ff only       # fast-forward only
hint:
hint: You can replace "git config" with "git config --global" to set a default
hint: preference for all repositories. You can also pass --rebase, --no-rebase,
hint: or --ff-only on the command line to override the configured default per
hint: invocation.
fatal: Need to specify how to reconcile divergent branches.
2026-09-23 11:49 ⚠️ pull failed (conflict?) — skipping push, needs manual fix
From https://github.com/Wibwubcar/Wibwub-Dashboard
 * branch            main       -> FETCH_HEAD
From https://github.com/Wibwubcar/Wibwub-Dashboard
 * branch            main       -> FETCH_HEAD
hint: You have divergent branches and need to specify how to reconcile them.
hint: You can do so by running one of the following commands sometime before
hint: your next pull:
hint:
hint:   git config pull.rebase false  # merge
hint:   git config pull.rebase true   # rebase
hint:   git config pull.ff only       # fast-forward only
hint:
hint: You can replace "git config" with "git config --global" to set a default
hint: preference for all repositories. You can also pass --rebase, --no-rebase,
hint: or --ff-only on the command line to override the configured default per
hint: invocation.
fatal: Need to specify how to reconcile divergent branches.
2026-09-23 11:54 ⚠️ pull failed (conflict?) — skipping push, needs manual fix
From https://github.com/Wibwubcar/Wibwub-Dashboard
 * branch            main       -> FETCH_HEAD
From https://github.com/Wibwubcar/Wibwub-Dashboard
 * branch            main       -> FETCH_HEAD
hint: You have divergent branches and need to specify how to reconcile them.
hint: You can do so by running one of the following commands sometime before
hint: your next pull:
hint:
hint:   git config pull.rebase false  # merge
hint:   git config pull.rebase true   # rebase
hint:   git config pull.ff only       # fast-forward only
hint:
hint: You can replace "git config" with "git config --global" to set a default
hint: preference for all repositories. You can also pass --rebase, --no-rebase,
hint: or --ff-only on the command line to override the configured default per
hint: invocation.
fatal: Need to specify how to reconcile divergent branches.
2026-09-23 11:59 ⚠️ pull failed (conflict?) — skipping push, needs manual fix
From https://github.com/Wibwubcar/Wibwub-Dashboard
 * branch            main       -> FETCH_HEAD
From https://github.com/Wibwubcar/Wibwub-Dashboard
 * branch            main       -> FETCH_HEAD
hint: You have divergent branches and need to specify how to reconcile them.
hint: You can do so by running one of the following commands sometime before
hint: your next pull:
hint:
hint:   git config pull.rebase false  # merge
hint:   git config pull.rebase true   # rebase
hint:   git config pull.ff only       # fast-forward only
hint:
hint: You can replace "git config" with "git config --global" to set a default
hint: preference for all repositories. You can also pass --rebase, --no-rebase,
hint: or --ff-only on the command line to override the configured default per
hint: invocation.
fatal: Need to specify how to reconcile divergent branches.
2026-09-23 12:04 ⚠️ pull failed (conflict?) — skipping push, needs manual fix
From https://github.com/Wibwubcar/Wibwub-Dashboard
 * branch            main       -> FETCH_HEAD
From https://github.com/Wibwubcar/Wibwub-Dashboard
 * branch            main       -> FETCH_HEAD
hint: You have divergent branches and need to specify how to reconcile them.
hint: You can do so by running one of the following commands sometime before
hint: your next pull:
hint:
hint:   git config pull.rebase false  # merge
hint:   git config pull.rebase true   # rebase
hint:   git config pull.ff only       # fast-forward only
hint:
hint: You can replace "git config" with "git config --global" to set a default
hint: preference for all repositories. You can also pass --rebase, --no-rebase,
hint: or --ff-only on the command line to override the configured default per
hint: invocation.
fatal: Need to specify how to reconcile divergent branches.
2026-09-23 12:09 ⚠️ pull failed (conflict?) — skipping push, needs manual fix
From https://github.com/Wibwubcar/Wibwub-Dashboard
 * branch            main       -> FETCH_HEAD
From https://github.com/Wibwubcar/Wibwub-Dashboard
 * branch            main       -> FETCH_HEAD
hint: You have divergent branches and need to specify how to reconcile them.
hint: You can do so by running one of the following commands sometime before
hint: your next pull:
hint:
hint:   git config pull.rebase false  # merge
hint:   git config pull.rebase true   # rebase
hint:   git config pull.ff only       # fast-forward only
hint:
hint: You can replace "git config" with "git config --global" to set a default
hint: preference for all repositories. You can also pass --rebase, --no-rebase,
hint: or --ff-only on the command line to override the configured default per
hint: invocation.
fatal: Need to specify how to reconcile divergent branches.
2026-09-23 12:14 ⚠️ pull failed (conflict?) — skipping push, needs manual fix
From https://github.com/Wibwubcar/Wibwub-Dashboard
 * branch            main       -> FETCH_HEAD
From https://github.com/Wibwubcar/Wibwub-Dashboard
 * branch            main       -> FETCH_HEAD
hint: You have divergent branches and need to specify how to reconcile them.
hint: You can do so by running one of the following commands sometime before
hint: your next pull:
hint:
hint:   git config pull.rebase false  # merge
hint:   git config pull.rebase true   # rebase
hint:   git config pull.ff only       # fast-forward only
hint:
hint: You can replace "git config" with "git config --global" to set a default
hint: preference for all repositories. You can also pass --rebase, --no-rebase,
hint: or --ff-only on the command line to override the configured default per
hint: invocation.
fatal: Need to specify how to reconcile divergent branches.
2026-09-23 12:19 ⚠️ pull failed (conflict?) — skipping push, needs manual fix
From https://github.com/Wibwubcar/Wibwub-Dashboard
 * branch            main       -> FETCH_HEAD
From https://github.com/Wibwubcar/Wibwub-Dashboard
 * branch            main       -> FETCH_HEAD
hint: You have divergent branches and need to specify how to reconcile them.
hint: You can do so by running one of the following commands sometime before
hint: your next pull:
hint:
hint:   git config pull.rebase false  # merge
hint:   git config pull.rebase true   # rebase
hint:   git config pull.ff only       # fast-forward only
hint:
hint: You can replace "git config" with "git config --global" to set a default
hint: preference for all repositories. You can also pass --rebase, --no-rebase,
hint: or --ff-only on the command line to override the configured default per
hint: invocation.
fatal: Need to specify how to reconcile divergent branches.
2026-09-23 12:24 ⚠️ pull failed (conflict?) — skipping push, needs manual fix
From https://github.com/Wibwubcar/Wibwub-Dashboard
 * branch            main       -> FETCH_HEAD
From https://github.com/Wibwubcar/Wibwub-Dashboard
 * branch            main       -> FETCH_HEAD
hint: You have divergent branches and need to specify how to reconcile them.
hint: You can do so by running one of the following commands sometime before
hint: your next pull:
hint:
hint:   git config pull.rebase false  # merge
hint:   git config pull.rebase true   # rebase
hint:   git config pull.ff only       # fast-forward only
hint:
hint: You can replace "git config" with "git config --global" to set a default
hint: preference for all repositories. You can also pass --rebase, --no-rebase,
hint: or --ff-only on the command line to override the configured default per
hint: invocation.
fatal: Need to specify how to reconcile divergent branches.
2026-09-23 12:29 ⚠️ pull failed (conflict?) — skipping push, needs manual fix
From https://github.com/Wibwubcar/Wibwub-Dashboard
 * branch            main       -> FETCH_HEAD
From https://github.com/Wibwubcar/Wibwub-Dashboard
 * branch            main       -> FETCH_HEAD
hint: You have divergent branches and need to specify how to reconcile them.
hint: You can do so by running one of the following commands sometime before
hint: your next pull:
hint:
hint:   git config pull.rebase false  # merge
hint:   git config pull.rebase true   # rebase
hint:   git config pull.ff only       # fast-forward only
hint:
hint: You can replace "git config" with "git config --global" to set a default
hint: preference for all repositories. You can also pass --rebase, --no-rebase,
hint: or --ff-only on the command line to override the configured default per
hint: invocation.
fatal: Need to specify how to reconcile divergent branches.
2026-09-23 12:34 ⚠️ pull failed (conflict?) — skipping push, needs manual fix
From https://github.com/Wibwubcar/Wibwub-Dashboard
 * branch            main       -> FETCH_HEAD
From https://github.com/Wibwubcar/Wibwub-Dashboard
 * branch            main       -> FETCH_HEAD
hint: You have divergent branches and need to specify how to reconcile them.
hint: You can do so by running one of the following commands sometime before
hint: your next pull:
hint:
hint:   git config pull.rebase false  # merge
hint:   git config pull.rebase true   # rebase
hint:   git config pull.ff only       # fast-forward only
hint:
hint: You can replace "git config" with "git config --global" to set a default
hint: preference for all repositories. You can also pass --rebase, --no-rebase,
hint: or --ff-only on the command line to override the configured default per
hint: invocation.
fatal: Need to specify how to reconcile divergent branches.
2026-09-23 12:39 ⚠️ pull failed (conflict?) — skipping push, needs manual fix
From https://github.com/Wibwubcar/Wibwub-Dashboard
 * branch            main       -> FETCH_HEAD
From https://github.com/Wibwubcar/Wibwub-Dashboard
 * branch            main       -> FETCH_HEAD
hint: You have divergent branches and need to specify how to reconcile them.
hint: You can do so by running one of the following commands sometime before
hint: your next pull:
hint:
hint:   git config pull.rebase false  # merge
hint:   git config pull.rebase true   # rebase
hint:   git config pull.ff only       # fast-forward only
hint:
hint: You can replace "git config" with "git config --global" to set a default
hint: preference for all repositories. You can also pass --rebase, --no-rebase,
hint: or --ff-only on the command line to override the configured default per
hint: invocation.
fatal: Need to specify how to reconcile divergent branches.
2026-09-23 12:44 ⚠️ pull failed (conflict?) — skipping push, needs manual fix
From https://github.com/Wibwubcar/Wibwub-Dashboard
 * branch            main       -> FETCH_HEAD
From https://github.com/Wibwubcar/Wibwub-Dashboard
 * branch            main       -> FETCH_HEAD
hint: You have divergent branches and need to specify how to reconcile them.
hint: You can do so by running one of the following commands sometime before
hint: your next pull:
hint:
hint:   git config pull.rebase false  # merge
hint:   git config pull.rebase true   # rebase
hint:   git config pull.ff only       # fast-forward only
hint:
hint: You can replace "git config" with "git config --global" to set a default
hint: preference for all repositories. You can also pass --rebase, --no-rebase,
hint: or --ff-only on the command line to override the configured default per
hint: invocation.
fatal: Need to specify how to reconcile divergent branches.
2026-09-23 12:49 ⚠️ pull failed (conflict?) — skipping push, needs manual fix
From https://github.com/Wibwubcar/Wibwub-Dashboard
 * branch            main       -> FETCH_HEAD
From https://github.com/Wibwubcar/Wibwub-Dashboard
 * branch            main       -> FETCH_HEAD
hint: You have divergent branches and need to specify how to reconcile them.
hint: You can do so by running one of the following commands sometime before
hint: your next pull:
hint:
hint:   git config pull.rebase false  # merge
hint:   git config pull.rebase true   # rebase
hint:   git config pull.ff only       # fast-forward only
hint:
hint: You can replace "git config" with "git config --global" to set a default
hint: preference for all repositories. You can also pass --rebase, --no-rebase,
hint: or --ff-only on the command line to override the configured default per
hint: invocation.
fatal: Need to specify how to reconcile divergent branches.
2026-09-23 12:54 ⚠️ pull failed (conflict?) — skipping push, needs manual fix
From https://github.com/Wibwubcar/Wibwub-Dashboard
 * branch            main       -> FETCH_HEAD
From https://github.com/Wibwubcar/Wibwub-Dashboard
 * branch            main       -> FETCH_HEAD
hint: You have divergent branches and need to specify how to reconcile them.
hint: You can do so by running one of the following commands sometime before
hint: your next pull:
hint:
hint:   git config pull.rebase false  # merge
hint:   git config pull.rebase true   # rebase
hint:   git config pull.ff only       # fast-forward only
hint:
hint: You can replace "git config" with "git config --global" to set a default
hint: preference for all repositories. You can also pass --rebase, --no-rebase,
hint: or --ff-only on the command line to override the configured default per
hint: invocation.
fatal: Need to specify how to reconcile divergent branches.
2026-09-23 12:59 ⚠️ pull failed (conflict?) — skipping push, needs manual fix
From https://github.com/Wibwubcar/Wibwub-Dashboard
 * branch            main       -> FETCH_HEAD
From https://github.com/Wibwubcar/Wibwub-Dashboard
 * branch            main       -> FETCH_HEAD
hint: You have divergent branches and need to specify how to reconcile them.
hint: You can do so by running one of the following commands sometime before
hint: your next pull:
hint:
hint:   git config pull.rebase false  # merge
hint:   git config pull.rebase true   # rebase
hint:   git config pull.ff only       # fast-forward only
hint:
hint: You can replace "git config" with "git config --global" to set a default
hint: preference for all repositories. You can also pass --rebase, --no-rebase,
hint: or --ff-only on the command line to override the configured default per
hint: invocation.
fatal: Need to specify how to reconcile divergent branches.
2026-09-23 13:04 ⚠️ pull failed (conflict?) — skipping push, needs manual fix
From https://github.com/Wibwubcar/Wibwub-Dashboard
 * branch            main       -> FETCH_HEAD
From https://github.com/Wibwubcar/Wibwub-Dashboard
 * branch            main       -> FETCH_HEAD
hint: You have divergent branches and need to specify how to reconcile them.
hint: You can do so by running one of the following commands sometime before
hint: your next pull:
hint:
hint:   git config pull.rebase false  # merge
hint:   git config pull.rebase true   # rebase
hint:   git config pull.ff only       # fast-forward only
hint:
hint: You can replace "git config" with "git config --global" to set a default
hint: preference for all repositories. You can also pass --rebase, --no-rebase,
hint: or --ff-only on the command line to override the configured default per
hint: invocation.
fatal: Need to specify how to reconcile divergent branches.
2026-09-23 13:09 ⚠️ pull failed (conflict?) — skipping push, needs manual fix
From https://github.com/Wibwubcar/Wibwub-Dashboard
 * branch            main       -> FETCH_HEAD
From https://github.com/Wibwubcar/Wibwub-Dashboard
 * branch            main       -> FETCH_HEAD
hint: You have divergent branches and need to specify how to reconcile them.
hint: You can do so by running one of the following commands sometime before
hint: your next pull:
hint:
hint:   git config pull.rebase false  # merge
hint:   git config pull.rebase true   # rebase
hint:   git config pull.ff only       # fast-forward only
hint:
hint: You can replace "git config" with "git config --global" to set a default
hint: preference for all repositories. You can also pass --rebase, --no-rebase,
hint: or --ff-only on the command line to override the configured default per
hint: invocation.
fatal: Need to specify how to reconcile divergent branches.
2026-09-23 13:14 ⚠️ pull failed (conflict?) — skipping push, needs manual fix
From https://github.com/Wibwubcar/Wibwub-Dashboard
 * branch            main       -> FETCH_HEAD
From https://github.com/Wibwubcar/Wibwub-Dashboard
 * branch            main       -> FETCH_HEAD
hint: You have divergent branches and need to specify how to reconcile them.
hint: You can do so by running one of the following commands sometime before
hint: your next pull:
hint:
hint:   git config pull.rebase false  # merge
hint:   git config pull.rebase true   # rebase
hint:   git config pull.ff only       # fast-forward only
hint:
hint: You can replace "git config" with "git config --global" to set a default
hint: preference for all repositories. You can also pass --rebase, --no-rebase,
hint: or --ff-only on the command line to override the configured default per
hint: invocation.
fatal: Need to specify how to reconcile divergent branches.
2026-09-23 13:19 ⚠️ pull failed (conflict?) — skipping push, needs manual fix
From https://github.com/Wibwubcar/Wibwub-Dashboard
 * branch            main       -> FETCH_HEAD
From https://github.com/Wibwubcar/Wibwub-Dashboard
 * branch            main       -> FETCH_HEAD
hint: You have divergent branches and need to specify how to reconcile them.
hint: You can do so by running one of the following commands sometime before
hint: your next pull:
hint:
hint:   git config pull.rebase false  # merge
hint:   git config pull.rebase true   # rebase
hint:   git config pull.ff only       # fast-forward only
hint:
hint: You can replace "git config" with "git config --global" to set a default
hint: preference for all repositories. You can also pass --rebase, --no-rebase,
hint: or --ff-only on the command line to override the configured default per
hint: invocation.
fatal: Need to specify how to reconcile divergent branches.
2026-09-23 13:25 ⚠️ pull failed (conflict?) — skipping push, needs manual fix
From https://github.com/Wibwubcar/Wibwub-Dashboard
 * branch            main       -> FETCH_HEAD
From https://github.com/Wibwubcar/Wibwub-Dashboard
 * branch            main       -> FETCH_HEAD
hint: You have divergent branches and need to specify how to reconcile them.
hint: You can do so by running one of the following commands sometime before
hint: your next pull:
hint:
hint:   git config pull.rebase false  # merge
hint:   git config pull.rebase true   # rebase
hint:   git config pull.ff only       # fast-forward only
hint:
hint: You can replace "git config" with "git config --global" to set a default
hint: preference for all repositories. You can also pass --rebase, --no-rebase,
hint: or --ff-only on the command line to override the configured default per
hint: invocation.
fatal: Need to specify how to reconcile divergent branches.
2026-09-23 13:30 ⚠️ pull failed (conflict?) — skipping push, needs manual fix
From https://github.com/Wibwubcar/Wibwub-Dashboard
 * branch            main       -> FETCH_HEAD
From https://github.com/Wibwubcar/Wibwub-Dashboard
 * branch            main       -> FETCH_HEAD
hint: You have divergent branches and need to specify how to reconcile them.
hint: You can do so by running one of the following commands sometime before
hint: your next pull:
hint:
hint:   git config pull.rebase false  # merge
hint:   git config pull.rebase true   # rebase
hint:   git config pull.ff only       # fast-forward only
hint:
hint: You can replace "git config" with "git config --global" to set a default
hint: preference for all repositories. You can also pass --rebase, --no-rebase,
hint: or --ff-only on the command line to override the configured default per
hint: invocation.
fatal: Need to specify how to reconcile divergent branches.
2026-09-23 13:35 ⚠️ pull failed (conflict?) — skipping push, needs manual fix
From https://github.com/Wibwubcar/Wibwub-Dashboard
 * branch            main       -> FETCH_HEAD
From https://github.com/Wibwubcar/Wibwub-Dashboard
 * branch            main       -> FETCH_HEAD
hint: You have divergent branches and need to specify how to reconcile them.
hint: You can do so by running one of the following commands sometime before
hint: your next pull:
hint:
hint:   git config pull.rebase false  # merge
hint:   git config pull.rebase true   # rebase
hint:   git config pull.ff only       # fast-forward only
hint:
hint: You can replace "git config" with "git config --global" to set a default
hint: preference for all repositories. You can also pass --rebase, --no-rebase,
hint: or --ff-only on the command line to override the configured default per
hint: invocation.
fatal: Need to specify how to reconcile divergent branches.
2026-09-23 13:40 ⚠️ pull failed (conflict?) — skipping push, needs manual fix
From https://github.com/Wibwubcar/Wibwub-Dashboard
 * branch            main       -> FETCH_HEAD
From https://github.com/Wibwubcar/Wibwub-Dashboard
 * branch            main       -> FETCH_HEAD
hint: You have divergent branches and need to specify how to reconcile them.
hint: You can do so by running one of the following commands sometime before
hint: your next pull:
hint:
hint:   git config pull.rebase false  # merge
hint:   git config pull.rebase true   # rebase
hint:   git config pull.ff only       # fast-forward only
hint:
hint: You can replace "git config" with "git config --global" to set a default
hint: preference for all repositories. You can also pass --rebase, --no-rebase,
hint: or --ff-only on the command line to override the configured default per
hint: invocation.
fatal: Need to specify how to reconcile divergent branches.
2026-09-23 13:45 ⚠️ pull failed (conflict?) — skipping push, needs manual fix
From https://github.com/Wibwubcar/Wibwub-Dashboard
 * branch            main       -> FETCH_HEAD
From https://github.com/Wibwubcar/Wibwub-Dashboard
 * branch            main       -> FETCH_HEAD
hint: You have divergent branches and need to specify how to reconcile them.
hint: You can do so by running one of the following commands sometime before
hint: your next pull:
hint:
hint:   git config pull.rebase false  # merge
hint:   git config pull.rebase true   # rebase
hint:   git config pull.ff only       # fast-forward only
hint:
hint: You can replace "git config" with "git config --global" to set a default
hint: preference for all repositories. You can also pass --rebase, --no-rebase,
hint: or --ff-only on the command line to override the configured default per
hint: invocation.
fatal: Need to specify how to reconcile divergent branches.
2026-09-23 13:50 ⚠️ pull failed (conflict?) — skipping push, needs manual fix
From https://github.com/Wibwubcar/Wibwub-Dashboard
 * branch            main       -> FETCH_HEAD
From https://github.com/Wibwubcar/Wibwub-Dashboard
 * branch            main       -> FETCH_HEAD
hint: You have divergent branches and need to specify how to reconcile them.
hint: You can do so by running one of the following commands sometime before
hint: your next pull:
hint:
hint:   git config pull.rebase false  # merge
hint:   git config pull.rebase true   # rebase
hint:   git config pull.ff only       # fast-forward only
hint:
hint: You can replace "git config" with "git config --global" to set a default
hint: preference for all repositories. You can also pass --rebase, --no-rebase,
hint: or --ff-only on the command line to override the configured default per
hint: invocation.
fatal: Need to specify how to reconcile divergent branches.
2026-09-23 13:55 ⚠️ pull failed (conflict?) — skipping push, needs manual fix
From https://github.com/Wibwubcar/Wibwub-Dashboard
 * branch            main       -> FETCH_HEAD
From https://github.com/Wibwubcar/Wibwub-Dashboard
 * branch            main       -> FETCH_HEAD
hint: You have divergent branches and need to specify how to reconcile them.
hint: You can do so by running one of the following commands sometime before
hint: your next pull:
hint:
hint:   git config pull.rebase false  # merge
hint:   git config pull.rebase true   # rebase
hint:   git config pull.ff only       # fast-forward only
hint:
hint: You can replace "git config" with "git config --global" to set a default
hint: preference for all repositories. You can also pass --rebase, --no-rebase,
hint: or --ff-only on the command line to override the configured default per
hint: invocation.
fatal: Need to specify how to reconcile divergent branches.
2026-09-23 14:00 ⚠️ pull failed (conflict?) — skipping push, needs manual fix
From https://github.com/Wibwubcar/Wibwub-Dashboard
 * branch            main       -> FETCH_HEAD
From https://github.com/Wibwubcar/Wibwub-Dashboard
 * branch            main       -> FETCH_HEAD
hint: You have divergent branches and need to specify how to reconcile them.
hint: You can do so by running one of the following commands sometime before
hint: your next pull:
hint:
hint:   git config pull.rebase false  # merge
hint:   git config pull.rebase true   # rebase
hint:   git config pull.ff only       # fast-forward only
hint:
hint: You can replace "git config" with "git config --global" to set a default
hint: preference for all repositories. You can also pass --rebase, --no-rebase,
hint: or --ff-only on the command line to override the configured default per
hint: invocation.
fatal: Need to specify how to reconcile divergent branches.
2026-09-23 14:05 ⚠️ pull failed (conflict?) — skipping push, needs manual fix
From https://github.com/Wibwubcar/Wibwub-Dashboard
 * branch            main       -> FETCH_HEAD
From https://github.com/Wibwubcar/Wibwub-Dashboard
 * branch            main       -> FETCH_HEAD
hint: You have divergent branches and need to specify how to reconcile them.
hint: You can do so by running one of the following commands sometime before
hint: your next pull:
hint:
hint:   git config pull.rebase false  # merge
hint:   git config pull.rebase true   # rebase
hint:   git config pull.ff only       # fast-forward only
hint:
hint: You can replace "git config" with "git config --global" to set a default
hint: preference for all repositories. You can also pass --rebase, --no-rebase,
hint: or --ff-only on the command line to override the configured default per
hint: invocation.
fatal: Need to specify how to reconcile divergent branches.
2026-09-23 14:10 ⚠️ pull failed (conflict?) — skipping push, needs manual fix
From https://github.com/Wibwubcar/Wibwub-Dashboard
 * branch            main       -> FETCH_HEAD
From https://github.com/Wibwubcar/Wibwub-Dashboard
 * branch            main       -> FETCH_HEAD
hint: You have divergent branches and need to specify how to reconcile them.
hint: You can do so by running one of the following commands sometime before
hint: your next pull:
hint:
hint:   git config pull.rebase false  # merge
hint:   git config pull.rebase true   # rebase
hint:   git config pull.ff only       # fast-forward only
hint:
hint: You can replace "git config" with "git config --global" to set a default
hint: preference for all repositories. You can also pass --rebase, --no-rebase,
hint: or --ff-only on the command line to override the configured default per
hint: invocation.
fatal: Need to specify how to reconcile divergent branches.
2026-09-23 14:15 ⚠️ pull failed (conflict?) — skipping push, needs manual fix
From https://github.com/Wibwubcar/Wibwub-Dashboard
 * branch            main       -> FETCH_HEAD
From https://github.com/Wibwubcar/Wibwub-Dashboard
 * branch            main       -> FETCH_HEAD
hint: You have divergent branches and need to specify how to reconcile them.
hint: You can do so by running one of the following commands sometime before
hint: your next pull:
hint:
hint:   git config pull.rebase false  # merge
hint:   git config pull.rebase true   # rebase
hint:   git config pull.ff only       # fast-forward only
hint:
hint: You can replace "git config" with "git config --global" to set a default
hint: preference for all repositories. You can also pass --rebase, --no-rebase,
hint: or --ff-only on the command line to override the configured default per
hint: invocation.
fatal: Need to specify how to reconcile divergent branches.
2026-09-23 14:20 ⚠️ pull failed (conflict?) — skipping push, needs manual fix
From https://github.com/Wibwubcar/Wibwub-Dashboard
 * branch            main       -> FETCH_HEAD
From https://github.com/Wibwubcar/Wibwub-Dashboard
 * branch            main       -> FETCH_HEAD
hint: You have divergent branches and need to specify how to reconcile them.
hint: You can do so by running one of the following commands sometime before
hint: your next pull:
hint:
hint:   git config pull.rebase false  # merge
hint:   git config pull.rebase true   # rebase
hint:   git config pull.ff only       # fast-forward only
hint:
hint: You can replace "git config" with "git config --global" to set a default
hint: preference for all repositories. You can also pass --rebase, --no-rebase,
hint: or --ff-only on the command line to override the configured default per
hint: invocation.
fatal: Need to specify how to reconcile divergent branches.
2026-09-23 14:25 ⚠️ pull failed (conflict?) — skipping push, needs manual fix
From https://github.com/Wibwubcar/Wibwub-Dashboard
 * branch            main       -> FETCH_HEAD
From https://github.com/Wibwubcar/Wibwub-Dashboard
 * branch            main       -> FETCH_HEAD
hint: You have divergent branches and need to specify how to reconcile them.
hint: You can do so by running one of the following commands sometime before
hint: your next pull:
hint:
hint:   git config pull.rebase false  # merge
hint:   git config pull.rebase true   # rebase
hint:   git config pull.ff only       # fast-forward only
hint:
hint: You can replace "git config" with "git config --global" to set a default
hint: preference for all repositories. You can also pass --rebase, --no-rebase,
hint: or --ff-only on the command line to override the configured default per
hint: invocation.
fatal: Need to specify how to reconcile divergent branches.
2026-09-23 14:30 ⚠️ pull failed (conflict?) — skipping push, needs manual fix
From https://github.com/Wibwubcar/Wibwub-Dashboard
 * branch            main       -> FETCH_HEAD
From https://github.com/Wibwubcar/Wibwub-Dashboard
 * branch            main       -> FETCH_HEAD
hint: You have divergent branches and need to specify how to reconcile them.
hint: You can do so by running one of the following commands sometime before
hint: your next pull:
hint:
hint:   git config pull.rebase false  # merge
hint:   git config pull.rebase true   # rebase
hint:   git config pull.ff only       # fast-forward only
hint:
hint: You can replace "git config" with "git config --global" to set a default
hint: preference for all repositories. You can also pass --rebase, --no-rebase,
hint: or --ff-only on the command line to override the configured default per
hint: invocation.
fatal: Need to specify how to reconcile divergent branches.
2026-09-23 14:35 ⚠️ pull failed (conflict?) — skipping push, needs manual fix
From https://github.com/Wibwubcar/Wibwub-Dashboard
 * branch            main       -> FETCH_HEAD
From https://github.com/Wibwubcar/Wibwub-Dashboard
 * branch            main       -> FETCH_HEAD
hint: You have divergent branches and need to specify how to reconcile them.
hint: You can do so by running one of the following commands sometime before
hint: your next pull:
hint:
hint:   git config pull.rebase false  # merge
hint:   git config pull.rebase true   # rebase
hint:   git config pull.ff only       # fast-forward only
hint:
hint: You can replace "git config" with "git config --global" to set a default
hint: preference for all repositories. You can also pass --rebase, --no-rebase,
hint: or --ff-only on the command line to override the configured default per
hint: invocation.
fatal: Need to specify how to reconcile divergent branches.
2026-09-23 14:40 ⚠️ pull failed (conflict?) — skipping push, needs manual fix
From https://github.com/Wibwubcar/Wibwub-Dashboard
 * branch            main       -> FETCH_HEAD
From https://github.com/Wibwubcar/Wibwub-Dashboard
 * branch            main       -> FETCH_HEAD
hint: You have divergent branches and need to specify how to reconcile them.
hint: You can do so by running one of the following commands sometime before
hint: your next pull:
hint:
hint:   git config pull.rebase false  # merge
hint:   git config pull.rebase true   # rebase
hint:   git config pull.ff only       # fast-forward only
hint:
hint: You can replace "git config" with "git config --global" to set a default
hint: preference for all repositories. You can also pass --rebase, --no-rebase,
hint: or --ff-only on the command line to override the configured default per
hint: invocation.
fatal: Need to specify how to reconcile divergent branches.
2026-09-23 14:45 ⚠️ pull failed (conflict?) — skipping push, needs manual fix
From https://github.com/Wibwubcar/Wibwub-Dashboard
 * branch            main       -> FETCH_HEAD
From https://github.com/Wibwubcar/Wibwub-Dashboard
 * branch            main       -> FETCH_HEAD
hint: You have divergent branches and need to specify how to reconcile them.
hint: You can do so by running one of the following commands sometime before
hint: your next pull:
hint:
hint:   git config pull.rebase false  # merge
hint:   git config pull.rebase true   # rebase
hint:   git config pull.ff only       # fast-forward only
hint:
hint: You can replace "git config" with "git config --global" to set a default
hint: preference for all repositories. You can also pass --rebase, --no-rebase,
hint: or --ff-only on the command line to override the configured default per
hint: invocation.
fatal: Need to specify how to reconcile divergent branches.
2026-09-23 14:50 ⚠️ pull failed (conflict?) — skipping push, needs manual fix
From https://github.com/Wibwubcar/Wibwub-Dashboard
 * branch            main       -> FETCH_HEAD
From https://github.com/Wibwubcar/Wibwub-Dashboard
 * branch            main       -> FETCH_HEAD
hint: You have divergent branches and need to specify how to reconcile them.
hint: You can do so by running one of the following commands sometime before
hint: your next pull:
hint:
hint:   git config pull.rebase false  # merge
hint:   git config pull.rebase true   # rebase
hint:   git config pull.ff only       # fast-forward only
hint:
hint: You can replace "git config" with "git config --global" to set a default
hint: preference for all repositories. You can also pass --rebase, --no-rebase,
hint: or --ff-only on the command line to override the configured default per
hint: invocation.
fatal: Need to specify how to reconcile divergent branches.
2026-09-23 14:55 ⚠️ pull failed (conflict?) — skipping push, needs manual fix
From https://github.com/Wibwubcar/Wibwub-Dashboard
 * branch            main       -> FETCH_HEAD
From https://github.com/Wibwubcar/Wibwub-Dashboard
 * branch            main       -> FETCH_HEAD
hint: You have divergent branches and need to specify how to reconcile them.
hint: You can do so by running one of the following commands sometime before
hint: your next pull:
hint:
hint:   git config pull.rebase false  # merge
hint:   git config pull.rebase true   # rebase
hint:   git config pull.ff only       # fast-forward only
hint:
hint: You can replace "git config" with "git config --global" to set a default
hint: preference for all repositories. You can also pass --rebase, --no-rebase,
hint: or --ff-only on the command line to override the configured default per
hint: invocation.
fatal: Need to specify how to reconcile divergent branches.
2026-09-23 15:00 ⚠️ pull failed (conflict?) — skipping push, needs manual fix
From https://github.com/Wibwubcar/Wibwub-Dashboard
 * branch            main       -> FETCH_HEAD
From https://github.com/Wibwubcar/Wibwub-Dashboard
 * branch            main       -> FETCH_HEAD
hint: You have divergent branches and need to specify how to reconcile them.
hint: You can do so by running one of the following commands sometime before
hint: your next pull:
hint:
hint:   git config pull.rebase false  # merge
hint:   git config pull.rebase true   # rebase
hint:   git config pull.ff only       # fast-forward only
hint:
hint: You can replace "git config" with "git config --global" to set a default
hint: preference for all repositories. You can also pass --rebase, --no-rebase,
hint: or --ff-only on the command line to override the configured default per
hint: invocation.
fatal: Need to specify how to reconcile divergent branches.
2026-09-23 15:05 ⚠️ pull failed (conflict?) — skipping push, needs manual fix
From https://github.com/Wibwubcar/Wibwub-Dashboard
 * branch            main       -> FETCH_HEAD
From https://github.com/Wibwubcar/Wibwub-Dashboard
 * branch            main       -> FETCH_HEAD
hint: You have divergent branches and need to specify how to reconcile them.
hint: You can do so by running one of the following commands sometime before
hint: your next pull:
hint:
hint:   git config pull.rebase false  # merge
hint:   git config pull.rebase true   # rebase
hint:   git config pull.ff only       # fast-forward only
hint:
hint: You can replace "git config" with "git config --global" to set a default
hint: preference for all repositories. You can also pass --rebase, --no-rebase,
hint: or --ff-only on the command line to override the configured default per
hint: invocation.
fatal: Need to specify how to reconcile divergent branches.
2026-09-23 15:10 ⚠️ pull failed (conflict?) — skipping push, needs manual fix
From https://github.com/Wibwubcar/Wibwub-Dashboard
 * branch            main       -> FETCH_HEAD
From https://github.com/Wibwubcar/Wibwub-Dashboard
 * branch            main       -> FETCH_HEAD
hint: You have divergent branches and need to specify how to reconcile them.
hint: You can do so by running one of the following commands sometime before
hint: your next pull:
hint:
hint:   git config pull.rebase false  # merge
hint:   git config pull.rebase true   # rebase
hint:   git config pull.ff only       # fast-forward only
hint:
hint: You can replace "git config" with "git config --global" to set a default
hint: preference for all repositories. You can also pass --rebase, --no-rebase,
hint: or --ff-only on the command line to override the configured default per
hint: invocation.
fatal: Need to specify how to reconcile divergent branches.
2026-09-23 15:15 ⚠️ pull failed (conflict?) — skipping push, needs manual fix
From https://github.com/Wibwubcar/Wibwub-Dashboard
 * branch            main       -> FETCH_HEAD
From https://github.com/Wibwubcar/Wibwub-Dashboard
 * branch            main       -> FETCH_HEAD
hint: You have divergent branches and need to specify how to reconcile them.
hint: You can do so by running one of the following commands sometime before
hint: your next pull:
hint:
hint:   git config pull.rebase false  # merge
hint:   git config pull.rebase true   # rebase
hint:   git config pull.ff only       # fast-forward only
hint:
hint: You can replace "git config" with "git config --global" to set a default
hint: preference for all repositories. You can also pass --rebase, --no-rebase,
hint: or --ff-only on the command line to override the configured default per
hint: invocation.
fatal: Need to specify how to reconcile divergent branches.
2026-09-23 15:20 ⚠️ pull failed (conflict?) — skipping push, needs manual fix
From https://github.com/Wibwubcar/Wibwub-Dashboard
 * branch            main       -> FETCH_HEAD
From https://github.com/Wibwubcar/Wibwub-Dashboard
 * branch            main       -> FETCH_HEAD
hint: You have divergent branches and need to specify how to reconcile them.
hint: You can do so by running one of the following commands sometime before
hint: your next pull:
hint:
hint:   git config pull.rebase false  # merge
hint:   git config pull.rebase true   # rebase
hint:   git config pull.ff only       # fast-forward only
hint:
hint: You can replace "git config" with "git config --global" to set a default
hint: preference for all repositories. You can also pass --rebase, --no-rebase,
hint: or --ff-only on the command line to override the configured default per
hint: invocation.
fatal: Need to specify how to reconcile divergent branches.
2026-09-23 15:25 ⚠️ pull failed (conflict?) — skipping push, needs manual fix
From https://github.com/Wibwubcar/Wibwub-Dashboard
 * branch            main       -> FETCH_HEAD
From https://github.com/Wibwubcar/Wibwub-Dashboard
 * branch            main       -> FETCH_HEAD
hint: You have divergent branches and need to specify how to reconcile them.
hint: You can do so by running one of the following commands sometime before
hint: your next pull:
hint:
hint:   git config pull.rebase false  # merge
hint:   git config pull.rebase true   # rebase
hint:   git config pull.ff only       # fast-forward only
hint:
hint: You can replace "git config" with "git config --global" to set a default
hint: preference for all repositories. You can also pass --rebase, --no-rebase,
hint: or --ff-only on the command line to override the configured default per
hint: invocation.
fatal: Need to specify how to reconcile divergent branches.
2026-09-23 15:30 ⚠️ pull failed (conflict?) — skipping push, needs manual fix
From https://github.com/Wibwubcar/Wibwub-Dashboard
 * branch            main       -> FETCH_HEAD
From https://github.com/Wibwubcar/Wibwub-Dashboard
 * branch            main       -> FETCH_HEAD
hint: You have divergent branches and need to specify how to reconcile them.
hint: You can do so by running one of the following commands sometime before
hint: your next pull:
hint:
hint:   git config pull.rebase false  # merge
hint:   git config pull.rebase true   # rebase
hint:   git config pull.ff only       # fast-forward only
hint:
hint: You can replace "git config" with "git config --global" to set a default
hint: preference for all repositories. You can also pass --rebase, --no-rebase,
hint: or --ff-only on the command line to override the configured default per
hint: invocation.
fatal: Need to specify how to reconcile divergent branches.
2026-09-23 15:36 ⚠️ pull failed (conflict?) — skipping push, needs manual fix
From https://github.com/Wibwubcar/Wibwub-Dashboard
 * branch            main       -> FETCH_HEAD
From https://github.com/Wibwubcar/Wibwub-Dashboard
 * branch            main       -> FETCH_HEAD
hint: You have divergent branches and need to specify how to reconcile them.
hint: You can do so by running one of the following commands sometime before
hint: your next pull:
hint:
hint:   git config pull.rebase false  # merge
hint:   git config pull.rebase true   # rebase
hint:   git config pull.ff only       # fast-forward only
hint:
hint: You can replace "git config" with "git config --global" to set a default
hint: preference for all repositories. You can also pass --rebase, --no-rebase,
hint: or --ff-only on the command line to override the configured default per
hint: invocation.
fatal: Need to specify how to reconcile divergent branches.
2026-09-23 15:41 ⚠️ pull failed (conflict?) — skipping push, needs manual fix
From https://github.com/Wibwubcar/Wibwub-Dashboard
 * branch            main       -> FETCH_HEAD
From https://github.com/Wibwubcar/Wibwub-Dashboard
 * branch            main       -> FETCH_HEAD
hint: You have divergent branches and need to specify how to reconcile them.
hint: You can do so by running one of the following commands sometime before
hint: your next pull:
hint:
hint:   git config pull.rebase false  # merge
hint:   git config pull.rebase true   # rebase
hint:   git config pull.ff only       # fast-forward only
hint:
hint: You can replace "git config" with "git config --global" to set a default
hint: preference for all repositories. You can also pass --rebase, --no-rebase,
hint: or --ff-only on the command line to override the configured default per
hint: invocation.
fatal: Need to specify how to reconcile divergent branches.
2026-09-23 15:46 ⚠️ pull failed (conflict?) — skipping push, needs manual fix
From https://github.com/Wibwubcar/Wibwub-Dashboard
 * branch            main       -> FETCH_HEAD
From https://github.com/Wibwubcar/Wibwub-Dashboard
 * branch            main       -> FETCH_HEAD
hint: You have divergent branches and need to specify how to reconcile them.
hint: You can do so by running one of the following commands sometime before
hint: your next pull:
hint:
hint:   git config pull.rebase false  # merge
hint:   git config pull.rebase true   # rebase
hint:   git config pull.ff only       # fast-forward only
hint:
hint: You can replace "git config" with "git config --global" to set a default
hint: preference for all repositories. You can also pass --rebase, --no-rebase,
hint: or --ff-only on the command line to override the configured default per
hint: invocation.
fatal: Need to specify how to reconcile divergent branches.
2026-09-23 15:51 ⚠️ pull failed (conflict?) — skipping push, needs manual fix
From https://github.com/Wibwubcar/Wibwub-Dashboard
 * branch            main       -> FETCH_HEAD
From https://github.com/Wibwubcar/Wibwub-Dashboard
 * branch            main       -> FETCH_HEAD
hint: You have divergent branches and need to specify how to reconcile them.
hint: You can do so by running one of the following commands sometime before
hint: your next pull:
hint:
hint:   git config pull.rebase false  # merge
hint:   git config pull.rebase true   # rebase
hint:   git config pull.ff only       # fast-forward only
hint:
hint: You can replace "git config" with "git config --global" to set a default
hint: preference for all repositories. You can also pass --rebase, --no-rebase,
hint: or --ff-only on the command line to override the configured default per
hint: invocation.
fatal: Need to specify how to reconcile divergent branches.
2026-09-23 15:56 ⚠️ pull failed (conflict?) — skipping push, needs manual fix
From https://github.com/Wibwubcar/Wibwub-Dashboard
 * branch            main       -> FETCH_HEAD
From https://github.com/Wibwubcar/Wibwub-Dashboard
 * branch            main       -> FETCH_HEAD
hint: You have divergent branches and need to specify how to reconcile them.
hint: You can do so by running one of the following commands sometime before
hint: your next pull:
hint:
hint:   git config pull.rebase false  # merge
hint:   git config pull.rebase true   # rebase
hint:   git config pull.ff only       # fast-forward only
hint:
hint: You can replace "git config" with "git config --global" to set a default
hint: preference for all repositories. You can also pass --rebase, --no-rebase,
hint: or --ff-only on the command line to override the configured default per
hint: invocation.
fatal: Need to specify how to reconcile divergent branches.
2026-09-23 16:01 ⚠️ pull failed (conflict?) — skipping push, needs manual fix
From https://github.com/Wibwubcar/Wibwub-Dashboard
 * branch            main       -> FETCH_HEAD
From https://github.com/Wibwubcar/Wibwub-Dashboard
 * branch            main       -> FETCH_HEAD
hint: You have divergent branches and need to specify how to reconcile them.
hint: You can do so by running one of the following commands sometime before
hint: your next pull:
hint:
hint:   git config pull.rebase false  # merge
hint:   git config pull.rebase true   # rebase
hint:   git config pull.ff only       # fast-forward only
hint:
hint: You can replace "git config" with "git config --global" to set a default
hint: preference for all repositories. You can also pass --rebase, --no-rebase,
hint: or --ff-only on the command line to override the configured default per
hint: invocation.
fatal: Need to specify how to reconcile divergent branches.
2026-09-23 16:06 ⚠️ pull failed (conflict?) — skipping push, needs manual fix
From https://github.com/Wibwubcar/Wibwub-Dashboard
 * branch            main       -> FETCH_HEAD
From https://github.com/Wibwubcar/Wibwub-Dashboard
 * branch            main       -> FETCH_HEAD
hint: You have divergent branches and need to specify how to reconcile them.
hint: You can do so by running one of the following commands sometime before
hint: your next pull:
hint:
hint:   git config pull.rebase false  # merge
hint:   git config pull.rebase true   # rebase
hint:   git config pull.ff only       # fast-forward only
hint:
hint: You can replace "git config" with "git config --global" to set a default
hint: preference for all repositories. You can also pass --rebase, --no-rebase,
hint: or --ff-only on the command line to override the configured default per
hint: invocation.
fatal: Need to specify how to reconcile divergent branches.
2026-09-23 16:11 ⚠️ pull failed (conflict?) — skipping push, needs manual fix
From https://github.com/Wibwubcar/Wibwub-Dashboard
 * branch            main       -> FETCH_HEAD
From https://github.com/Wibwubcar/Wibwub-Dashboard
 * branch            main       -> FETCH_HEAD
hint: You have divergent branches and need to specify how to reconcile them.
hint: You can do so by running one of the following commands sometime before
hint: your next pull:
hint:
hint:   git config pull.rebase false  # merge
hint:   git config pull.rebase true   # rebase
hint:   git config pull.ff only       # fast-forward only
hint:
hint: You can replace "git config" with "git config --global" to set a default
hint: preference for all repositories. You can also pass --rebase, --no-rebase,
hint: or --ff-only on the command line to override the configured default per
hint: invocation.
fatal: Need to specify how to reconcile divergent branches.
2026-09-23 16:16 ⚠️ pull failed (conflict?) — skipping push, needs manual fix
From https://github.com/Wibwubcar/Wibwub-Dashboard
 * branch            main       -> FETCH_HEAD
From https://github.com/Wibwubcar/Wibwub-Dashboard
 * branch            main       -> FETCH_HEAD
hint: You have divergent branches and need to specify how to reconcile them.
hint: You can do so by running one of the following commands sometime before
hint: your next pull:
hint:
hint:   git config pull.rebase false  # merge
hint:   git config pull.rebase true   # rebase
hint:   git config pull.ff only       # fast-forward only
hint:
hint: You can replace "git config" with "git config --global" to set a default
hint: preference for all repositories. You can also pass --rebase, --no-rebase,
hint: or --ff-only on the command line to override the configured default per
hint: invocation.
fatal: Need to specify how to reconcile divergent branches.
2026-09-23 16:21 ⚠️ pull failed (conflict?) — skipping push, needs manual fix
From https://github.com/Wibwubcar/Wibwub-Dashboard
 * branch            main       -> FETCH_HEAD
From https://github.com/Wibwubcar/Wibwub-Dashboard
 * branch            main       -> FETCH_HEAD
hint: You have divergent branches and need to specify how to reconcile them.
hint: You can do so by running one of the following commands sometime before
hint: your next pull:
hint:
hint:   git config pull.rebase false  # merge
hint:   git config pull.rebase true   # rebase
hint:   git config pull.ff only       # fast-forward only
hint:
hint: You can replace "git config" with "git config --global" to set a default
hint: preference for all repositories. You can also pass --rebase, --no-rebase,
hint: or --ff-only on the command line to override the configured default per
hint: invocation.
fatal: Need to specify how to reconcile divergent branches.
2026-09-23 16:26 ⚠️ pull failed (conflict?) — skipping push, needs manual fix
From https://github.com/Wibwubcar/Wibwub-Dashboard
 * branch            main       -> FETCH_HEAD
From https://github.com/Wibwubcar/Wibwub-Dashboard
 * branch            main       -> FETCH_HEAD
hint: You have divergent branches and need to specify how to reconcile them.
hint: You can do so by running one of the following commands sometime before
hint: your next pull:
hint:
hint:   git config pull.rebase false  # merge
hint:   git config pull.rebase true   # rebase
hint:   git config pull.ff only       # fast-forward only
hint:
hint: You can replace "git config" with "git config --global" to set a default
hint: preference for all repositories. You can also pass --rebase, --no-rebase,
hint: or --ff-only on the command line to override the configured default per
hint: invocation.
fatal: Need to specify how to reconcile divergent branches.
2026-09-23 16:31 ⚠️ pull failed (conflict?) — skipping push, needs manual fix
From https://github.com/Wibwubcar/Wibwub-Dashboard
 * branch            main       -> FETCH_HEAD
From https://github.com/Wibwubcar/Wibwub-Dashboard
 * branch            main       -> FETCH_HEAD
hint: You have divergent branches and need to specify how to reconcile them.
hint: You can do so by running one of the following commands sometime before
hint: your next pull:
hint:
hint:   git config pull.rebase false  # merge
hint:   git config pull.rebase true   # rebase
hint:   git config pull.ff only       # fast-forward only
hint:
hint: You can replace "git config" with "git config --global" to set a default
hint: preference for all repositories. You can also pass --rebase, --no-rebase,
hint: or --ff-only on the command line to override the configured default per
hint: invocation.
fatal: Need to specify how to reconcile divergent branches.
2026-09-23 16:36 ⚠️ pull failed (conflict?) — skipping push, needs manual fix
From https://github.com/Wibwubcar/Wibwub-Dashboard
 * branch            main       -> FETCH_HEAD
From https://github.com/Wibwubcar/Wibwub-Dashboard
 * branch            main       -> FETCH_HEAD
hint: You have divergent branches and need to specify how to reconcile them.
hint: You can do so by running one of the following commands sometime before
hint: your next pull:
hint:
hint:   git config pull.rebase false  # merge
hint:   git config pull.rebase true   # rebase
hint:   git config pull.ff only       # fast-forward only
hint:
hint: You can replace "git config" with "git config --global" to set a default
hint: preference for all repositories. You can also pass --rebase, --no-rebase,
hint: or --ff-only on the command line to override the configured default per
hint: invocation.
fatal: Need to specify how to reconcile divergent branches.
2026-09-23 16:41 ⚠️ pull failed (conflict?) — skipping push, needs manual fix
From https://github.com/Wibwubcar/Wibwub-Dashboard
 * branch            main       -> FETCH_HEAD
From https://github.com/Wibwubcar/Wibwub-Dashboard
 * branch            main       -> FETCH_HEAD
hint: You have divergent branches and need to specify how to reconcile them.
hint: You can do so by running one of the following commands sometime before
hint: your next pull:
hint:
hint:   git config pull.rebase false  # merge
hint:   git config pull.rebase true   # rebase
hint:   git config pull.ff only       # fast-forward only
hint:
hint: You can replace "git config" with "git config --global" to set a default
hint: preference for all repositories. You can also pass --rebase, --no-rebase,
hint: or --ff-only on the command line to override the configured default per
hint: invocation.
fatal: Need to specify how to reconcile divergent branches.
2026-09-23 16:46 ⚠️ pull failed (conflict?) — skipping push, needs manual fix
From https://github.com/Wibwubcar/Wibwub-Dashboard
 * branch            main       -> FETCH_HEAD
From https://github.com/Wibwubcar/Wibwub-Dashboard
 * branch            main       -> FETCH_HEAD
hint: You have divergent branches and need to specify how to reconcile them.
hint: You can do so by running one of the following commands sometime before
hint: your next pull:
hint:
hint:   git config pull.rebase false  # merge
hint:   git config pull.rebase true   # rebase
hint:   git config pull.ff only       # fast-forward only
hint:
hint: You can replace "git config" with "git config --global" to set a default
hint: preference for all repositories. You can also pass --rebase, --no-rebase,
hint: or --ff-only on the command line to override the configured default per
hint: invocation.
fatal: Need to specify how to reconcile divergent branches.
2026-09-23 16:51 ⚠️ pull failed (conflict?) — skipping push, needs manual fix
From https://github.com/Wibwubcar/Wibwub-Dashboard
 * branch            main       -> FETCH_HEAD
From https://github.com/Wibwubcar/Wibwub-Dashboard
 * branch            main       -> FETCH_HEAD
hint: You have divergent branches and need to specify how to reconcile them.
hint: You can do so by running one of the following commands sometime before
hint: your next pull:
hint:
hint:   git config pull.rebase false  # merge
hint:   git config pull.rebase true   # rebase
hint:   git config pull.ff only       # fast-forward only
hint:
hint: You can replace "git config" with "git config --global" to set a default
hint: preference for all repositories. You can also pass --rebase, --no-rebase,
hint: or --ff-only on the command line to override the configured default per
hint: invocation.
fatal: Need to specify how to reconcile divergent branches.
2026-09-23 16:56 ⚠️ pull failed (conflict?) — skipping push, needs manual fix
From https://github.com/Wibwubcar/Wibwub-Dashboard
 * branch            main       -> FETCH_HEAD
From https://github.com/Wibwubcar/Wibwub-Dashboard
 * branch            main       -> FETCH_HEAD
hint: You have divergent branches and need to specify how to reconcile them.
hint: You can do so by running one of the following commands sometime before
hint: your next pull:
hint:
hint:   git config pull.rebase false  # merge
hint:   git config pull.rebase true   # rebase
hint:   git config pull.ff only       # fast-forward only
hint:
hint: You can replace "git config" with "git config --global" to set a default
hint: preference for all repositories. You can also pass --rebase, --no-rebase,
hint: or --ff-only on the command line to override the configured default per
hint: invocation.
fatal: Need to specify how to reconcile divergent branches.
2026-09-23 17:01 ⚠️ pull failed (conflict?) — skipping push, needs manual fix
From https://github.com/Wibwubcar/Wibwub-Dashboard
 * branch            main       -> FETCH_HEAD
From https://github.com/Wibwubcar/Wibwub-Dashboard
 * branch            main       -> FETCH_HEAD
hint: You have divergent branches and need to specify how to reconcile them.
hint: You can do so by running one of the following commands sometime before
hint: your next pull:
hint:
hint:   git config pull.rebase false  # merge
hint:   git config pull.rebase true   # rebase
hint:   git config pull.ff only       # fast-forward only
hint:
hint: You can replace "git config" with "git config --global" to set a default
hint: preference for all repositories. You can also pass --rebase, --no-rebase,
hint: or --ff-only on the command line to override the configured default per
hint: invocation.
fatal: Need to specify how to reconcile divergent branches.
2026-09-23 17:06 ⚠️ pull failed (conflict?) — skipping push, needs manual fix
From https://github.com/Wibwubcar/Wibwub-Dashboard
 * branch            main       -> FETCH_HEAD
From https://github.com/Wibwubcar/Wibwub-Dashboard
 * branch            main       -> FETCH_HEAD
hint: You have divergent branches and need to specify how to reconcile them.
hint: You can do so by running one of the following commands sometime before
hint: your next pull:
hint:
hint:   git config pull.rebase false  # merge
hint:   git config pull.rebase true   # rebase
hint:   git config pull.ff only       # fast-forward only
hint:
hint: You can replace "git config" with "git config --global" to set a default
hint: preference for all repositories. You can also pass --rebase, --no-rebase,
hint: or --ff-only on the command line to override the configured default per
hint: invocation.
fatal: Need to specify how to reconcile divergent branches.
2026-09-23 17:11 ⚠️ pull failed (conflict?) — skipping push, needs manual fix
From https://github.com/Wibwubcar/Wibwub-Dashboard
 * branch            main       -> FETCH_HEAD
From https://github.com/Wibwubcar/Wibwub-Dashboard
 * branch            main       -> FETCH_HEAD
hint: You have divergent branches and need to specify how to reconcile them.
hint: You can do so by running one of the following commands sometime before
hint: your next pull:
hint:
hint:   git config pull.rebase false  # merge
hint:   git config pull.rebase true   # rebase
hint:   git config pull.ff only       # fast-forward only
hint:
hint: You can replace "git config" with "git config --global" to set a default
hint: preference for all repositories. You can also pass --rebase, --no-rebase,
hint: or --ff-only on the command line to override the configured default per
hint: invocation.
fatal: Need to specify how to reconcile divergent branches.
2026-09-23 17:16 ⚠️ pull failed (conflict?) — skipping push, needs manual fix
From https://github.com/Wibwubcar/Wibwub-Dashboard
 * branch            main       -> FETCH_HEAD
From https://github.com/Wibwubcar/Wibwub-Dashboard
 * branch            main       -> FETCH_HEAD
hint: You have divergent branches and need to specify how to reconcile them.
hint: You can do so by running one of the following commands sometime before
hint: your next pull:
hint:
hint:   git config pull.rebase false  # merge
hint:   git config pull.rebase true   # rebase
hint:   git config pull.ff only       # fast-forward only
hint:
hint: You can replace "git config" with "git config --global" to set a default
hint: preference for all repositories. You can also pass --rebase, --no-rebase,
hint: or --ff-only on the command line to override the configured default per
hint: invocation.
fatal: Need to specify how to reconcile divergent branches.
2026-09-23 17:21 ⚠️ pull failed (conflict?) — skipping push, needs manual fix
From https://github.com/Wibwubcar/Wibwub-Dashboard
 * branch            main       -> FETCH_HEAD
From https://github.com/Wibwubcar/Wibwub-Dashboard
 * branch            main       -> FETCH_HEAD
hint: You have divergent branches and need to specify how to reconcile them.
hint: You can do so by running one of the following commands sometime before
hint: your next pull:
hint:
hint:   git config pull.rebase false  # merge
hint:   git config pull.rebase true   # rebase
hint:   git config pull.ff only       # fast-forward only
hint:
hint: You can replace "git config" with "git config --global" to set a default
hint: preference for all repositories. You can also pass --rebase, --no-rebase,
hint: or --ff-only on the command line to override the configured default per
hint: invocation.
fatal: Need to specify how to reconcile divergent branches.
2026-09-23 17:26 ⚠️ pull failed (conflict?) — skipping push, needs manual fix
From https://github.com/Wibwubcar/Wibwub-Dashboard
 * branch            main       -> FETCH_HEAD
From https://github.com/Wibwubcar/Wibwub-Dashboard
 * branch            main       -> FETCH_HEAD
hint: You have divergent branches and need to specify how to reconcile them.
hint: You can do so by running one of the following commands sometime before
hint: your next pull:
hint:
hint:   git config pull.rebase false  # merge
hint:   git config pull.rebase true   # rebase
hint:   git config pull.ff only       # fast-forward only
hint:
hint: You can replace "git config" with "git config --global" to set a default
hint: preference for all repositories. You can also pass --rebase, --no-rebase,
hint: or --ff-only on the command line to override the configured default per
hint: invocation.
fatal: Need to specify how to reconcile divergent branches.
2026-09-23 17:31 ⚠️ pull failed (conflict?) — skipping push, needs manual fix
From https://github.com/Wibwubcar/Wibwub-Dashboard
 * branch            main       -> FETCH_HEAD
From https://github.com/Wibwubcar/Wibwub-Dashboard
 * branch            main       -> FETCH_HEAD
hint: You have divergent branches and need to specify how to reconcile them.
hint: You can do so by running one of the following commands sometime before
hint: your next pull:
hint:
hint:   git config pull.rebase false  # merge
hint:   git config pull.rebase true   # rebase
hint:   git config pull.ff only       # fast-forward only
hint:
hint: You can replace "git config" with "git config --global" to set a default
hint: preference for all repositories. You can also pass --rebase, --no-rebase,
hint: or --ff-only on the command line to override the configured default per
hint: invocation.
fatal: Need to specify how to reconcile divergent branches.
2026-09-23 17:36 ⚠️ pull failed (conflict?) — skipping push, needs manual fix
From https://github.com/Wibwubcar/Wibwub-Dashboard
 * branch            main       -> FETCH_HEAD
From https://github.com/Wibwubcar/Wibwub-Dashboard
 * branch            main       -> FETCH_HEAD
hint: You have divergent branches and need to specify how to reconcile them.
hint: You can do so by running one of the following commands sometime before
hint: your next pull:
hint:
hint:   git config pull.rebase false  # merge
hint:   git config pull.rebase true   # rebase
hint:   git config pull.ff only       # fast-forward only
hint:
hint: You can replace "git config" with "git config --global" to set a default
hint: preference for all repositories. You can also pass --rebase, --no-rebase,
hint: or --ff-only on the command line to override the configured default per
hint: invocation.
fatal: Need to specify how to reconcile divergent branches.
2026-09-23 17:42 ⚠️ pull failed (conflict?) — skipping push, needs manual fix
From https://github.com/Wibwubcar/Wibwub-Dashboard
 * branch            main       -> FETCH_HEAD
From https://github.com/Wibwubcar/Wibwub-Dashboard
 * branch            main       -> FETCH_HEAD
hint: You have divergent branches and need to specify how to reconcile them.
hint: You can do so by running one of the following commands sometime before
hint: your next pull:
hint:
hint:   git config pull.rebase false  # merge
hint:   git config pull.rebase true   # rebase
hint:   git config pull.ff only       # fast-forward only
hint:
hint: You can replace "git config" with "git config --global" to set a default
hint: preference for all repositories. You can also pass --rebase, --no-rebase,
hint: or --ff-only on the command line to override the configured default per
hint: invocation.
fatal: Need to specify how to reconcile divergent branches.
2026-09-23 17:47 ⚠️ pull failed (conflict?) — skipping push, needs manual fix
From https://github.com/Wibwubcar/Wibwub-Dashboard
 * branch            main       -> FETCH_HEAD
From https://github.com/Wibwubcar/Wibwub-Dashboard
 * branch            main       -> FETCH_HEAD
hint: You have divergent branches and need to specify how to reconcile them.
hint: You can do so by running one of the following commands sometime before
hint: your next pull:
hint:
hint:   git config pull.rebase false  # merge
hint:   git config pull.rebase true   # rebase
hint:   git config pull.ff only       # fast-forward only
hint:
hint: You can replace "git config" with "git config --global" to set a default
hint: preference for all repositories. You can also pass --rebase, --no-rebase,
hint: or --ff-only on the command line to override the configured default per
hint: invocation.
fatal: Need to specify how to reconcile divergent branches.
2026-09-23 17:52 ⚠️ pull failed (conflict?) — skipping push, needs manual fix
From https://github.com/Wibwubcar/Wibwub-Dashboard
 * branch            main       -> FETCH_HEAD
From https://github.com/Wibwubcar/Wibwub-Dashboard
 * branch            main       -> FETCH_HEAD
hint: You have divergent branches and need to specify how to reconcile them.
hint: You can do so by running one of the following commands sometime before
hint: your next pull:
hint:
hint:   git config pull.rebase false  # merge
hint:   git config pull.rebase true   # rebase
hint:   git config pull.ff only       # fast-forward only
hint:
hint: You can replace "git config" with "git config --global" to set a default
hint: preference for all repositories. You can also pass --rebase, --no-rebase,
hint: or --ff-only on the command line to override the configured default per
hint: invocation.
fatal: Need to specify how to reconcile divergent branches.
2026-09-23 17:57 ⚠️ pull failed (conflict?) — skipping push, needs manual fix
From https://github.com/Wibwubcar/Wibwub-Dashboard
 * branch            main       -> FETCH_HEAD
From https://github.com/Wibwubcar/Wibwub-Dashboard
 * branch            main       -> FETCH_HEAD
hint: You have divergent branches and need to specify how to reconcile them.
hint: You can do so by running one of the following commands sometime before
hint: your next pull:
hint:
hint:   git config pull.rebase false  # merge
hint:   git config pull.rebase true   # rebase
hint:   git config pull.ff only       # fast-forward only
hint:
hint: You can replace "git config" with "git config --global" to set a default
hint: preference for all repositories. You can also pass --rebase, --no-rebase,
hint: or --ff-only on the command line to override the configured default per
hint: invocation.
fatal: Need to specify how to reconcile divergent branches.
2026-09-23 18:02 ⚠️ pull failed (conflict?) — skipping push, needs manual fix
From https://github.com/Wibwubcar/Wibwub-Dashboard
 * branch            main       -> FETCH_HEAD
From https://github.com/Wibwubcar/Wibwub-Dashboard
 * branch            main       -> FETCH_HEAD
hint: You have divergent branches and need to specify how to reconcile them.
hint: You can do so by running one of the following commands sometime before
hint: your next pull:
hint:
hint:   git config pull.rebase false  # merge
hint:   git config pull.rebase true   # rebase
hint:   git config pull.ff only       # fast-forward only
hint:
hint: You can replace "git config" with "git config --global" to set a default
hint: preference for all repositories. You can also pass --rebase, --no-rebase,
hint: or --ff-only on the command line to override the configured default per
hint: invocation.
fatal: Need to specify how to reconcile divergent branches.
2026-09-23 18:07 ⚠️ pull failed (conflict?) — skipping push, needs manual fix
From https://github.com/Wibwubcar/Wibwub-Dashboard
 * branch            main       -> FETCH_HEAD
From https://github.com/Wibwubcar/Wibwub-Dashboard
 * branch            main       -> FETCH_HEAD
hint: You have divergent branches and need to specify how to reconcile them.
hint: You can do so by running one of the following commands sometime before
hint: your next pull:
hint:
hint:   git config pull.rebase false  # merge
hint:   git config pull.rebase true   # rebase
hint:   git config pull.ff only       # fast-forward only
hint:
hint: You can replace "git config" with "git config --global" to set a default
hint: preference for all repositories. You can also pass --rebase, --no-rebase,
hint: or --ff-only on the command line to override the configured default per
hint: invocation.
fatal: Need to specify how to reconcile divergent branches.
2026-09-23 18:12 ⚠️ pull failed (conflict?) — skipping push, needs manual fix
From https://github.com/Wibwubcar/Wibwub-Dashboard
 * branch            main       -> FETCH_HEAD
From https://github.com/Wibwubcar/Wibwub-Dashboard
 * branch            main       -> FETCH_HEAD
hint: You have divergent branches and need to specify how to reconcile them.
hint: You can do so by running one of the following commands sometime before
hint: your next pull:
hint:
hint:   git config pull.rebase false  # merge
hint:   git config pull.rebase true   # rebase
hint:   git config pull.ff only       # fast-forward only
hint:
hint: You can replace "git config" with "git config --global" to set a default
hint: preference for all repositories. You can also pass --rebase, --no-rebase,
hint: or --ff-only on the command line to override the configured default per
hint: invocation.
fatal: Need to specify how to reconcile divergent branches.
2026-09-23 18:17 ⚠️ pull failed (conflict?) — skipping push, needs manual fix
From https://github.com/Wibwubcar/Wibwub-Dashboard
 * branch            main       -> FETCH_HEAD
From https://github.com/Wibwubcar/Wibwub-Dashboard
 * branch            main       -> FETCH_HEAD
hint: You have divergent branches and need to specify how to reconcile them.
hint: You can do so by running one of the following commands sometime before
hint: your next pull:
hint:
hint:   git config pull.rebase false  # merge
hint:   git config pull.rebase true   # rebase
hint:   git config pull.ff only       # fast-forward only
hint:
hint: You can replace "git config" with "git config --global" to set a default
hint: preference for all repositories. You can also pass --rebase, --no-rebase,
hint: or --ff-only on the command line to override the configured default per
hint: invocation.
fatal: Need to specify how to reconcile divergent branches.
2026-09-23 18:22 ⚠️ pull failed (conflict?) — skipping push, needs manual fix
From https://github.com/Wibwubcar/Wibwub-Dashboard
 * branch            main       -> FETCH_HEAD
From https://github.com/Wibwubcar/Wibwub-Dashboard
 * branch            main       -> FETCH_HEAD
hint: You have divergent branches and need to specify how to reconcile them.
hint: You can do so by running one of the following commands sometime before
hint: your next pull:
hint:
hint:   git config pull.rebase false  # merge
hint:   git config pull.rebase true   # rebase
hint:   git config pull.ff only       # fast-forward only
hint:
hint: You can replace "git config" with "git config --global" to set a default
hint: preference for all repositories. You can also pass --rebase, --no-rebase,
hint: or --ff-only on the command line to override the configured default per
hint: invocation.
fatal: Need to specify how to reconcile divergent branches.
2026-09-23 18:27 ⚠️ pull failed (conflict?) — skipping push, needs manual fix
From https://github.com/Wibwubcar/Wibwub-Dashboard
 * branch            main       -> FETCH_HEAD
From https://github.com/Wibwubcar/Wibwub-Dashboard
 * branch            main       -> FETCH_HEAD
hint: You have divergent branches and need to specify how to reconcile them.
hint: You can do so by running one of the following commands sometime before
hint: your next pull:
hint:
hint:   git config pull.rebase false  # merge
hint:   git config pull.rebase true   # rebase
hint:   git config pull.ff only       # fast-forward only
hint:
hint: You can replace "git config" with "git config --global" to set a default
hint: preference for all repositories. You can also pass --rebase, --no-rebase,
hint: or --ff-only on the command line to override the configured default per
hint: invocation.
fatal: Need to specify how to reconcile divergent branches.
2026-09-23 18:32 ⚠️ pull failed (conflict?) — skipping push, needs manual fix
From https://github.com/Wibwubcar/Wibwub-Dashboard
 * branch            main       -> FETCH_HEAD
From https://github.com/Wibwubcar/Wibwub-Dashboard
 * branch            main       -> FETCH_HEAD
hint: You have divergent branches and need to specify how to reconcile them.
hint: You can do so by running one of the following commands sometime before
hint: your next pull:
hint:
hint:   git config pull.rebase false  # merge
hint:   git config pull.rebase true   # rebase
hint:   git config pull.ff only       # fast-forward only
hint:
hint: You can replace "git config" with "git config --global" to set a default
hint: preference for all repositories. You can also pass --rebase, --no-rebase,
hint: or --ff-only on the command line to override the configured default per
hint: invocation.
fatal: Need to specify how to reconcile divergent branches.
2026-09-23 18:37 ⚠️ pull failed (conflict?) — skipping push, needs manual fix
From https://github.com/Wibwubcar/Wibwub-Dashboard
 * branch            main       -> FETCH_HEAD
From https://github.com/Wibwubcar/Wibwub-Dashboard
 * branch            main       -> FETCH_HEAD
hint: You have divergent branches and need to specify how to reconcile them.
hint: You can do so by running one of the following commands sometime before
hint: your next pull:
hint:
hint:   git config pull.rebase false  # merge
hint:   git config pull.rebase true   # rebase
hint:   git config pull.ff only       # fast-forward only
hint:
hint: You can replace "git config" with "git config --global" to set a default
hint: preference for all repositories. You can also pass --rebase, --no-rebase,
hint: or --ff-only on the command line to override the configured default per
hint: invocation.
fatal: Need to specify how to reconcile divergent branches.
2026-09-23 18:42 ⚠️ pull failed (conflict?) — skipping push, needs manual fix
From https://github.com/Wibwubcar/Wibwub-Dashboard
 * branch            main       -> FETCH_HEAD
From https://github.com/Wibwubcar/Wibwub-Dashboard
 * branch            main       -> FETCH_HEAD
hint: You have divergent branches and need to specify how to reconcile them.
hint: You can do so by running one of the following commands sometime before
hint: your next pull:
hint:
hint:   git config pull.rebase false  # merge
hint:   git config pull.rebase true   # rebase
hint:   git config pull.ff only       # fast-forward only
hint:
hint: You can replace "git config" with "git config --global" to set a default
hint: preference for all repositories. You can also pass --rebase, --no-rebase,
hint: or --ff-only on the command line to override the configured default per
hint: invocation.
fatal: Need to specify how to reconcile divergent branches.
2026-09-23 18:47 ⚠️ pull failed (conflict?) — skipping push, needs manual fix
From https://github.com/Wibwubcar/Wibwub-Dashboard
 * branch            main       -> FETCH_HEAD
From https://github.com/Wibwubcar/Wibwub-Dashboard
 * branch            main       -> FETCH_HEAD
hint: You have divergent branches and need to specify how to reconcile them.
hint: You can do so by running one of the following commands sometime before
hint: your next pull:
hint:
hint:   git config pull.rebase false  # merge
hint:   git config pull.rebase true   # rebase
hint:   git config pull.ff only       # fast-forward only
hint:
hint: You can replace "git config" with "git config --global" to set a default
hint: preference for all repositories. You can also pass --rebase, --no-rebase,
hint: or --ff-only on the command line to override the configured default per
hint: invocation.
fatal: Need to specify how to reconcile divergent branches.
2026-09-23 18:52 ⚠️ pull failed (conflict?) — skipping push, needs manual fix
From https://github.com/Wibwubcar/Wibwub-Dashboard
 * branch            main       -> FETCH_HEAD
From https://github.com/Wibwubcar/Wibwub-Dashboard
 * branch            main       -> FETCH_HEAD
hint: You have divergent branches and need to specify how to reconcile them.
hint: You can do so by running one of the following commands sometime before
hint: your next pull:
hint:
hint:   git config pull.rebase false  # merge
hint:   git config pull.rebase true   # rebase
hint:   git config pull.ff only       # fast-forward only
hint:
hint: You can replace "git config" with "git config --global" to set a default
hint: preference for all repositories. You can also pass --rebase, --no-rebase,
hint: or --ff-only on the command line to override the configured default per
hint: invocation.
fatal: Need to specify how to reconcile divergent branches.
2026-09-23 18:57 ⚠️ pull failed (conflict?) — skipping push, needs manual fix
From https://github.com/Wibwubcar/Wibwub-Dashboard
 * branch            main       -> FETCH_HEAD
From https://github.com/Wibwubcar/Wibwub-Dashboard
 * branch            main       -> FETCH_HEAD
hint: You have divergent branches and need to specify how to reconcile them.
hint: You can do so by running one of the following commands sometime before
hint: your next pull:
hint:
hint:   git config pull.rebase false  # merge
hint:   git config pull.rebase true   # rebase
hint:   git config pull.ff only       # fast-forward only
hint:
hint: You can replace "git config" with "git config --global" to set a default
hint: preference for all repositories. You can also pass --rebase, --no-rebase,
hint: or --ff-only on the command line to override the configured default per
hint: invocation.
fatal: Need to specify how to reconcile divergent branches.
2026-09-23 19:02 ⚠️ pull failed (conflict?) — skipping push, needs manual fix
From https://github.com/Wibwubcar/Wibwub-Dashboard
 * branch            main       -> FETCH_HEAD
From https://github.com/Wibwubcar/Wibwub-Dashboard
 * branch            main       -> FETCH_HEAD
hint: You have divergent branches and need to specify how to reconcile them.
hint: You can do so by running one of the following commands sometime before
hint: your next pull:
hint:
hint:   git config pull.rebase false  # merge
hint:   git config pull.rebase true   # rebase
hint:   git config pull.ff only       # fast-forward only
hint:
hint: You can replace "git config" with "git config --global" to set a default
hint: preference for all repositories. You can also pass --rebase, --no-rebase,
hint: or --ff-only on the command line to override the configured default per
hint: invocation.
fatal: Need to specify how to reconcile divergent branches.
2026-09-23 19:07 ⚠️ pull failed (conflict?) — skipping push, needs manual fix
From https://github.com/Wibwubcar/Wibwub-Dashboard
 * branch            main       -> FETCH_HEAD
From https://github.com/Wibwubcar/Wibwub-Dashboard
 * branch            main       -> FETCH_HEAD
hint: You have divergent branches and need to specify how to reconcile them.
hint: You can do so by running one of the following commands sometime before
hint: your next pull:
hint:
hint:   git config pull.rebase false  # merge
hint:   git config pull.rebase true   # rebase
hint:   git config pull.ff only       # fast-forward only
hint:
hint: You can replace "git config" with "git config --global" to set a default
hint: preference for all repositories. You can also pass --rebase, --no-rebase,
hint: or --ff-only on the command line to override the configured default per
hint: invocation.
fatal: Need to specify how to reconcile divergent branches.
2026-09-23 19:12 ⚠️ pull failed (conflict?) — skipping push, needs manual fix
From https://github.com/Wibwubcar/Wibwub-Dashboard
 * branch            main       -> FETCH_HEAD
From https://github.com/Wibwubcar/Wibwub-Dashboard
 * branch            main       -> FETCH_HEAD
hint: You have divergent branches and need to specify how to reconcile them.
hint: You can do so by running one of the following commands sometime before
hint: your next pull:
hint:
hint:   git config pull.rebase false  # merge
hint:   git config pull.rebase true   # rebase
hint:   git config pull.ff only       # fast-forward only
hint:
hint: You can replace "git config" with "git config --global" to set a default
hint: preference for all repositories. You can also pass --rebase, --no-rebase,
hint: or --ff-only on the command line to override the configured default per
hint: invocation.
fatal: Need to specify how to reconcile divergent branches.
2026-09-23 19:17 ⚠️ pull failed (conflict?) — skipping push, needs manual fix
From https://github.com/Wibwubcar/Wibwub-Dashboard
 * branch            main       -> FETCH_HEAD
From https://github.com/Wibwubcar/Wibwub-Dashboard
 * branch            main       -> FETCH_HEAD
hint: You have divergent branches and need to specify how to reconcile them.
hint: You can do so by running one of the following commands sometime before
hint: your next pull:
hint:
hint:   git config pull.rebase false  # merge
hint:   git config pull.rebase true   # rebase
hint:   git config pull.ff only       # fast-forward only
hint:
hint: You can replace "git config" with "git config --global" to set a default
hint: preference for all repositories. You can also pass --rebase, --no-rebase,
hint: or --ff-only on the command line to override the configured default per
hint: invocation.
fatal: Need to specify how to reconcile divergent branches.
2026-09-23 19:22 ⚠️ pull failed (conflict?) — skipping push, needs manual fix
From https://github.com/Wibwubcar/Wibwub-Dashboard
 * branch            main       -> FETCH_HEAD
From https://github.com/Wibwubcar/Wibwub-Dashboard
 * branch            main       -> FETCH_HEAD
hint: You have divergent branches and need to specify how to reconcile them.
hint: You can do so by running one of the following commands sometime before
hint: your next pull:
hint:
hint:   git config pull.rebase false  # merge
hint:   git config pull.rebase true   # rebase
hint:   git config pull.ff only       # fast-forward only
hint:
hint: You can replace "git config" with "git config --global" to set a default
hint: preference for all repositories. You can also pass --rebase, --no-rebase,
hint: or --ff-only on the command line to override the configured default per
hint: invocation.
fatal: Need to specify how to reconcile divergent branches.
2026-09-23 19:27 ⚠️ pull failed (conflict?) — skipping push, needs manual fix
From https://github.com/Wibwubcar/Wibwub-Dashboard
 * branch            main       -> FETCH_HEAD
From https://github.com/Wibwubcar/Wibwub-Dashboard
 * branch            main       -> FETCH_HEAD
hint: You have divergent branches and need to specify how to reconcile them.
hint: You can do so by running one of the following commands sometime before
hint: your next pull:
hint:
hint:   git config pull.rebase false  # merge
hint:   git config pull.rebase true   # rebase
hint:   git config pull.ff only       # fast-forward only
hint:
hint: You can replace "git config" with "git config --global" to set a default
hint: preference for all repositories. You can also pass --rebase, --no-rebase,
hint: or --ff-only on the command line to override the configured default per
hint: invocation.
fatal: Need to specify how to reconcile divergent branches.
2026-09-23 19:32 ⚠️ pull failed (conflict?) — skipping push, needs manual fix
From https://github.com/Wibwubcar/Wibwub-Dashboard
 * branch            main       -> FETCH_HEAD
From https://github.com/Wibwubcar/Wibwub-Dashboard
 * branch            main       -> FETCH_HEAD
hint: You have divergent branches and need to specify how to reconcile them.
hint: You can do so by running one of the following commands sometime before
hint: your next pull:
hint:
hint:   git config pull.rebase false  # merge
hint:   git config pull.rebase true   # rebase
hint:   git config pull.ff only       # fast-forward only
hint:
hint: You can replace "git config" with "git config --global" to set a default
hint: preference for all repositories. You can also pass --rebase, --no-rebase,
hint: or --ff-only on the command line to override the configured default per
hint: invocation.
fatal: Need to specify how to reconcile divergent branches.
2026-09-23 19:37 ⚠️ pull failed (conflict?) — skipping push, needs manual fix
From https://github.com/Wibwubcar/Wibwub-Dashboard
 * branch            main       -> FETCH_HEAD
From https://github.com/Wibwubcar/Wibwub-Dashboard
 * branch            main       -> FETCH_HEAD
hint: You have divergent branches and need to specify how to reconcile them.
hint: You can do so by running one of the following commands sometime before
hint: your next pull:
hint:
hint:   git config pull.rebase false  # merge
hint:   git config pull.rebase true   # rebase
hint:   git config pull.ff only       # fast-forward only
hint:
hint: You can replace "git config" with "git config --global" to set a default
hint: preference for all repositories. You can also pass --rebase, --no-rebase,
hint: or --ff-only on the command line to override the configured default per
hint: invocation.
fatal: Need to specify how to reconcile divergent branches.
2026-09-23 19:42 ⚠️ pull failed (conflict?) — skipping push, needs manual fix
From https://github.com/Wibwubcar/Wibwub-Dashboard
 * branch            main       -> FETCH_HEAD
From https://github.com/Wibwubcar/Wibwub-Dashboard
 * branch            main       -> FETCH_HEAD
hint: You have divergent branches and need to specify how to reconcile them.
hint: You can do so by running one of the following commands sometime before
hint: your next pull:
hint:
hint:   git config pull.rebase false  # merge
hint:   git config pull.rebase true   # rebase
hint:   git config pull.ff only       # fast-forward only
hint:
hint: You can replace "git config" with "git config --global" to set a default
hint: preference for all repositories. You can also pass --rebase, --no-rebase,
hint: or --ff-only on the command line to override the configured default per
hint: invocation.
fatal: Need to specify how to reconcile divergent branches.
2026-09-23 19:48 ⚠️ pull failed (conflict?) — skipping push, needs manual fix
From https://github.com/Wibwubcar/Wibwub-Dashboard
 * branch            main       -> FETCH_HEAD
From https://github.com/Wibwubcar/Wibwub-Dashboard
 * branch            main       -> FETCH_HEAD
hint: You have divergent branches and need to specify how to reconcile them.
hint: You can do so by running one of the following commands sometime before
hint: your next pull:
hint:
hint:   git config pull.rebase false  # merge
hint:   git config pull.rebase true   # rebase
hint:   git config pull.ff only       # fast-forward only
hint:
hint: You can replace "git config" with "git config --global" to set a default
hint: preference for all repositories. You can also pass --rebase, --no-rebase,
hint: or --ff-only on the command line to override the configured default per
hint: invocation.
fatal: Need to specify how to reconcile divergent branches.
2026-09-23 19:53 ⚠️ pull failed (conflict?) — skipping push, needs manual fix
From https://github.com/Wibwubcar/Wibwub-Dashboard
 * branch            main       -> FETCH_HEAD
From https://github.com/Wibwubcar/Wibwub-Dashboard
 * branch            main       -> FETCH_HEAD
hint: You have divergent branches and need to specify how to reconcile them.
hint: You can do so by running one of the following commands sometime before
hint: your next pull:
hint:
hint:   git config pull.rebase false  # merge
hint:   git config pull.rebase true   # rebase
hint:   git config pull.ff only       # fast-forward only
hint:
hint: You can replace "git config" with "git config --global" to set a default
hint: preference for all repositories. You can also pass --rebase, --no-rebase,
hint: or --ff-only on the command line to override the configured default per
hint: invocation.
fatal: Need to specify how to reconcile divergent branches.
2026-09-23 19:58 ⚠️ pull failed (conflict?) — skipping push, needs manual fix
From https://github.com/Wibwubcar/Wibwub-Dashboard
 * branch            main       -> FETCH_HEAD
From https://github.com/Wibwubcar/Wibwub-Dashboard
 * branch            main       -> FETCH_HEAD
hint: You have divergent branches and need to specify how to reconcile them.
hint: You can do so by running one of the following commands sometime before
hint: your next pull:
hint:
hint:   git config pull.rebase false  # merge
hint:   git config pull.rebase true   # rebase
hint:   git config pull.ff only       # fast-forward only
hint:
hint: You can replace "git config" with "git config --global" to set a default
hint: preference for all repositories. You can also pass --rebase, --no-rebase,
hint: or --ff-only on the command line to override the configured default per
hint: invocation.
fatal: Need to specify how to reconcile divergent branches.
2026-09-23 20:03 ⚠️ pull failed (conflict?) — skipping push, needs manual fix
From https://github.com/Wibwubcar/Wibwub-Dashboard
 * branch            main       -> FETCH_HEAD
From https://github.com/Wibwubcar/Wibwub-Dashboard
 * branch            main       -> FETCH_HEAD
hint: You have divergent branches and need to specify how to reconcile them.
hint: You can do so by running one of the following commands sometime before
hint: your next pull:
hint:
hint:   git config pull.rebase false  # merge
hint:   git config pull.rebase true   # rebase
hint:   git config pull.ff only       # fast-forward only
hint:
hint: You can replace "git config" with "git config --global" to set a default
hint: preference for all repositories. You can also pass --rebase, --no-rebase,
hint: or --ff-only on the command line to override the configured default per
hint: invocation.
fatal: Need to specify how to reconcile divergent branches.
2026-09-23 20:08 ⚠️ pull failed (conflict?) — skipping push, needs manual fix
From https://github.com/Wibwubcar/Wibwub-Dashboard
 * branch            main       -> FETCH_HEAD
From https://github.com/Wibwubcar/Wibwub-Dashboard
 * branch            main       -> FETCH_HEAD
hint: You have divergent branches and need to specify how to reconcile them.
hint: You can do so by running one of the following commands sometime before
hint: your next pull:
hint:
hint:   git config pull.rebase false  # merge
hint:   git config pull.rebase true   # rebase
hint:   git config pull.ff only       # fast-forward only
hint:
hint: You can replace "git config" with "git config --global" to set a default
hint: preference for all repositories. You can also pass --rebase, --no-rebase,
hint: or --ff-only on the command line to override the configured default per
hint: invocation.
fatal: Need to specify how to reconcile divergent branches.
2026-09-23 20:13 ⚠️ pull failed (conflict?) — skipping push, needs manual fix
From https://github.com/Wibwubcar/Wibwub-Dashboard
 * branch            main       -> FETCH_HEAD
From https://github.com/Wibwubcar/Wibwub-Dashboard
 * branch            main       -> FETCH_HEAD
hint: You have divergent branches and need to specify how to reconcile them.
hint: You can do so by running one of the following commands sometime before
hint: your next pull:
hint:
hint:   git config pull.rebase false  # merge
hint:   git config pull.rebase true   # rebase
hint:   git config pull.ff only       # fast-forward only
hint:
hint: You can replace "git config" with "git config --global" to set a default
hint: preference for all repositories. You can also pass --rebase, --no-rebase,
hint: or --ff-only on the command line to override the configured default per
hint: invocation.
fatal: Need to specify how to reconcile divergent branches.
2026-09-23 20:18 ⚠️ pull failed (conflict?) — skipping push, needs manual fix
From https://github.com/Wibwubcar/Wibwub-Dashboard
 * branch            main       -> FETCH_HEAD
From https://github.com/Wibwubcar/Wibwub-Dashboard
 * branch            main       -> FETCH_HEAD
hint: You have divergent branches and need to specify how to reconcile them.
hint: You can do so by running one of the following commands sometime before
hint: your next pull:
hint:
hint:   git config pull.rebase false  # merge
hint:   git config pull.rebase true   # rebase
hint:   git config pull.ff only       # fast-forward only
hint:
hint: You can replace "git config" with "git config --global" to set a default
hint: preference for all repositories. You can also pass --rebase, --no-rebase,
hint: or --ff-only on the command line to override the configured default per
hint: invocation.
fatal: Need to specify how to reconcile divergent branches.
2026-09-23 20:23 ⚠️ pull failed (conflict?) — skipping push, needs manual fix
From https://github.com/Wibwubcar/Wibwub-Dashboard
 * branch            main       -> FETCH_HEAD
From https://github.com/Wibwubcar/Wibwub-Dashboard
 * branch            main       -> FETCH_HEAD
hint: You have divergent branches and need to specify how to reconcile them.
hint: You can do so by running one of the following commands sometime before
hint: your next pull:
hint:
hint:   git config pull.rebase false  # merge
hint:   git config pull.rebase true   # rebase
hint:   git config pull.ff only       # fast-forward only
hint:
hint: You can replace "git config" with "git config --global" to set a default
hint: preference for all repositories. You can also pass --rebase, --no-rebase,
hint: or --ff-only on the command line to override the configured default per
hint: invocation.
fatal: Need to specify how to reconcile divergent branches.
2026-09-23 20:28 ⚠️ pull failed (conflict?) — skipping push, needs manual fix
From https://github.com/Wibwubcar/Wibwub-Dashboard
 * branch            main       -> FETCH_HEAD
From https://github.com/Wibwubcar/Wibwub-Dashboard
 * branch            main       -> FETCH_HEAD
hint: You have divergent branches and need to specify how to reconcile them.
hint: You can do so by running one of the following commands sometime before
hint: your next pull:
hint:
hint:   git config pull.rebase false  # merge
hint:   git config pull.rebase true   # rebase
hint:   git config pull.ff only       # fast-forward only
hint:
hint: You can replace "git config" with "git config --global" to set a default
hint: preference for all repositories. You can also pass --rebase, --no-rebase,
hint: or --ff-only on the command line to override the configured default per
hint: invocation.
fatal: Need to specify how to reconcile divergent branches.
2026-09-23 20:33 ⚠️ pull failed (conflict?) — skipping push, needs manual fix
From https://github.com/Wibwubcar/Wibwub-Dashboard
 * branch            main       -> FETCH_HEAD
From https://github.com/Wibwubcar/Wibwub-Dashboard
 * branch            main       -> FETCH_HEAD
hint: You have divergent branches and need to specify how to reconcile them.
hint: You can do so by running one of the following commands sometime before
hint: your next pull:
hint:
hint:   git config pull.rebase false  # merge
hint:   git config pull.rebase true   # rebase
hint:   git config pull.ff only       # fast-forward only
hint:
hint: You can replace "git config" with "git config --global" to set a default
hint: preference for all repositories. You can also pass --rebase, --no-rebase,
hint: or --ff-only on the command line to override the configured default per
hint: invocation.
fatal: Need to specify how to reconcile divergent branches.
2026-09-23 20:38 ⚠️ pull failed (conflict?) — skipping push, needs manual fix
From https://github.com/Wibwubcar/Wibwub-Dashboard
 * branch            main       -> FETCH_HEAD
From https://github.com/Wibwubcar/Wibwub-Dashboard
 * branch            main       -> FETCH_HEAD
hint: You have divergent branches and need to specify how to reconcile them.
hint: You can do so by running one of the following commands sometime before
hint: your next pull:
hint:
hint:   git config pull.rebase false  # merge
hint:   git config pull.rebase true   # rebase
hint:   git config pull.ff only       # fast-forward only
hint:
hint: You can replace "git config" with "git config --global" to set a default
hint: preference for all repositories. You can also pass --rebase, --no-rebase,
hint: or --ff-only on the command line to override the configured default per
hint: invocation.
fatal: Need to specify how to reconcile divergent branches.
2026-09-23 20:43 ⚠️ pull failed (conflict?) — skipping push, needs manual fix
From https://github.com/Wibwubcar/Wibwub-Dashboard
 * branch            main       -> FETCH_HEAD
From https://github.com/Wibwubcar/Wibwub-Dashboard
 * branch            main       -> FETCH_HEAD
hint: You have divergent branches and need to specify how to reconcile them.
hint: You can do so by running one of the following commands sometime before
hint: your next pull:
hint:
hint:   git config pull.rebase false  # merge
hint:   git config pull.rebase true   # rebase
hint:   git config pull.ff only       # fast-forward only
hint:
hint: You can replace "git config" with "git config --global" to set a default
hint: preference for all repositories. You can also pass --rebase, --no-rebase,
hint: or --ff-only on the command line to override the configured default per
hint: invocation.
fatal: Need to specify how to reconcile divergent branches.
2026-09-23 20:48 ⚠️ pull failed (conflict?) — skipping push, needs manual fix
From https://github.com/Wibwubcar/Wibwub-Dashboard
 * branch            main       -> FETCH_HEAD
From https://github.com/Wibwubcar/Wibwub-Dashboard
 * branch            main       -> FETCH_HEAD
hint: You have divergent branches and need to specify how to reconcile them.
hint: You can do so by running one of the following commands sometime before
hint: your next pull:
hint:
hint:   git config pull.rebase false  # merge
hint:   git config pull.rebase true   # rebase
hint:   git config pull.ff only       # fast-forward only
hint:
hint: You can replace "git config" with "git config --global" to set a default
hint: preference for all repositories. You can also pass --rebase, --no-rebase,
hint: or --ff-only on the command line to override the configured default per
hint: invocation.
fatal: Need to specify how to reconcile divergent branches.
2026-09-23 20:53 ⚠️ pull failed (conflict?) — skipping push, needs manual fix
From https://github.com/Wibwubcar/Wibwub-Dashboard
 * branch            main       -> FETCH_HEAD
From https://github.com/Wibwubcar/Wibwub-Dashboard
 * branch            main       -> FETCH_HEAD
hint: You have divergent branches and need to specify how to reconcile them.
hint: You can do so by running one of the following commands sometime before
hint: your next pull:
hint:
hint:   git config pull.rebase false  # merge
hint:   git config pull.rebase true   # rebase
hint:   git config pull.ff only       # fast-forward only
hint:
hint: You can replace "git config" with "git config --global" to set a default
hint: preference for all repositories. You can also pass --rebase, --no-rebase,
hint: or --ff-only on the command line to override the configured default per
hint: invocation.
fatal: Need to specify how to reconcile divergent branches.
2026-09-23 20:58 ⚠️ pull failed (conflict?) — skipping push, needs manual fix
From https://github.com/Wibwubcar/Wibwub-Dashboard
 * branch            main       -> FETCH_HEAD
From https://github.com/Wibwubcar/Wibwub-Dashboard
 * branch            main       -> FETCH_HEAD
hint: You have divergent branches and need to specify how to reconcile them.
hint: You can do so by running one of the following commands sometime before
hint: your next pull:
hint:
hint:   git config pull.rebase false  # merge
hint:   git config pull.rebase true   # rebase
hint:   git config pull.ff only       # fast-forward only
hint:
hint: You can replace "git config" with "git config --global" to set a default
hint: preference for all repositories. You can also pass --rebase, --no-rebase,
hint: or --ff-only on the command line to override the configured default per
hint: invocation.
fatal: Need to specify how to reconcile divergent branches.
2026-09-23 21:30 ⚠️ pull failed (conflict?) — skipping push, needs manual fix
From https://github.com/Wibwubcar/Wibwub-Dashboard
 * branch            main       -> FETCH_HEAD
From https://github.com/Wibwubcar/Wibwub-Dashboard
 * branch            main       -> FETCH_HEAD
hint: You have divergent branches and need to specify how to reconcile them.
hint: You can do so by running one of the following commands sometime before
hint: your next pull:
hint:
hint:   git config pull.rebase false  # merge
hint:   git config pull.rebase true   # rebase
hint:   git config pull.ff only       # fast-forward only
hint:
hint: You can replace "git config" with "git config --global" to set a default
hint: preference for all repositories. You can also pass --rebase, --no-rebase,
hint: or --ff-only on the command line to override the configured default per
hint: invocation.
fatal: Need to specify how to reconcile divergent branches.
2026-09-23 21:35 ⚠️ pull failed (conflict?) — skipping push, needs manual fix
From https://github.com/Wibwubcar/Wibwub-Dashboard
 * branch            main       -> FETCH_HEAD
From https://github.com/Wibwubcar/Wibwub-Dashboard
 * branch            main       -> FETCH_HEAD
hint: You have divergent branches and need to specify how to reconcile them.
hint: You can do so by running one of the following commands sometime before
hint: your next pull:
hint:
hint:   git config pull.rebase false  # merge
hint:   git config pull.rebase true   # rebase
hint:   git config pull.ff only       # fast-forward only
hint:
hint: You can replace "git config" with "git config --global" to set a default
hint: preference for all repositories. You can also pass --rebase, --no-rebase,
hint: or --ff-only on the command line to override the configured default per
hint: invocation.
fatal: Need to specify how to reconcile divergent branches.
2026-09-23 21:40 ⚠️ pull failed (conflict?) — skipping push, needs manual fix
From https://github.com/Wibwubcar/Wibwub-Dashboard
 * branch            main       -> FETCH_HEAD
From https://github.com/Wibwubcar/Wibwub-Dashboard
 * branch            main       -> FETCH_HEAD
hint: You have divergent branches and need to specify how to reconcile them.
hint: You can do so by running one of the following commands sometime before
hint: your next pull:
hint:
hint:   git config pull.rebase false  # merge
hint:   git config pull.rebase true   # rebase
hint:   git config pull.ff only       # fast-forward only
hint:
hint: You can replace "git config" with "git config --global" to set a default
hint: preference for all repositories. You can also pass --rebase, --no-rebase,
hint: or --ff-only on the command line to override the configured default per
hint: invocation.
fatal: Need to specify how to reconcile divergent branches.
2026-09-23 21:45 ⚠️ pull failed (conflict?) — skipping push, needs manual fix
From https://github.com/Wibwubcar/Wibwub-Dashboard
 * branch            main       -> FETCH_HEAD
From https://github.com/Wibwubcar/Wibwub-Dashboard
 * branch            main       -> FETCH_HEAD
hint: You have divergent branches and need to specify how to reconcile them.
hint: You can do so by running one of the following commands sometime before
hint: your next pull:
hint:
hint:   git config pull.rebase false  # merge
hint:   git config pull.rebase true   # rebase
hint:   git config pull.ff only       # fast-forward only
hint:
hint: You can replace "git config" with "git config --global" to set a default
hint: preference for all repositories. You can also pass --rebase, --no-rebase,
hint: or --ff-only on the command line to override the configured default per
hint: invocation.
fatal: Need to specify how to reconcile divergent branches.
2026-09-23 21:53 ⚠️ pull failed (conflict?) — skipping push, needs manual fix
From https://github.com/Wibwubcar/Wibwub-Dashboard
 * branch            main       -> FETCH_HEAD
From https://github.com/Wibwubcar/Wibwub-Dashboard
 * branch            main       -> FETCH_HEAD
hint: You have divergent branches and need to specify how to reconcile them.
hint: You can do so by running one of the following commands sometime before
hint: your next pull:
hint:
hint:   git config pull.rebase false  # merge
hint:   git config pull.rebase true   # rebase
hint:   git config pull.ff only       # fast-forward only
hint:
hint: You can replace "git config" with "git config --global" to set a default
hint: preference for all repositories. You can also pass --rebase, --no-rebase,
hint: or --ff-only on the command line to override the configured default per
hint: invocation.
fatal: Need to specify how to reconcile divergent branches.
2026-09-23 21:58 ⚠️ pull failed (conflict?) — skipping push, needs manual fix
From https://github.com/Wibwubcar/Wibwub-Dashboard
 * branch            main       -> FETCH_HEAD
From https://github.com/Wibwubcar/Wibwub-Dashboard
 * branch            main       -> FETCH_HEAD
hint: You have divergent branches and need to specify how to reconcile them.
hint: You can do so by running one of the following commands sometime before
hint: your next pull:
hint:
hint:   git config pull.rebase false  # merge
hint:   git config pull.rebase true   # rebase
hint:   git config pull.ff only       # fast-forward only
hint:
hint: You can replace "git config" with "git config --global" to set a default
hint: preference for all repositories. You can also pass --rebase, --no-rebase,
hint: or --ff-only on the command line to override the configured default per
hint: invocation.
fatal: Need to specify how to reconcile divergent branches.
2026-09-23 22:03 ⚠️ pull failed (conflict?) — skipping push, needs manual fix
From https://github.com/Wibwubcar/Wibwub-Dashboard
 * branch            main       -> FETCH_HEAD
From https://github.com/Wibwubcar/Wibwub-Dashboard
 * branch            main       -> FETCH_HEAD
hint: You have divergent branches and need to specify how to reconcile them.
hint: You can do so by running one of the following commands sometime before
hint: your next pull:
hint:
hint:   git config pull.rebase false  # merge
hint:   git config pull.rebase true   # rebase
hint:   git config pull.ff only       # fast-forward only
hint:
hint: You can replace "git config" with "git config --global" to set a default
hint: preference for all repositories. You can also pass --rebase, --no-rebase,
hint: or --ff-only on the command line to override the configured default per
hint: invocation.
fatal: Need to specify how to reconcile divergent branches.
2026-09-23 22:08 ⚠️ pull failed (conflict?) — skipping push, needs manual fix
From https://github.com/Wibwubcar/Wibwub-Dashboard
 * branch            main       -> FETCH_HEAD
From https://github.com/Wibwubcar/Wibwub-Dashboard
 * branch            main       -> FETCH_HEAD
hint: You have divergent branches and need to specify how to reconcile them.
hint: You can do so by running one of the following commands sometime before
hint: your next pull:
hint:
hint:   git config pull.rebase false  # merge
hint:   git config pull.rebase true   # rebase
hint:   git config pull.ff only       # fast-forward only
hint:
hint: You can replace "git config" with "git config --global" to set a default
hint: preference for all repositories. You can also pass --rebase, --no-rebase,
hint: or --ff-only on the command line to override the configured default per
hint: invocation.
fatal: Need to specify how to reconcile divergent branches.
2026-09-23 22:13 ⚠️ pull failed (conflict?) — skipping push, needs manual fix
From https://github.com/Wibwubcar/Wibwub-Dashboard
 * branch            main       -> FETCH_HEAD
From https://github.com/Wibwubcar/Wibwub-Dashboard
 * branch            main       -> FETCH_HEAD
hint: You have divergent branches and need to specify how to reconcile them.
hint: You can do so by running one of the following commands sometime before
hint: your next pull:
hint:
hint:   git config pull.rebase false  # merge
hint:   git config pull.rebase true   # rebase
hint:   git config pull.ff only       # fast-forward only
hint:
hint: You can replace "git config" with "git config --global" to set a default
hint: preference for all repositories. You can also pass --rebase, --no-rebase,
hint: or --ff-only on the command line to override the configured default per
hint: invocation.
fatal: Need to specify how to reconcile divergent branches.
2026-09-23 22:18 ⚠️ pull failed (conflict?) — skipping push, needs manual fix
From https://github.com/Wibwubcar/Wibwub-Dashboard
 * branch            main       -> FETCH_HEAD
From https://github.com/Wibwubcar/Wibwub-Dashboard
 * branch            main       -> FETCH_HEAD
hint: You have divergent branches and need to specify how to reconcile them.
hint: You can do so by running one of the following commands sometime before
hint: your next pull:
hint:
hint:   git config pull.rebase false  # merge
hint:   git config pull.rebase true   # rebase
hint:   git config pull.ff only       # fast-forward only
hint:
hint: You can replace "git config" with "git config --global" to set a default
hint: preference for all repositories. You can also pass --rebase, --no-rebase,
hint: or --ff-only on the command line to override the configured default per
hint: invocation.
fatal: Need to specify how to reconcile divergent branches.
2026-09-23 22:23 ⚠️ pull failed (conflict?) — skipping push, needs manual fix
From https://github.com/Wibwubcar/Wibwub-Dashboard
 * branch            main       -> FETCH_HEAD
From https://github.com/Wibwubcar/Wibwub-Dashboard
 * branch            main       -> FETCH_HEAD
hint: You have divergent branches and need to specify how to reconcile them.
hint: You can do so by running one of the following commands sometime before
hint: your next pull:
hint:
hint:   git config pull.rebase false  # merge
hint:   git config pull.rebase true   # rebase
hint:   git config pull.ff only       # fast-forward only
hint:
hint: You can replace "git config" with "git config --global" to set a default
hint: preference for all repositories. You can also pass --rebase, --no-rebase,
hint: or --ff-only on the command line to override the configured default per
hint: invocation.
fatal: Need to specify how to reconcile divergent branches.
2026-09-23 22:28 ⚠️ pull failed (conflict?) — skipping push, needs manual fix
From https://github.com/Wibwubcar/Wibwub-Dashboard
 * branch            main       -> FETCH_HEAD
From https://github.com/Wibwubcar/Wibwub-Dashboard
 * branch            main       -> FETCH_HEAD
hint: You have divergent branches and need to specify how to reconcile them.
hint: You can do so by running one of the following commands sometime before
hint: your next pull:
hint:
hint:   git config pull.rebase false  # merge
hint:   git config pull.rebase true   # rebase
hint:   git config pull.ff only       # fast-forward only
hint:
hint: You can replace "git config" with "git config --global" to set a default
hint: preference for all repositories. You can also pass --rebase, --no-rebase,
hint: or --ff-only on the command line to override the configured default per
hint: invocation.
fatal: Need to specify how to reconcile divergent branches.
2026-09-23 22:33 ⚠️ pull failed (conflict?) — skipping push, needs manual fix
From https://github.com/Wibwubcar/Wibwub-Dashboard
 * branch            main       -> FETCH_HEAD
From https://github.com/Wibwubcar/Wibwub-Dashboard
 * branch            main       -> FETCH_HEAD
hint: You have divergent branches and need to specify how to reconcile them.
hint: You can do so by running one of the following commands sometime before
hint: your next pull:
hint:
hint:   git config pull.rebase false  # merge
hint:   git config pull.rebase true   # rebase
hint:   git config pull.ff only       # fast-forward only
hint:
hint: You can replace "git config" with "git config --global" to set a default
hint: preference for all repositories. You can also pass --rebase, --no-rebase,
hint: or --ff-only on the command line to override the configured default per
hint: invocation.
fatal: Need to specify how to reconcile divergent branches.
2026-09-23 22:38 ⚠️ pull failed (conflict?) — skipping push, needs manual fix
From https://github.com/Wibwubcar/Wibwub-Dashboard
 * branch            main       -> FETCH_HEAD
From https://github.com/Wibwubcar/Wibwub-Dashboard
 * branch            main       -> FETCH_HEAD
hint: You have divergent branches and need to specify how to reconcile them.
hint: You can do so by running one of the following commands sometime before
hint: your next pull:
hint:
hint:   git config pull.rebase false  # merge
hint:   git config pull.rebase true   # rebase
hint:   git config pull.ff only       # fast-forward only
hint:
hint: You can replace "git config" with "git config --global" to set a default
hint: preference for all repositories. You can also pass --rebase, --no-rebase,
hint: or --ff-only on the command line to override the configured default per
hint: invocation.
fatal: Need to specify how to reconcile divergent branches.
2026-09-23 22:43 ⚠️ pull failed (conflict?) — skipping push, needs manual fix
From https://github.com/Wibwubcar/Wibwub-Dashboard
 * branch            main       -> FETCH_HEAD
From https://github.com/Wibwubcar/Wibwub-Dashboard
 * branch            main       -> FETCH_HEAD
hint: You have divergent branches and need to specify how to reconcile them.
hint: You can do so by running one of the following commands sometime before
hint: your next pull:
hint:
hint:   git config pull.rebase false  # merge
hint:   git config pull.rebase true   # rebase
hint:   git config pull.ff only       # fast-forward only
hint:
hint: You can replace "git config" with "git config --global" to set a default
hint: preference for all repositories. You can also pass --rebase, --no-rebase,
hint: or --ff-only on the command line to override the configured default per
hint: invocation.
fatal: Need to specify how to reconcile divergent branches.
2026-09-23 22:48 ⚠️ pull failed (conflict?) — skipping push, needs manual fix
From https://github.com/Wibwubcar/Wibwub-Dashboard
 * branch            main       -> FETCH_HEAD
From https://github.com/Wibwubcar/Wibwub-Dashboard
 * branch            main       -> FETCH_HEAD
hint: You have divergent branches and need to specify how to reconcile them.
hint: You can do so by running one of the following commands sometime before
hint: your next pull:
hint:
hint:   git config pull.rebase false  # merge
hint:   git config pull.rebase true   # rebase
hint:   git config pull.ff only       # fast-forward only
hint:
hint: You can replace "git config" with "git config --global" to set a default
hint: preference for all repositories. You can also pass --rebase, --no-rebase,
hint: or --ff-only on the command line to override the configured default per
hint: invocation.
fatal: Need to specify how to reconcile divergent branches.
2026-09-23 22:53 ⚠️ pull failed (conflict?) — skipping push, needs manual fix
From https://github.com/Wibwubcar/Wibwub-Dashboard
 * branch            main       -> FETCH_HEAD
From https://github.com/Wibwubcar/Wibwub-Dashboard
 * branch            main       -> FETCH_HEAD
hint: You have divergent branches and need to specify how to reconcile them.
hint: You can do so by running one of the following commands sometime before
hint: your next pull:
hint:
hint:   git config pull.rebase false  # merge
hint:   git config pull.rebase true   # rebase
hint:   git config pull.ff only       # fast-forward only
hint:
hint: You can replace "git config" with "git config --global" to set a default
hint: preference for all repositories. You can also pass --rebase, --no-rebase,
hint: or --ff-only on the command line to override the configured default per
hint: invocation.
fatal: Need to specify how to reconcile divergent branches.
2026-09-23 22:58 ⚠️ pull failed (conflict?) — skipping push, needs manual fix
From https://github.com/Wibwubcar/Wibwub-Dashboard
 * branch            main       -> FETCH_HEAD
From https://github.com/Wibwubcar/Wibwub-Dashboard
 * branch            main       -> FETCH_HEAD
hint: You have divergent branches and need to specify how to reconcile them.
hint: You can do so by running one of the following commands sometime before
hint: your next pull:
hint:
hint:   git config pull.rebase false  # merge
hint:   git config pull.rebase true   # rebase
hint:   git config pull.ff only       # fast-forward only
hint:
hint: You can replace "git config" with "git config --global" to set a default
hint: preference for all repositories. You can also pass --rebase, --no-rebase,
hint: or --ff-only on the command line to override the configured default per
hint: invocation.
fatal: Need to specify how to reconcile divergent branches.
2026-09-23 23:03 ⚠️ pull failed (conflict?) — skipping push, needs manual fix
From https://github.com/Wibwubcar/Wibwub-Dashboard
 * branch            main       -> FETCH_HEAD
From https://github.com/Wibwubcar/Wibwub-Dashboard
 * branch            main       -> FETCH_HEAD
hint: You have divergent branches and need to specify how to reconcile them.
hint: You can do so by running one of the following commands sometime before
hint: your next pull:
hint:
hint:   git config pull.rebase false  # merge
hint:   git config pull.rebase true   # rebase
hint:   git config pull.ff only       # fast-forward only
hint:
hint: You can replace "git config" with "git config --global" to set a default
hint: preference for all repositories. You can also pass --rebase, --no-rebase,
hint: or --ff-only on the command line to override the configured default per
hint: invocation.
fatal: Need to specify how to reconcile divergent branches.
2026-09-23 23:09 ⚠️ pull failed (conflict?) — skipping push, needs manual fix
From https://github.com/Wibwubcar/Wibwub-Dashboard
 * branch            main       -> FETCH_HEAD
From https://github.com/Wibwubcar/Wibwub-Dashboard
 * branch            main       -> FETCH_HEAD
hint: You have divergent branches and need to specify how to reconcile them.
hint: You can do so by running one of the following commands sometime before
hint: your next pull:
hint:
hint:   git config pull.rebase false  # merge
hint:   git config pull.rebase true   # rebase
hint:   git config pull.ff only       # fast-forward only
hint:
hint: You can replace "git config" with "git config --global" to set a default
hint: preference for all repositories. You can also pass --rebase, --no-rebase,
hint: or --ff-only on the command line to override the configured default per
hint: invocation.
fatal: Need to specify how to reconcile divergent branches.
2026-09-23 23:14 ⚠️ pull failed (conflict?) — skipping push, needs manual fix
From https://github.com/Wibwubcar/Wibwub-Dashboard
 * branch            main       -> FETCH_HEAD
From https://github.com/Wibwubcar/Wibwub-Dashboard
 * branch            main       -> FETCH_HEAD
hint: You have divergent branches and need to specify how to reconcile them.
hint: You can do so by running one of the following commands sometime before
hint: your next pull:
hint:
hint:   git config pull.rebase false  # merge
hint:   git config pull.rebase true   # rebase
hint:   git config pull.ff only       # fast-forward only
hint:
hint: You can replace "git config" with "git config --global" to set a default
hint: preference for all repositories. You can also pass --rebase, --no-rebase,
hint: or --ff-only on the command line to override the configured default per
hint: invocation.
fatal: Need to specify how to reconcile divergent branches.
2026-09-23 23:19 ⚠️ pull failed (conflict?) — skipping push, needs manual fix
From https://github.com/Wibwubcar/Wibwub-Dashboard
 * branch            main       -> FETCH_HEAD
From https://github.com/Wibwubcar/Wibwub-Dashboard
 * branch            main       -> FETCH_HEAD
hint: You have divergent branches and need to specify how to reconcile them.
hint: You can do so by running one of the following commands sometime before
hint: your next pull:
hint:
hint:   git config pull.rebase false  # merge
hint:   git config pull.rebase true   # rebase
hint:   git config pull.ff only       # fast-forward only
hint:
hint: You can replace "git config" with "git config --global" to set a default
hint: preference for all repositories. You can also pass --rebase, --no-rebase,
hint: or --ff-only on the command line to override the configured default per
hint: invocation.
fatal: Need to specify how to reconcile divergent branches.
2026-09-23 23:24 ⚠️ pull failed (conflict?) — skipping push, needs manual fix
From https://github.com/Wibwubcar/Wibwub-Dashboard
 * branch            main       -> FETCH_HEAD
From https://github.com/Wibwubcar/Wibwub-Dashboard
 * branch            main       -> FETCH_HEAD
hint: You have divergent branches and need to specify how to reconcile them.
hint: You can do so by running one of the following commands sometime before
hint: your next pull:
hint:
hint:   git config pull.rebase false  # merge
hint:   git config pull.rebase true   # rebase
hint:   git config pull.ff only       # fast-forward only
hint:
hint: You can replace "git config" with "git config --global" to set a default
hint: preference for all repositories. You can also pass --rebase, --no-rebase,
hint: or --ff-only on the command line to override the configured default per
hint: invocation.
fatal: Need to specify how to reconcile divergent branches.
2026-09-23 23:29 ⚠️ pull failed (conflict?) — skipping push, needs manual fix
From https://github.com/Wibwubcar/Wibwub-Dashboard
 * branch            main       -> FETCH_HEAD
From https://github.com/Wibwubcar/Wibwub-Dashboard
 * branch            main       -> FETCH_HEAD
hint: You have divergent branches and need to specify how to reconcile them.
hint: You can do so by running one of the following commands sometime before
hint: your next pull:
hint:
hint:   git config pull.rebase false  # merge
hint:   git config pull.rebase true   # rebase
hint:   git config pull.ff only       # fast-forward only
hint:
hint: You can replace "git config" with "git config --global" to set a default
hint: preference for all repositories. You can also pass --rebase, --no-rebase,
hint: or --ff-only on the command line to override the configured default per
hint: invocation.
fatal: Need to specify how to reconcile divergent branches.
2026-09-23 23:34 ⚠️ pull failed (conflict?) — skipping push, needs manual fix
From https://github.com/Wibwubcar/Wibwub-Dashboard
 * branch            main       -> FETCH_HEAD
From https://github.com/Wibwubcar/Wibwub-Dashboard
 * branch            main       -> FETCH_HEAD
hint: You have divergent branches and need to specify how to reconcile them.
hint: You can do so by running one of the following commands sometime before
hint: your next pull:
hint:
hint:   git config pull.rebase false  # merge
hint:   git config pull.rebase true   # rebase
hint:   git config pull.ff only       # fast-forward only
hint:
hint: You can replace "git config" with "git config --global" to set a default
hint: preference for all repositories. You can also pass --rebase, --no-rebase,
hint: or --ff-only on the command line to override the configured default per
hint: invocation.
fatal: Need to specify how to reconcile divergent branches.
2026-09-23 23:39 ⚠️ pull failed (conflict?) — skipping push, needs manual fix
From https://github.com/Wibwubcar/Wibwub-Dashboard
 * branch            main       -> FETCH_HEAD
From https://github.com/Wibwubcar/Wibwub-Dashboard
 * branch            main       -> FETCH_HEAD
hint: You have divergent branches and need to specify how to reconcile them.
hint: You can do so by running one of the following commands sometime before
hint: your next pull:
hint:
hint:   git config pull.rebase false  # merge
hint:   git config pull.rebase true   # rebase
hint:   git config pull.ff only       # fast-forward only
hint:
hint: You can replace "git config" with "git config --global" to set a default
hint: preference for all repositories. You can also pass --rebase, --no-rebase,
hint: or --ff-only on the command line to override the configured default per
hint: invocation.
fatal: Need to specify how to reconcile divergent branches.
2026-09-23 23:44 ⚠️ pull failed (conflict?) — skipping push, needs manual fix
From https://github.com/Wibwubcar/Wibwub-Dashboard
 * branch            main       -> FETCH_HEAD
From https://github.com/Wibwubcar/Wibwub-Dashboard
 * branch            main       -> FETCH_HEAD
hint: You have divergent branches and need to specify how to reconcile them.
hint: You can do so by running one of the following commands sometime before
hint: your next pull:
hint:
hint:   git config pull.rebase false  # merge
hint:   git config pull.rebase true   # rebase
hint:   git config pull.ff only       # fast-forward only
hint:
hint: You can replace "git config" with "git config --global" to set a default
hint: preference for all repositories. You can also pass --rebase, --no-rebase,
hint: or --ff-only on the command line to override the configured default per
hint: invocation.
fatal: Need to specify how to reconcile divergent branches.
2026-09-23 23:49 ⚠️ pull failed (conflict?) — skipping push, needs manual fix
From https://github.com/Wibwubcar/Wibwub-Dashboard
 * branch            main       -> FETCH_HEAD
From https://github.com/Wibwubcar/Wibwub-Dashboard
 * branch            main       -> FETCH_HEAD
hint: You have divergent branches and need to specify how to reconcile them.
hint: You can do so by running one of the following commands sometime before
hint: your next pull:
hint:
hint:   git config pull.rebase false  # merge
hint:   git config pull.rebase true   # rebase
hint:   git config pull.ff only       # fast-forward only
hint:
hint: You can replace "git config" with "git config --global" to set a default
hint: preference for all repositories. You can also pass --rebase, --no-rebase,
hint: or --ff-only on the command line to override the configured default per
hint: invocation.
fatal: Need to specify how to reconcile divergent branches.
2026-09-23 23:54 ⚠️ pull failed (conflict?) — skipping push, needs manual fix
From https://github.com/Wibwubcar/Wibwub-Dashboard
 * branch            main       -> FETCH_HEAD
From https://github.com/Wibwubcar/Wibwub-Dashboard
 * branch            main       -> FETCH_HEAD
hint: You have divergent branches and need to specify how to reconcile them.
hint: You can do so by running one of the following commands sometime before
hint: your next pull:
hint:
hint:   git config pull.rebase false  # merge
hint:   git config pull.rebase true   # rebase
hint:   git config pull.ff only       # fast-forward only
hint:
hint: You can replace "git config" with "git config --global" to set a default
hint: preference for all repositories. You can also pass --rebase, --no-rebase,
hint: or --ff-only on the command line to override the configured default per
hint: invocation.
fatal: Need to specify how to reconcile divergent branches.
2026-09-23 23:59 ⚠️ pull failed (conflict?) — skipping push, needs manual fix
From https://github.com/Wibwubcar/Wibwub-Dashboard
 * branch            main       -> FETCH_HEAD
From https://github.com/Wibwubcar/Wibwub-Dashboard
 * branch            main       -> FETCH_HEAD
hint: You have divergent branches and need to specify how to reconcile them.
hint: You can do so by running one of the following commands sometime before
hint: your next pull:
hint:
hint:   git config pull.rebase false  # merge
hint:   git config pull.rebase true   # rebase
hint:   git config pull.ff only       # fast-forward only
hint:
hint: You can replace "git config" with "git config --global" to set a default
hint: preference for all repositories. You can also pass --rebase, --no-rebase,
hint: or --ff-only on the command line to override the configured default per
hint: invocation.
fatal: Need to specify how to reconcile divergent branches.
2026-09-24 00:04 ⚠️ pull failed (conflict?) — skipping push, needs manual fix
From https://github.com/Wibwubcar/Wibwub-Dashboard
 * branch            main       -> FETCH_HEAD
From https://github.com/Wibwubcar/Wibwub-Dashboard
 * branch            main       -> FETCH_HEAD
hint: You have divergent branches and need to specify how to reconcile them.
hint: You can do so by running one of the following commands sometime before
hint: your next pull:
hint:
hint:   git config pull.rebase false  # merge
hint:   git config pull.rebase true   # rebase
hint:   git config pull.ff only       # fast-forward only
hint:
hint: You can replace "git config" with "git config --global" to set a default
hint: preference for all repositories. You can also pass --rebase, --no-rebase,
hint: or --ff-only on the command line to override the configured default per
hint: invocation.
fatal: Need to specify how to reconcile divergent branches.
2026-09-24 00:09 ⚠️ pull failed (conflict?) — skipping push, needs manual fix
From https://github.com/Wibwubcar/Wibwub-Dashboard
 * branch            main       -> FETCH_HEAD
From https://github.com/Wibwubcar/Wibwub-Dashboard
 * branch            main       -> FETCH_HEAD
hint: You have divergent branches and need to specify how to reconcile them.
hint: You can do so by running one of the following commands sometime before
hint: your next pull:
hint:
hint:   git config pull.rebase false  # merge
hint:   git config pull.rebase true   # rebase
hint:   git config pull.ff only       # fast-forward only
hint:
hint: You can replace "git config" with "git config --global" to set a default
hint: preference for all repositories. You can also pass --rebase, --no-rebase,
hint: or --ff-only on the command line to override the configured default per
hint: invocation.
fatal: Need to specify how to reconcile divergent branches.
2026-09-24 00:14 ⚠️ pull failed (conflict?) — skipping push, needs manual fix
From https://github.com/Wibwubcar/Wibwub-Dashboard
 * branch            main       -> FETCH_HEAD
From https://github.com/Wibwubcar/Wibwub-Dashboard
 * branch            main       -> FETCH_HEAD
hint: You have divergent branches and need to specify how to reconcile them.
hint: You can do so by running one of the following commands sometime before
hint: your next pull:
hint:
hint:   git config pull.rebase false  # merge
hint:   git config pull.rebase true   # rebase
hint:   git config pull.ff only       # fast-forward only
hint:
hint: You can replace "git config" with "git config --global" to set a default
hint: preference for all repositories. You can also pass --rebase, --no-rebase,
hint: or --ff-only on the command line to override the configured default per
hint: invocation.
fatal: Need to specify how to reconcile divergent branches.
2026-09-24 00:19 ⚠️ pull failed (conflict?) — skipping push, needs manual fix
From https://github.com/Wibwubcar/Wibwub-Dashboard
 * branch            main       -> FETCH_HEAD
From https://github.com/Wibwubcar/Wibwub-Dashboard
 * branch            main       -> FETCH_HEAD
hint: You have divergent branches and need to specify how to reconcile them.
hint: You can do so by running one of the following commands sometime before
hint: your next pull:
hint:
hint:   git config pull.rebase false  # merge
hint:   git config pull.rebase true   # rebase
hint:   git config pull.ff only       # fast-forward only
hint:
hint: You can replace "git config" with "git config --global" to set a default
hint: preference for all repositories. You can also pass --rebase, --no-rebase,
hint: or --ff-only on the command line to override the configured default per
hint: invocation.
fatal: Need to specify how to reconcile divergent branches.
2026-09-24 00:24 ⚠️ pull failed (conflict?) — skipping push, needs manual fix
From https://github.com/Wibwubcar/Wibwub-Dashboard
 * branch            main       -> FETCH_HEAD
From https://github.com/Wibwubcar/Wibwub-Dashboard
 * branch            main       -> FETCH_HEAD
hint: You have divergent branches and need to specify how to reconcile them.
hint: You can do so by running one of the following commands sometime before
hint: your next pull:
hint:
hint:   git config pull.rebase false  # merge
hint:   git config pull.rebase true   # rebase
hint:   git config pull.ff only       # fast-forward only
hint:
hint: You can replace "git config" with "git config --global" to set a default
hint: preference for all repositories. You can also pass --rebase, --no-rebase,
hint: or --ff-only on the command line to override the configured default per
hint: invocation.
fatal: Need to specify how to reconcile divergent branches.
2026-09-24 00:29 ⚠️ pull failed (conflict?) — skipping push, needs manual fix
From https://github.com/Wibwubcar/Wibwub-Dashboard
 * branch            main       -> FETCH_HEAD
From https://github.com/Wibwubcar/Wibwub-Dashboard
 * branch            main       -> FETCH_HEAD
hint: You have divergent branches and need to specify how to reconcile them.
hint: You can do so by running one of the following commands sometime before
hint: your next pull:
hint:
hint:   git config pull.rebase false  # merge
hint:   git config pull.rebase true   # rebase
hint:   git config pull.ff only       # fast-forward only
hint:
hint: You can replace "git config" with "git config --global" to set a default
hint: preference for all repositories. You can also pass --rebase, --no-rebase,
hint: or --ff-only on the command line to override the configured default per
hint: invocation.
fatal: Need to specify how to reconcile divergent branches.
2026-09-24 00:34 ⚠️ pull failed (conflict?) — skipping push, needs manual fix
From https://github.com/Wibwubcar/Wibwub-Dashboard
 * branch            main       -> FETCH_HEAD
From https://github.com/Wibwubcar/Wibwub-Dashboard
 * branch            main       -> FETCH_HEAD
hint: You have divergent branches and need to specify how to reconcile them.
hint: You can do so by running one of the following commands sometime before
hint: your next pull:
hint:
hint:   git config pull.rebase false  # merge
hint:   git config pull.rebase true   # rebase
hint:   git config pull.ff only       # fast-forward only
hint:
hint: You can replace "git config" with "git config --global" to set a default
hint: preference for all repositories. You can also pass --rebase, --no-rebase,
hint: or --ff-only on the command line to override the configured default per
hint: invocation.
fatal: Need to specify how to reconcile divergent branches.
2026-09-24 00:39 ⚠️ pull failed (conflict?) — skipping push, needs manual fix
From https://github.com/Wibwubcar/Wibwub-Dashboard
 * branch            main       -> FETCH_HEAD
From https://github.com/Wibwubcar/Wibwub-Dashboard
 * branch            main       -> FETCH_HEAD
hint: You have divergent branches and need to specify how to reconcile them.
hint: You can do so by running one of the following commands sometime before
hint: your next pull:
hint:
hint:   git config pull.rebase false  # merge
hint:   git config pull.rebase true   # rebase
hint:   git config pull.ff only       # fast-forward only
hint:
hint: You can replace "git config" with "git config --global" to set a default
hint: preference for all repositories. You can also pass --rebase, --no-rebase,
hint: or --ff-only on the command line to override the configured default per
hint: invocation.
fatal: Need to specify how to reconcile divergent branches.
2026-09-24 00:44 ⚠️ pull failed (conflict?) — skipping push, needs manual fix
From https://github.com/Wibwubcar/Wibwub-Dashboard
 * branch            main       -> FETCH_HEAD
From https://github.com/Wibwubcar/Wibwub-Dashboard
 * branch            main       -> FETCH_HEAD
hint: You have divergent branches and need to specify how to reconcile them.
hint: You can do so by running one of the following commands sometime before
hint: your next pull:
hint:
hint:   git config pull.rebase false  # merge
hint:   git config pull.rebase true   # rebase
hint:   git config pull.ff only       # fast-forward only
hint:
hint: You can replace "git config" with "git config --global" to set a default
hint: preference for all repositories. You can also pass --rebase, --no-rebase,
hint: or --ff-only on the command line to override the configured default per
hint: invocation.
fatal: Need to specify how to reconcile divergent branches.
2026-09-24 00:49 ⚠️ pull failed (conflict?) — skipping push, needs manual fix
From https://github.com/Wibwubcar/Wibwub-Dashboard
 * branch            main       -> FETCH_HEAD
From https://github.com/Wibwubcar/Wibwub-Dashboard
 * branch            main       -> FETCH_HEAD
hint: You have divergent branches and need to specify how to reconcile them.
hint: You can do so by running one of the following commands sometime before
hint: your next pull:
hint:
hint:   git config pull.rebase false  # merge
hint:   git config pull.rebase true   # rebase
hint:   git config pull.ff only       # fast-forward only
hint:
hint: You can replace "git config" with "git config --global" to set a default
hint: preference for all repositories. You can also pass --rebase, --no-rebase,
hint: or --ff-only on the command line to override the configured default per
hint: invocation.
fatal: Need to specify how to reconcile divergent branches.
2026-09-24 00:55 ⚠️ pull failed (conflict?) — skipping push, needs manual fix
From https://github.com/Wibwubcar/Wibwub-Dashboard
 * branch            main       -> FETCH_HEAD
From https://github.com/Wibwubcar/Wibwub-Dashboard
 * branch            main       -> FETCH_HEAD
hint: You have divergent branches and need to specify how to reconcile them.
hint: You can do so by running one of the following commands sometime before
hint: your next pull:
hint:
hint:   git config pull.rebase false  # merge
hint:   git config pull.rebase true   # rebase
hint:   git config pull.ff only       # fast-forward only
hint:
hint: You can replace "git config" with "git config --global" to set a default
hint: preference for all repositories. You can also pass --rebase, --no-rebase,
hint: or --ff-only on the command line to override the configured default per
hint: invocation.
fatal: Need to specify how to reconcile divergent branches.
2026-09-24 01:00 ⚠️ pull failed (conflict?) — skipping push, needs manual fix
From https://github.com/Wibwubcar/Wibwub-Dashboard
 * branch            main       -> FETCH_HEAD
From https://github.com/Wibwubcar/Wibwub-Dashboard
 * branch            main       -> FETCH_HEAD
hint: You have divergent branches and need to specify how to reconcile them.
hint: You can do so by running one of the following commands sometime before
hint: your next pull:
hint:
hint:   git config pull.rebase false  # merge
hint:   git config pull.rebase true   # rebase
hint:   git config pull.ff only       # fast-forward only
hint:
hint: You can replace "git config" with "git config --global" to set a default
hint: preference for all repositories. You can also pass --rebase, --no-rebase,
hint: or --ff-only on the command line to override the configured default per
hint: invocation.
fatal: Need to specify how to reconcile divergent branches.
2026-09-24 01:05 ⚠️ pull failed (conflict?) — skipping push, needs manual fix
From https://github.com/Wibwubcar/Wibwub-Dashboard
 * branch            main       -> FETCH_HEAD
From https://github.com/Wibwubcar/Wibwub-Dashboard
 * branch            main       -> FETCH_HEAD
hint: You have divergent branches and need to specify how to reconcile them.
hint: You can do so by running one of the following commands sometime before
hint: your next pull:
hint:
hint:   git config pull.rebase false  # merge
hint:   git config pull.rebase true   # rebase
hint:   git config pull.ff only       # fast-forward only
hint:
hint: You can replace "git config" with "git config --global" to set a default
hint: preference for all repositories. You can also pass --rebase, --no-rebase,
hint: or --ff-only on the command line to override the configured default per
hint: invocation.
fatal: Need to specify how to reconcile divergent branches.
2026-09-24 01:10 ⚠️ pull failed (conflict?) — skipping push, needs manual fix
From https://github.com/Wibwubcar/Wibwub-Dashboard
 * branch            main       -> FETCH_HEAD
From https://github.com/Wibwubcar/Wibwub-Dashboard
 * branch            main       -> FETCH_HEAD
hint: You have divergent branches and need to specify how to reconcile them.
hint: You can do so by running one of the following commands sometime before
hint: your next pull:
hint:
hint:   git config pull.rebase false  # merge
hint:   git config pull.rebase true   # rebase
hint:   git config pull.ff only       # fast-forward only
hint:
hint: You can replace "git config" with "git config --global" to set a default
hint: preference for all repositories. You can also pass --rebase, --no-rebase,
hint: or --ff-only on the command line to override the configured default per
hint: invocation.
fatal: Need to specify how to reconcile divergent branches.
2026-09-24 01:15 ⚠️ pull failed (conflict?) — skipping push, needs manual fix
From https://github.com/Wibwubcar/Wibwub-Dashboard
 * branch            main       -> FETCH_HEAD
From https://github.com/Wibwubcar/Wibwub-Dashboard
 * branch            main       -> FETCH_HEAD
hint: You have divergent branches and need to specify how to reconcile them.
hint: You can do so by running one of the following commands sometime before
hint: your next pull:
hint:
hint:   git config pull.rebase false  # merge
hint:   git config pull.rebase true   # rebase
hint:   git config pull.ff only       # fast-forward only
hint:
hint: You can replace "git config" with "git config --global" to set a default
hint: preference for all repositories. You can also pass --rebase, --no-rebase,
hint: or --ff-only on the command line to override the configured default per
hint: invocation.
fatal: Need to specify how to reconcile divergent branches.
2026-09-24 01:20 ⚠️ pull failed (conflict?) — skipping push, needs manual fix
From https://github.com/Wibwubcar/Wibwub-Dashboard
 * branch            main       -> FETCH_HEAD
From https://github.com/Wibwubcar/Wibwub-Dashboard
 * branch            main       -> FETCH_HEAD
hint: You have divergent branches and need to specify how to reconcile them.
hint: You can do so by running one of the following commands sometime before
hint: your next pull:
hint:
hint:   git config pull.rebase false  # merge
hint:   git config pull.rebase true   # rebase
hint:   git config pull.ff only       # fast-forward only
hint:
hint: You can replace "git config" with "git config --global" to set a default
hint: preference for all repositories. You can also pass --rebase, --no-rebase,
hint: or --ff-only on the command line to override the configured default per
hint: invocation.
fatal: Need to specify how to reconcile divergent branches.
2026-09-24 01:25 ⚠️ pull failed (conflict?) — skipping push, needs manual fix
From https://github.com/Wibwubcar/Wibwub-Dashboard
 * branch            main       -> FETCH_HEAD
From https://github.com/Wibwubcar/Wibwub-Dashboard
 * branch            main       -> FETCH_HEAD
hint: You have divergent branches and need to specify how to reconcile them.
hint: You can do so by running one of the following commands sometime before
hint: your next pull:
hint:
hint:   git config pull.rebase false  # merge
hint:   git config pull.rebase true   # rebase
hint:   git config pull.ff only       # fast-forward only
hint:
hint: You can replace "git config" with "git config --global" to set a default
hint: preference for all repositories. You can also pass --rebase, --no-rebase,
hint: or --ff-only on the command line to override the configured default per
hint: invocation.
fatal: Need to specify how to reconcile divergent branches.
2026-09-24 01:30 ⚠️ pull failed (conflict?) — skipping push, needs manual fix
From https://github.com/Wibwubcar/Wibwub-Dashboard
 * branch            main       -> FETCH_HEAD
From https://github.com/Wibwubcar/Wibwub-Dashboard
 * branch            main       -> FETCH_HEAD
hint: You have divergent branches and need to specify how to reconcile them.
hint: You can do so by running one of the following commands sometime before
hint: your next pull:
hint:
hint:   git config pull.rebase false  # merge
hint:   git config pull.rebase true   # rebase
hint:   git config pull.ff only       # fast-forward only
hint:
hint: You can replace "git config" with "git config --global" to set a default
hint: preference for all repositories. You can also pass --rebase, --no-rebase,
hint: or --ff-only on the command line to override the configured default per
hint: invocation.
fatal: Need to specify how to reconcile divergent branches.
2026-09-24 01:35 ⚠️ pull failed (conflict?) — skipping push, needs manual fix
From https://github.com/Wibwubcar/Wibwub-Dashboard
 * branch            main       -> FETCH_HEAD
From https://github.com/Wibwubcar/Wibwub-Dashboard
 * branch            main       -> FETCH_HEAD
hint: You have divergent branches and need to specify how to reconcile them.
hint: You can do so by running one of the following commands sometime before
hint: your next pull:
hint:
hint:   git config pull.rebase false  # merge
hint:   git config pull.rebase true   # rebase
hint:   git config pull.ff only       # fast-forward only
hint:
hint: You can replace "git config" with "git config --global" to set a default
hint: preference for all repositories. You can also pass --rebase, --no-rebase,
hint: or --ff-only on the command line to override the configured default per
hint: invocation.
fatal: Need to specify how to reconcile divergent branches.
2026-09-24 01:40 ⚠️ pull failed (conflict?) — skipping push, needs manual fix
From https://github.com/Wibwubcar/Wibwub-Dashboard
 * branch            main       -> FETCH_HEAD
From https://github.com/Wibwubcar/Wibwub-Dashboard
 * branch            main       -> FETCH_HEAD
hint: You have divergent branches and need to specify how to reconcile them.
hint: You can do so by running one of the following commands sometime before
hint: your next pull:
hint:
hint:   git config pull.rebase false  # merge
hint:   git config pull.rebase true   # rebase
hint:   git config pull.ff only       # fast-forward only
hint:
hint: You can replace "git config" with "git config --global" to set a default
hint: preference for all repositories. You can also pass --rebase, --no-rebase,
hint: or --ff-only on the command line to override the configured default per
hint: invocation.
fatal: Need to specify how to reconcile divergent branches.
2026-09-24 01:45 ⚠️ pull failed (conflict?) — skipping push, needs manual fix
From https://github.com/Wibwubcar/Wibwub-Dashboard
 * branch            main       -> FETCH_HEAD
From https://github.com/Wibwubcar/Wibwub-Dashboard
 * branch            main       -> FETCH_HEAD
hint: You have divergent branches and need to specify how to reconcile them.
hint: You can do so by running one of the following commands sometime before
hint: your next pull:
hint:
hint:   git config pull.rebase false  # merge
hint:   git config pull.rebase true   # rebase
hint:   git config pull.ff only       # fast-forward only
hint:
hint: You can replace "git config" with "git config --global" to set a default
hint: preference for all repositories. You can also pass --rebase, --no-rebase,
hint: or --ff-only on the command line to override the configured default per
hint: invocation.
fatal: Need to specify how to reconcile divergent branches.
2026-09-24 01:50 ⚠️ pull failed (conflict?) — skipping push, needs manual fix
From https://github.com/Wibwubcar/Wibwub-Dashboard
 * branch            main       -> FETCH_HEAD
From https://github.com/Wibwubcar/Wibwub-Dashboard
 * branch            main       -> FETCH_HEAD
hint: You have divergent branches and need to specify how to reconcile them.
hint: You can do so by running one of the following commands sometime before
hint: your next pull:
hint:
hint:   git config pull.rebase false  # merge
hint:   git config pull.rebase true   # rebase
hint:   git config pull.ff only       # fast-forward only
hint:
hint: You can replace "git config" with "git config --global" to set a default
hint: preference for all repositories. You can also pass --rebase, --no-rebase,
hint: or --ff-only on the command line to override the configured default per
hint: invocation.
fatal: Need to specify how to reconcile divergent branches.
2026-09-24 01:55 ⚠️ pull failed (conflict?) — skipping push, needs manual fix
From https://github.com/Wibwubcar/Wibwub-Dashboard
 * branch            main       -> FETCH_HEAD
From https://github.com/Wibwubcar/Wibwub-Dashboard
 * branch            main       -> FETCH_HEAD
hint: You have divergent branches and need to specify how to reconcile them.
hint: You can do so by running one of the following commands sometime before
hint: your next pull:
hint:
hint:   git config pull.rebase false  # merge
hint:   git config pull.rebase true   # rebase
hint:   git config pull.ff only       # fast-forward only
hint:
hint: You can replace "git config" with "git config --global" to set a default
hint: preference for all repositories. You can also pass --rebase, --no-rebase,
hint: or --ff-only on the command line to override the configured default per
hint: invocation.
fatal: Need to specify how to reconcile divergent branches.
2026-09-24 02:00 ⚠️ pull failed (conflict?) — skipping push, needs manual fix
From https://github.com/Wibwubcar/Wibwub-Dashboard
 * branch            main       -> FETCH_HEAD
From https://github.com/Wibwubcar/Wibwub-Dashboard
 * branch            main       -> FETCH_HEAD
hint: You have divergent branches and need to specify how to reconcile them.
hint: You can do so by running one of the following commands sometime before
hint: your next pull:
hint:
hint:   git config pull.rebase false  # merge
hint:   git config pull.rebase true   # rebase
hint:   git config pull.ff only       # fast-forward only
hint:
hint: You can replace "git config" with "git config --global" to set a default
hint: preference for all repositories. You can also pass --rebase, --no-rebase,
hint: or --ff-only on the command line to override the configured default per
hint: invocation.
fatal: Need to specify how to reconcile divergent branches.
2026-09-24 02:05 ⚠️ pull failed (conflict?) — skipping push, needs manual fix
From https://github.com/Wibwubcar/Wibwub-Dashboard
 * branch            main       -> FETCH_HEAD
From https://github.com/Wibwubcar/Wibwub-Dashboard
 * branch            main       -> FETCH_HEAD
hint: You have divergent branches and need to specify how to reconcile them.
hint: You can do so by running one of the following commands sometime before
hint: your next pull:
hint:
hint:   git config pull.rebase false  # merge
hint:   git config pull.rebase true   # rebase
hint:   git config pull.ff only       # fast-forward only
hint:
hint: You can replace "git config" with "git config --global" to set a default
hint: preference for all repositories. You can also pass --rebase, --no-rebase,
hint: or --ff-only on the command line to override the configured default per
hint: invocation.
fatal: Need to specify how to reconcile divergent branches.
2026-09-24 02:10 ⚠️ pull failed (conflict?) — skipping push, needs manual fix
From https://github.com/Wibwubcar/Wibwub-Dashboard
 * branch            main       -> FETCH_HEAD
From https://github.com/Wibwubcar/Wibwub-Dashboard
 * branch            main       -> FETCH_HEAD
hint: You have divergent branches and need to specify how to reconcile them.
hint: You can do so by running one of the following commands sometime before
hint: your next pull:
hint:
hint:   git config pull.rebase false  # merge
hint:   git config pull.rebase true   # rebase
hint:   git config pull.ff only       # fast-forward only
hint:
hint: You can replace "git config" with "git config --global" to set a default
hint: preference for all repositories. You can also pass --rebase, --no-rebase,
hint: or --ff-only on the command line to override the configured default per
hint: invocation.
fatal: Need to specify how to reconcile divergent branches.
2026-09-24 02:15 ⚠️ pull failed (conflict?) — skipping push, needs manual fix
From https://github.com/Wibwubcar/Wibwub-Dashboard
 * branch            main       -> FETCH_HEAD
From https://github.com/Wibwubcar/Wibwub-Dashboard
 * branch            main       -> FETCH_HEAD
hint: You have divergent branches and need to specify how to reconcile them.
hint: You can do so by running one of the following commands sometime before
hint: your next pull:
hint:
hint:   git config pull.rebase false  # merge
hint:   git config pull.rebase true   # rebase
hint:   git config pull.ff only       # fast-forward only
hint:
hint: You can replace "git config" with "git config --global" to set a default
hint: preference for all repositories. You can also pass --rebase, --no-rebase,
hint: or --ff-only on the command line to override the configured default per
hint: invocation.
fatal: Need to specify how to reconcile divergent branches.
2026-09-24 02:20 ⚠️ pull failed (conflict?) — skipping push, needs manual fix
From https://github.com/Wibwubcar/Wibwub-Dashboard
 * branch            main       -> FETCH_HEAD
From https://github.com/Wibwubcar/Wibwub-Dashboard
 * branch            main       -> FETCH_HEAD
hint: You have divergent branches and need to specify how to reconcile them.
hint: You can do so by running one of the following commands sometime before
hint: your next pull:
hint:
hint:   git config pull.rebase false  # merge
hint:   git config pull.rebase true   # rebase
hint:   git config pull.ff only       # fast-forward only
hint:
hint: You can replace "git config" with "git config --global" to set a default
hint: preference for all repositories. You can also pass --rebase, --no-rebase,
hint: or --ff-only on the command line to override the configured default per
hint: invocation.
fatal: Need to specify how to reconcile divergent branches.
2026-09-24 02:25 ⚠️ pull failed (conflict?) — skipping push, needs manual fix
From https://github.com/Wibwubcar/Wibwub-Dashboard
 * branch            main       -> FETCH_HEAD
From https://github.com/Wibwubcar/Wibwub-Dashboard
 * branch            main       -> FETCH_HEAD
hint: You have divergent branches and need to specify how to reconcile them.
hint: You can do so by running one of the following commands sometime before
hint: your next pull:
hint:
hint:   git config pull.rebase false  # merge
hint:   git config pull.rebase true   # rebase
hint:   git config pull.ff only       # fast-forward only
hint:
hint: You can replace "git config" with "git config --global" to set a default
hint: preference for all repositories. You can also pass --rebase, --no-rebase,
hint: or --ff-only on the command line to override the configured default per
hint: invocation.
fatal: Need to specify how to reconcile divergent branches.
2026-09-24 02:30 ⚠️ pull failed (conflict?) — skipping push, needs manual fix
From https://github.com/Wibwubcar/Wibwub-Dashboard
 * branch            main       -> FETCH_HEAD
From https://github.com/Wibwubcar/Wibwub-Dashboard
 * branch            main       -> FETCH_HEAD
hint: You have divergent branches and need to specify how to reconcile them.
hint: You can do so by running one of the following commands sometime before
hint: your next pull:
hint:
hint:   git config pull.rebase false  # merge
hint:   git config pull.rebase true   # rebase
hint:   git config pull.ff only       # fast-forward only
hint:
hint: You can replace "git config" with "git config --global" to set a default
hint: preference for all repositories. You can also pass --rebase, --no-rebase,
hint: or --ff-only on the command line to override the configured default per
hint: invocation.
fatal: Need to specify how to reconcile divergent branches.
2026-09-24 02:35 ⚠️ pull failed (conflict?) — skipping push, needs manual fix
From https://github.com/Wibwubcar/Wibwub-Dashboard
 * branch            main       -> FETCH_HEAD
From https://github.com/Wibwubcar/Wibwub-Dashboard
 * branch            main       -> FETCH_HEAD
hint: You have divergent branches and need to specify how to reconcile them.
hint: You can do so by running one of the following commands sometime before
hint: your next pull:
hint:
hint:   git config pull.rebase false  # merge
hint:   git config pull.rebase true   # rebase
hint:   git config pull.ff only       # fast-forward only
hint:
hint: You can replace "git config" with "git config --global" to set a default
hint: preference for all repositories. You can also pass --rebase, --no-rebase,
hint: or --ff-only on the command line to override the configured default per
hint: invocation.
fatal: Need to specify how to reconcile divergent branches.
2026-09-24 02:40 ⚠️ pull failed (conflict?) — skipping push, needs manual fix
From https://github.com/Wibwubcar/Wibwub-Dashboard
 * branch            main       -> FETCH_HEAD
From https://github.com/Wibwubcar/Wibwub-Dashboard
 * branch            main       -> FETCH_HEAD
hint: You have divergent branches and need to specify how to reconcile them.
hint: You can do so by running one of the following commands sometime before
hint: your next pull:
hint:
hint:   git config pull.rebase false  # merge
hint:   git config pull.rebase true   # rebase
hint:   git config pull.ff only       # fast-forward only
hint:
hint: You can replace "git config" with "git config --global" to set a default
hint: preference for all repositories. You can also pass --rebase, --no-rebase,
hint: or --ff-only on the command line to override the configured default per
hint: invocation.
fatal: Need to specify how to reconcile divergent branches.
2026-09-24 02:45 ⚠️ pull failed (conflict?) — skipping push, needs manual fix
From https://github.com/Wibwubcar/Wibwub-Dashboard
 * branch            main       -> FETCH_HEAD
From https://github.com/Wibwubcar/Wibwub-Dashboard
 * branch            main       -> FETCH_HEAD
hint: You have divergent branches and need to specify how to reconcile them.
hint: You can do so by running one of the following commands sometime before
hint: your next pull:
hint:
hint:   git config pull.rebase false  # merge
hint:   git config pull.rebase true   # rebase
hint:   git config pull.ff only       # fast-forward only
hint:
hint: You can replace "git config" with "git config --global" to set a default
hint: preference for all repositories. You can also pass --rebase, --no-rebase,
hint: or --ff-only on the command line to override the configured default per
hint: invocation.
fatal: Need to specify how to reconcile divergent branches.
2026-09-24 02:50 ⚠️ pull failed (conflict?) — skipping push, needs manual fix
From https://github.com/Wibwubcar/Wibwub-Dashboard
 * branch            main       -> FETCH_HEAD
From https://github.com/Wibwubcar/Wibwub-Dashboard
 * branch            main       -> FETCH_HEAD
hint: You have divergent branches and need to specify how to reconcile them.
hint: You can do so by running one of the following commands sometime before
hint: your next pull:
hint:
hint:   git config pull.rebase false  # merge
hint:   git config pull.rebase true   # rebase
hint:   git config pull.ff only       # fast-forward only
hint:
hint: You can replace "git config" with "git config --global" to set a default
hint: preference for all repositories. You can also pass --rebase, --no-rebase,
hint: or --ff-only on the command line to override the configured default per
hint: invocation.
fatal: Need to specify how to reconcile divergent branches.
2026-09-24 02:55 ⚠️ pull failed (conflict?) — skipping push, needs manual fix
From https://github.com/Wibwubcar/Wibwub-Dashboard
 * branch            main       -> FETCH_HEAD
From https://github.com/Wibwubcar/Wibwub-Dashboard
 * branch            main       -> FETCH_HEAD
hint: You have divergent branches and need to specify how to reconcile them.
hint: You can do so by running one of the following commands sometime before
hint: your next pull:
hint:
hint:   git config pull.rebase false  # merge
hint:   git config pull.rebase true   # rebase
hint:   git config pull.ff only       # fast-forward only
hint:
hint: You can replace "git config" with "git config --global" to set a default
hint: preference for all repositories. You can also pass --rebase, --no-rebase,
hint: or --ff-only on the command line to override the configured default per
hint: invocation.
fatal: Need to specify how to reconcile divergent branches.
2026-09-24 03:01 ⚠️ pull failed (conflict?) — skipping push, needs manual fix
From https://github.com/Wibwubcar/Wibwub-Dashboard
 * branch            main       -> FETCH_HEAD
From https://github.com/Wibwubcar/Wibwub-Dashboard
 * branch            main       -> FETCH_HEAD
hint: You have divergent branches and need to specify how to reconcile them.
hint: You can do so by running one of the following commands sometime before
hint: your next pull:
hint:
hint:   git config pull.rebase false  # merge
hint:   git config pull.rebase true   # rebase
hint:   git config pull.ff only       # fast-forward only
hint:
hint: You can replace "git config" with "git config --global" to set a default
hint: preference for all repositories. You can also pass --rebase, --no-rebase,
hint: or --ff-only on the command line to override the configured default per
hint: invocation.
fatal: Need to specify how to reconcile divergent branches.
2026-09-24 03:06 ⚠️ pull failed (conflict?) — skipping push, needs manual fix
From https://github.com/Wibwubcar/Wibwub-Dashboard
 * branch            main       -> FETCH_HEAD
From https://github.com/Wibwubcar/Wibwub-Dashboard
 * branch            main       -> FETCH_HEAD
hint: You have divergent branches and need to specify how to reconcile them.
hint: You can do so by running one of the following commands sometime before
hint: your next pull:
hint:
hint:   git config pull.rebase false  # merge
hint:   git config pull.rebase true   # rebase
hint:   git config pull.ff only       # fast-forward only
hint:
hint: You can replace "git config" with "git config --global" to set a default
hint: preference for all repositories. You can also pass --rebase, --no-rebase,
hint: or --ff-only on the command line to override the configured default per
hint: invocation.
fatal: Need to specify how to reconcile divergent branches.
2026-09-24 03:11 ⚠️ pull failed (conflict?) — skipping push, needs manual fix
From https://github.com/Wibwubcar/Wibwub-Dashboard
 * branch            main       -> FETCH_HEAD
From https://github.com/Wibwubcar/Wibwub-Dashboard
 * branch            main       -> FETCH_HEAD
hint: You have divergent branches and need to specify how to reconcile them.
hint: You can do so by running one of the following commands sometime before
hint: your next pull:
hint:
hint:   git config pull.rebase false  # merge
hint:   git config pull.rebase true   # rebase
hint:   git config pull.ff only       # fast-forward only
hint:
hint: You can replace "git config" with "git config --global" to set a default
hint: preference for all repositories. You can also pass --rebase, --no-rebase,
hint: or --ff-only on the command line to override the configured default per
hint: invocation.
fatal: Need to specify how to reconcile divergent branches.
2026-09-24 03:16 ⚠️ pull failed (conflict?) — skipping push, needs manual fix
From https://github.com/Wibwubcar/Wibwub-Dashboard
 * branch            main       -> FETCH_HEAD
From https://github.com/Wibwubcar/Wibwub-Dashboard
 * branch            main       -> FETCH_HEAD
hint: You have divergent branches and need to specify how to reconcile them.
hint: You can do so by running one of the following commands sometime before
hint: your next pull:
hint:
hint:   git config pull.rebase false  # merge
hint:   git config pull.rebase true   # rebase
hint:   git config pull.ff only       # fast-forward only
hint:
hint: You can replace "git config" with "git config --global" to set a default
hint: preference for all repositories. You can also pass --rebase, --no-rebase,
hint: or --ff-only on the command line to override the configured default per
hint: invocation.
fatal: Need to specify how to reconcile divergent branches.
2026-09-24 03:21 ⚠️ pull failed (conflict?) — skipping push, needs manual fix
From https://github.com/Wibwubcar/Wibwub-Dashboard
 * branch            main       -> FETCH_HEAD
From https://github.com/Wibwubcar/Wibwub-Dashboard
 * branch            main       -> FETCH_HEAD
hint: You have divergent branches and need to specify how to reconcile them.
hint: You can do so by running one of the following commands sometime before
hint: your next pull:
hint:
hint:   git config pull.rebase false  # merge
hint:   git config pull.rebase true   # rebase
hint:   git config pull.ff only       # fast-forward only
hint:
hint: You can replace "git config" with "git config --global" to set a default
hint: preference for all repositories. You can also pass --rebase, --no-rebase,
hint: or --ff-only on the command line to override the configured default per
hint: invocation.
fatal: Need to specify how to reconcile divergent branches.
2026-09-24 03:26 ⚠️ pull failed (conflict?) — skipping push, needs manual fix
From https://github.com/Wibwubcar/Wibwub-Dashboard
 * branch            main       -> FETCH_HEAD
From https://github.com/Wibwubcar/Wibwub-Dashboard
 * branch            main       -> FETCH_HEAD
hint: You have divergent branches and need to specify how to reconcile them.
hint: You can do so by running one of the following commands sometime before
hint: your next pull:
hint:
hint:   git config pull.rebase false  # merge
hint:   git config pull.rebase true   # rebase
hint:   git config pull.ff only       # fast-forward only
hint:
hint: You can replace "git config" with "git config --global" to set a default
hint: preference for all repositories. You can also pass --rebase, --no-rebase,
hint: or --ff-only on the command line to override the configured default per
hint: invocation.
fatal: Need to specify how to reconcile divergent branches.
2026-09-24 03:31 ⚠️ pull failed (conflict?) — skipping push, needs manual fix
From https://github.com/Wibwubcar/Wibwub-Dashboard
 * branch            main       -> FETCH_HEAD
From https://github.com/Wibwubcar/Wibwub-Dashboard
 * branch            main       -> FETCH_HEAD
hint: You have divergent branches and need to specify how to reconcile them.
hint: You can do so by running one of the following commands sometime before
hint: your next pull:
hint:
hint:   git config pull.rebase false  # merge
hint:   git config pull.rebase true   # rebase
hint:   git config pull.ff only       # fast-forward only
hint:
hint: You can replace "git config" with "git config --global" to set a default
hint: preference for all repositories. You can also pass --rebase, --no-rebase,
hint: or --ff-only on the command line to override the configured default per
hint: invocation.
fatal: Need to specify how to reconcile divergent branches.
2026-09-24 03:36 ⚠️ pull failed (conflict?) — skipping push, needs manual fix
From https://github.com/Wibwubcar/Wibwub-Dashboard
 * branch            main       -> FETCH_HEAD
From https://github.com/Wibwubcar/Wibwub-Dashboard
 * branch            main       -> FETCH_HEAD
hint: You have divergent branches and need to specify how to reconcile them.
hint: You can do so by running one of the following commands sometime before
hint: your next pull:
hint:
hint:   git config pull.rebase false  # merge
hint:   git config pull.rebase true   # rebase
hint:   git config pull.ff only       # fast-forward only
hint:
hint: You can replace "git config" with "git config --global" to set a default
hint: preference for all repositories. You can also pass --rebase, --no-rebase,
hint: or --ff-only on the command line to override the configured default per
hint: invocation.
fatal: Need to specify how to reconcile divergent branches.
2026-09-24 03:41 ⚠️ pull failed (conflict?) — skipping push, needs manual fix
From https://github.com/Wibwubcar/Wibwub-Dashboard
 * branch            main       -> FETCH_HEAD
From https://github.com/Wibwubcar/Wibwub-Dashboard
 * branch            main       -> FETCH_HEAD
hint: You have divergent branches and need to specify how to reconcile them.
hint: You can do so by running one of the following commands sometime before
hint: your next pull:
hint:
hint:   git config pull.rebase false  # merge
hint:   git config pull.rebase true   # rebase
hint:   git config pull.ff only       # fast-forward only
hint:
hint: You can replace "git config" with "git config --global" to set a default
hint: preference for all repositories. You can also pass --rebase, --no-rebase,
hint: or --ff-only on the command line to override the configured default per
hint: invocation.
fatal: Need to specify how to reconcile divergent branches.
2026-09-24 03:46 ⚠️ pull failed (conflict?) — skipping push, needs manual fix
From https://github.com/Wibwubcar/Wibwub-Dashboard
 * branch            main       -> FETCH_HEAD
From https://github.com/Wibwubcar/Wibwub-Dashboard
 * branch            main       -> FETCH_HEAD
hint: You have divergent branches and need to specify how to reconcile them.
hint: You can do so by running one of the following commands sometime before
hint: your next pull:
hint:
hint:   git config pull.rebase false  # merge
hint:   git config pull.rebase true   # rebase
hint:   git config pull.ff only       # fast-forward only
hint:
hint: You can replace "git config" with "git config --global" to set a default
hint: preference for all repositories. You can also pass --rebase, --no-rebase,
hint: or --ff-only on the command line to override the configured default per
hint: invocation.
fatal: Need to specify how to reconcile divergent branches.
2026-09-24 03:51 ⚠️ pull failed (conflict?) — skipping push, needs manual fix
From https://github.com/Wibwubcar/Wibwub-Dashboard
 * branch            main       -> FETCH_HEAD
From https://github.com/Wibwubcar/Wibwub-Dashboard
 * branch            main       -> FETCH_HEAD
hint: You have divergent branches and need to specify how to reconcile them.
hint: You can do so by running one of the following commands sometime before
hint: your next pull:
hint:
hint:   git config pull.rebase false  # merge
hint:   git config pull.rebase true   # rebase
hint:   git config pull.ff only       # fast-forward only
hint:
hint: You can replace "git config" with "git config --global" to set a default
hint: preference for all repositories. You can also pass --rebase, --no-rebase,
hint: or --ff-only on the command line to override the configured default per
hint: invocation.
fatal: Need to specify how to reconcile divergent branches.
2026-09-24 03:56 ⚠️ pull failed (conflict?) — skipping push, needs manual fix
From https://github.com/Wibwubcar/Wibwub-Dashboard
 * branch            main       -> FETCH_HEAD
From https://github.com/Wibwubcar/Wibwub-Dashboard
 * branch            main       -> FETCH_HEAD
hint: You have divergent branches and need to specify how to reconcile them.
hint: You can do so by running one of the following commands sometime before
hint: your next pull:
hint:
hint:   git config pull.rebase false  # merge
hint:   git config pull.rebase true   # rebase
hint:   git config pull.ff only       # fast-forward only
hint:
hint: You can replace "git config" with "git config --global" to set a default
hint: preference for all repositories. You can also pass --rebase, --no-rebase,
hint: or --ff-only on the command line to override the configured default per
hint: invocation.
fatal: Need to specify how to reconcile divergent branches.
2026-09-24 04:01 ⚠️ pull failed (conflict?) — skipping push, needs manual fix
From https://github.com/Wibwubcar/Wibwub-Dashboard
 * branch            main       -> FETCH_HEAD
From https://github.com/Wibwubcar/Wibwub-Dashboard
 * branch            main       -> FETCH_HEAD
hint: You have divergent branches and need to specify how to reconcile them.
hint: You can do so by running one of the following commands sometime before
hint: your next pull:
hint:
hint:   git config pull.rebase false  # merge
hint:   git config pull.rebase true   # rebase
hint:   git config pull.ff only       # fast-forward only
hint:
hint: You can replace "git config" with "git config --global" to set a default
hint: preference for all repositories. You can also pass --rebase, --no-rebase,
hint: or --ff-only on the command line to override the configured default per
hint: invocation.
fatal: Need to specify how to reconcile divergent branches.
2026-09-24 04:06 ⚠️ pull failed (conflict?) — skipping push, needs manual fix
From https://github.com/Wibwubcar/Wibwub-Dashboard
 * branch            main       -> FETCH_HEAD
From https://github.com/Wibwubcar/Wibwub-Dashboard
 * branch            main       -> FETCH_HEAD
hint: You have divergent branches and need to specify how to reconcile them.
hint: You can do so by running one of the following commands sometime before
hint: your next pull:
hint:
hint:   git config pull.rebase false  # merge
hint:   git config pull.rebase true   # rebase
hint:   git config pull.ff only       # fast-forward only
hint:
hint: You can replace "git config" with "git config --global" to set a default
hint: preference for all repositories. You can also pass --rebase, --no-rebase,
hint: or --ff-only on the command line to override the configured default per
hint: invocation.
fatal: Need to specify how to reconcile divergent branches.
2026-09-24 04:11 ⚠️ pull failed (conflict?) — skipping push, needs manual fix
From https://github.com/Wibwubcar/Wibwub-Dashboard
 * branch            main       -> FETCH_HEAD
From https://github.com/Wibwubcar/Wibwub-Dashboard
 * branch            main       -> FETCH_HEAD
hint: You have divergent branches and need to specify how to reconcile them.
hint: You can do so by running one of the following commands sometime before
hint: your next pull:
hint:
hint:   git config pull.rebase false  # merge
hint:   git config pull.rebase true   # rebase
hint:   git config pull.ff only       # fast-forward only
hint:
hint: You can replace "git config" with "git config --global" to set a default
hint: preference for all repositories. You can also pass --rebase, --no-rebase,
hint: or --ff-only on the command line to override the configured default per
hint: invocation.
fatal: Need to specify how to reconcile divergent branches.
2026-09-24 04:16 ⚠️ pull failed (conflict?) — skipping push, needs manual fix
From https://github.com/Wibwubcar/Wibwub-Dashboard
 * branch            main       -> FETCH_HEAD
From https://github.com/Wibwubcar/Wibwub-Dashboard
 * branch            main       -> FETCH_HEAD
hint: You have divergent branches and need to specify how to reconcile them.
hint: You can do so by running one of the following commands sometime before
hint: your next pull:
hint:
hint:   git config pull.rebase false  # merge
hint:   git config pull.rebase true   # rebase
hint:   git config pull.ff only       # fast-forward only
hint:
hint: You can replace "git config" with "git config --global" to set a default
hint: preference for all repositories. You can also pass --rebase, --no-rebase,
hint: or --ff-only on the command line to override the configured default per
hint: invocation.
fatal: Need to specify how to reconcile divergent branches.
2026-09-24 04:21 ⚠️ pull failed (conflict?) — skipping push, needs manual fix
From https://github.com/Wibwubcar/Wibwub-Dashboard
 * branch            main       -> FETCH_HEAD
From https://github.com/Wibwubcar/Wibwub-Dashboard
 * branch            main       -> FETCH_HEAD
hint: You have divergent branches and need to specify how to reconcile them.
hint: You can do so by running one of the following commands sometime before
hint: your next pull:
hint:
hint:   git config pull.rebase false  # merge
hint:   git config pull.rebase true   # rebase
hint:   git config pull.ff only       # fast-forward only
hint:
hint: You can replace "git config" with "git config --global" to set a default
hint: preference for all repositories. You can also pass --rebase, --no-rebase,
hint: or --ff-only on the command line to override the configured default per
hint: invocation.
fatal: Need to specify how to reconcile divergent branches.
2026-09-24 04:26 ⚠️ pull failed (conflict?) — skipping push, needs manual fix
From https://github.com/Wibwubcar/Wibwub-Dashboard
 * branch            main       -> FETCH_HEAD
From https://github.com/Wibwubcar/Wibwub-Dashboard
 * branch            main       -> FETCH_HEAD
hint: You have divergent branches and need to specify how to reconcile them.
hint: You can do so by running one of the following commands sometime before
hint: your next pull:
hint:
hint:   git config pull.rebase false  # merge
hint:   git config pull.rebase true   # rebase
hint:   git config pull.ff only       # fast-forward only
hint:
hint: You can replace "git config" with "git config --global" to set a default
hint: preference for all repositories. You can also pass --rebase, --no-rebase,
hint: or --ff-only on the command line to override the configured default per
hint: invocation.
fatal: Need to specify how to reconcile divergent branches.
2026-09-24 04:31 ⚠️ pull failed (conflict?) — skipping push, needs manual fix
From https://github.com/Wibwubcar/Wibwub-Dashboard
 * branch            main       -> FETCH_HEAD
From https://github.com/Wibwubcar/Wibwub-Dashboard
 * branch            main       -> FETCH_HEAD
hint: You have divergent branches and need to specify how to reconcile them.
hint: You can do so by running one of the following commands sometime before
hint: your next pull:
hint:
hint:   git config pull.rebase false  # merge
hint:   git config pull.rebase true   # rebase
hint:   git config pull.ff only       # fast-forward only
hint:
hint: You can replace "git config" with "git config --global" to set a default
hint: preference for all repositories. You can also pass --rebase, --no-rebase,
hint: or --ff-only on the command line to override the configured default per
hint: invocation.
fatal: Need to specify how to reconcile divergent branches.
2026-09-24 04:36 ⚠️ pull failed (conflict?) — skipping push, needs manual fix
From https://github.com/Wibwubcar/Wibwub-Dashboard
 * branch            main       -> FETCH_HEAD
From https://github.com/Wibwubcar/Wibwub-Dashboard
 * branch            main       -> FETCH_HEAD
hint: You have divergent branches and need to specify how to reconcile them.
hint: You can do so by running one of the following commands sometime before
hint: your next pull:
hint:
hint:   git config pull.rebase false  # merge
hint:   git config pull.rebase true   # rebase
hint:   git config pull.ff only       # fast-forward only
hint:
hint: You can replace "git config" with "git config --global" to set a default
hint: preference for all repositories. You can also pass --rebase, --no-rebase,
hint: or --ff-only on the command line to override the configured default per
hint: invocation.
fatal: Need to specify how to reconcile divergent branches.
2026-09-24 04:41 ⚠️ pull failed (conflict?) — skipping push, needs manual fix
From https://github.com/Wibwubcar/Wibwub-Dashboard
 * branch            main       -> FETCH_HEAD
From https://github.com/Wibwubcar/Wibwub-Dashboard
 * branch            main       -> FETCH_HEAD
hint: You have divergent branches and need to specify how to reconcile them.
hint: You can do so by running one of the following commands sometime before
hint: your next pull:
hint:
hint:   git config pull.rebase false  # merge
hint:   git config pull.rebase true   # rebase
hint:   git config pull.ff only       # fast-forward only
hint:
hint: You can replace "git config" with "git config --global" to set a default
hint: preference for all repositories. You can also pass --rebase, --no-rebase,
hint: or --ff-only on the command line to override the configured default per
hint: invocation.
fatal: Need to specify how to reconcile divergent branches.
2026-09-24 04:46 ⚠️ pull failed (conflict?) — skipping push, needs manual fix
From https://github.com/Wibwubcar/Wibwub-Dashboard
 * branch            main       -> FETCH_HEAD
From https://github.com/Wibwubcar/Wibwub-Dashboard
 * branch            main       -> FETCH_HEAD
hint: You have divergent branches and need to specify how to reconcile them.
hint: You can do so by running one of the following commands sometime before
hint: your next pull:
hint:
hint:   git config pull.rebase false  # merge
hint:   git config pull.rebase true   # rebase
hint:   git config pull.ff only       # fast-forward only
hint:
hint: You can replace "git config" with "git config --global" to set a default
hint: preference for all repositories. You can also pass --rebase, --no-rebase,
hint: or --ff-only on the command line to override the configured default per
hint: invocation.
fatal: Need to specify how to reconcile divergent branches.
2026-09-24 04:51 ⚠️ pull failed (conflict?) — skipping push, needs manual fix
From https://github.com/Wibwubcar/Wibwub-Dashboard
 * branch            main       -> FETCH_HEAD
From https://github.com/Wibwubcar/Wibwub-Dashboard
 * branch            main       -> FETCH_HEAD
hint: You have divergent branches and need to specify how to reconcile them.
hint: You can do so by running one of the following commands sometime before
hint: your next pull:
hint:
hint:   git config pull.rebase false  # merge
hint:   git config pull.rebase true   # rebase
hint:   git config pull.ff only       # fast-forward only
hint:
hint: You can replace "git config" with "git config --global" to set a default
hint: preference for all repositories. You can also pass --rebase, --no-rebase,
hint: or --ff-only on the command line to override the configured default per
hint: invocation.
fatal: Need to specify how to reconcile divergent branches.
2026-09-24 04:57 ⚠️ pull failed (conflict?) — skipping push, needs manual fix
From https://github.com/Wibwubcar/Wibwub-Dashboard
 * branch            main       -> FETCH_HEAD
From https://github.com/Wibwubcar/Wibwub-Dashboard
 * branch            main       -> FETCH_HEAD
hint: You have divergent branches and need to specify how to reconcile them.
hint: You can do so by running one of the following commands sometime before
hint: your next pull:
hint:
hint:   git config pull.rebase false  # merge
hint:   git config pull.rebase true   # rebase
hint:   git config pull.ff only       # fast-forward only
hint:
hint: You can replace "git config" with "git config --global" to set a default
hint: preference for all repositories. You can also pass --rebase, --no-rebase,
hint: or --ff-only on the command line to override the configured default per
hint: invocation.
fatal: Need to specify how to reconcile divergent branches.
2026-09-24 05:02 ⚠️ pull failed (conflict?) — skipping push, needs manual fix
From https://github.com/Wibwubcar/Wibwub-Dashboard
 * branch            main       -> FETCH_HEAD
From https://github.com/Wibwubcar/Wibwub-Dashboard
 * branch            main       -> FETCH_HEAD
hint: You have divergent branches and need to specify how to reconcile them.
hint: You can do so by running one of the following commands sometime before
hint: your next pull:
hint:
hint:   git config pull.rebase false  # merge
hint:   git config pull.rebase true   # rebase
hint:   git config pull.ff only       # fast-forward only
hint:
hint: You can replace "git config" with "git config --global" to set a default
hint: preference for all repositories. You can also pass --rebase, --no-rebase,
hint: or --ff-only on the command line to override the configured default per
hint: invocation.
fatal: Need to specify how to reconcile divergent branches.
2026-09-24 05:07 ⚠️ pull failed (conflict?) — skipping push, needs manual fix
From https://github.com/Wibwubcar/Wibwub-Dashboard
 * branch            main       -> FETCH_HEAD
From https://github.com/Wibwubcar/Wibwub-Dashboard
 * branch            main       -> FETCH_HEAD
hint: You have divergent branches and need to specify how to reconcile them.
hint: You can do so by running one of the following commands sometime before
hint: your next pull:
hint:
hint:   git config pull.rebase false  # merge
hint:   git config pull.rebase true   # rebase
hint:   git config pull.ff only       # fast-forward only
hint:
hint: You can replace "git config" with "git config --global" to set a default
hint: preference for all repositories. You can also pass --rebase, --no-rebase,
hint: or --ff-only on the command line to override the configured default per
hint: invocation.
fatal: Need to specify how to reconcile divergent branches.
2026-09-24 05:12 ⚠️ pull failed (conflict?) — skipping push, needs manual fix
From https://github.com/Wibwubcar/Wibwub-Dashboard
 * branch            main       -> FETCH_HEAD
From https://github.com/Wibwubcar/Wibwub-Dashboard
 * branch            main       -> FETCH_HEAD
hint: You have divergent branches and need to specify how to reconcile them.
hint: You can do so by running one of the following commands sometime before
hint: your next pull:
hint:
hint:   git config pull.rebase false  # merge
hint:   git config pull.rebase true   # rebase
hint:   git config pull.ff only       # fast-forward only
hint:
hint: You can replace "git config" with "git config --global" to set a default
hint: preference for all repositories. You can also pass --rebase, --no-rebase,
hint: or --ff-only on the command line to override the configured default per
hint: invocation.
fatal: Need to specify how to reconcile divergent branches.
2026-09-24 05:17 ⚠️ pull failed (conflict?) — skipping push, needs manual fix
From https://github.com/Wibwubcar/Wibwub-Dashboard
 * branch            main       -> FETCH_HEAD
From https://github.com/Wibwubcar/Wibwub-Dashboard
 * branch            main       -> FETCH_HEAD
hint: You have divergent branches and need to specify how to reconcile them.
hint: You can do so by running one of the following commands sometime before
hint: your next pull:
hint:
hint:   git config pull.rebase false  # merge
hint:   git config pull.rebase true   # rebase
hint:   git config pull.ff only       # fast-forward only
hint:
hint: You can replace "git config" with "git config --global" to set a default
hint: preference for all repositories. You can also pass --rebase, --no-rebase,
hint: or --ff-only on the command line to override the configured default per
hint: invocation.
fatal: Need to specify how to reconcile divergent branches.
2026-09-24 05:22 ⚠️ pull failed (conflict?) — skipping push, needs manual fix
From https://github.com/Wibwubcar/Wibwub-Dashboard
 * branch            main       -> FETCH_HEAD
From https://github.com/Wibwubcar/Wibwub-Dashboard
 * branch            main       -> FETCH_HEAD
hint: You have divergent branches and need to specify how to reconcile them.
hint: You can do so by running one of the following commands sometime before
hint: your next pull:
hint:
hint:   git config pull.rebase false  # merge
hint:   git config pull.rebase true   # rebase
hint:   git config pull.ff only       # fast-forward only
hint:
hint: You can replace "git config" with "git config --global" to set a default
hint: preference for all repositories. You can also pass --rebase, --no-rebase,
hint: or --ff-only on the command line to override the configured default per
hint: invocation.
fatal: Need to specify how to reconcile divergent branches.
2026-09-24 05:27 ⚠️ pull failed (conflict?) — skipping push, needs manual fix
From https://github.com/Wibwubcar/Wibwub-Dashboard
 * branch            main       -> FETCH_HEAD
From https://github.com/Wibwubcar/Wibwub-Dashboard
 * branch            main       -> FETCH_HEAD
hint: You have divergent branches and need to specify how to reconcile them.
hint: You can do so by running one of the following commands sometime before
hint: your next pull:
hint:
hint:   git config pull.rebase false  # merge
hint:   git config pull.rebase true   # rebase
hint:   git config pull.ff only       # fast-forward only
hint:
hint: You can replace "git config" with "git config --global" to set a default
hint: preference for all repositories. You can also pass --rebase, --no-rebase,
hint: or --ff-only on the command line to override the configured default per
hint: invocation.
fatal: Need to specify how to reconcile divergent branches.
2026-09-24 05:32 ⚠️ pull failed (conflict?) — skipping push, needs manual fix
From https://github.com/Wibwubcar/Wibwub-Dashboard
 * branch            main       -> FETCH_HEAD
From https://github.com/Wibwubcar/Wibwub-Dashboard
 * branch            main       -> FETCH_HEAD
hint: You have divergent branches and need to specify how to reconcile them.
hint: You can do so by running one of the following commands sometime before
hint: your next pull:
hint:
hint:   git config pull.rebase false  # merge
hint:   git config pull.rebase true   # rebase
hint:   git config pull.ff only       # fast-forward only
hint:
hint: You can replace "git config" with "git config --global" to set a default
hint: preference for all repositories. You can also pass --rebase, --no-rebase,
hint: or --ff-only on the command line to override the configured default per
hint: invocation.
fatal: Need to specify how to reconcile divergent branches.
2026-09-24 05:37 ⚠️ pull failed (conflict?) — skipping push, needs manual fix
From https://github.com/Wibwubcar/Wibwub-Dashboard
 * branch            main       -> FETCH_HEAD
From https://github.com/Wibwubcar/Wibwub-Dashboard
 * branch            main       -> FETCH_HEAD
hint: You have divergent branches and need to specify how to reconcile them.
hint: You can do so by running one of the following commands sometime before
hint: your next pull:
hint:
hint:   git config pull.rebase false  # merge
hint:   git config pull.rebase true   # rebase
hint:   git config pull.ff only       # fast-forward only
hint:
hint: You can replace "git config" with "git config --global" to set a default
hint: preference for all repositories. You can also pass --rebase, --no-rebase,
hint: or --ff-only on the command line to override the configured default per
hint: invocation.
fatal: Need to specify how to reconcile divergent branches.
2026-09-24 05:42 ⚠️ pull failed (conflict?) — skipping push, needs manual fix
From https://github.com/Wibwubcar/Wibwub-Dashboard
 * branch            main       -> FETCH_HEAD
From https://github.com/Wibwubcar/Wibwub-Dashboard
 * branch            main       -> FETCH_HEAD
hint: You have divergent branches and need to specify how to reconcile them.
hint: You can do so by running one of the following commands sometime before
hint: your next pull:
hint:
hint:   git config pull.rebase false  # merge
hint:   git config pull.rebase true   # rebase
hint:   git config pull.ff only       # fast-forward only
hint:
hint: You can replace "git config" with "git config --global" to set a default
hint: preference for all repositories. You can also pass --rebase, --no-rebase,
hint: or --ff-only on the command line to override the configured default per
hint: invocation.
fatal: Need to specify how to reconcile divergent branches.
2026-09-24 05:47 ⚠️ pull failed (conflict?) — skipping push, needs manual fix
From https://github.com/Wibwubcar/Wibwub-Dashboard
 * branch            main       -> FETCH_HEAD
From https://github.com/Wibwubcar/Wibwub-Dashboard
 * branch            main       -> FETCH_HEAD
hint: You have divergent branches and need to specify how to reconcile them.
hint: You can do so by running one of the following commands sometime before
hint: your next pull:
hint:
hint:   git config pull.rebase false  # merge
hint:   git config pull.rebase true   # rebase
hint:   git config pull.ff only       # fast-forward only
hint:
hint: You can replace "git config" with "git config --global" to set a default
hint: preference for all repositories. You can also pass --rebase, --no-rebase,
hint: or --ff-only on the command line to override the configured default per
hint: invocation.
fatal: Need to specify how to reconcile divergent branches.
2026-09-24 05:52 ⚠️ pull failed (conflict?) — skipping push, needs manual fix
From https://github.com/Wibwubcar/Wibwub-Dashboard
 * branch            main       -> FETCH_HEAD
From https://github.com/Wibwubcar/Wibwub-Dashboard
 * branch            main       -> FETCH_HEAD
hint: You have divergent branches and need to specify how to reconcile them.
hint: You can do so by running one of the following commands sometime before
hint: your next pull:
hint:
hint:   git config pull.rebase false  # merge
hint:   git config pull.rebase true   # rebase
hint:   git config pull.ff only       # fast-forward only
hint:
hint: You can replace "git config" with "git config --global" to set a default
hint: preference for all repositories. You can also pass --rebase, --no-rebase,
hint: or --ff-only on the command line to override the configured default per
hint: invocation.
fatal: Need to specify how to reconcile divergent branches.
2026-09-24 05:57 ⚠️ pull failed (conflict?) — skipping push, needs manual fix
From https://github.com/Wibwubcar/Wibwub-Dashboard
 * branch            main       -> FETCH_HEAD
From https://github.com/Wibwubcar/Wibwub-Dashboard
 * branch            main       -> FETCH_HEAD
hint: You have divergent branches and need to specify how to reconcile them.
hint: You can do so by running one of the following commands sometime before
hint: your next pull:
hint:
hint:   git config pull.rebase false  # merge
hint:   git config pull.rebase true   # rebase
hint:   git config pull.ff only       # fast-forward only
hint:
hint: You can replace "git config" with "git config --global" to set a default
hint: preference for all repositories. You can also pass --rebase, --no-rebase,
hint: or --ff-only on the command line to override the configured default per
hint: invocation.
fatal: Need to specify how to reconcile divergent branches.
2026-09-24 06:02 ⚠️ pull failed (conflict?) — skipping push, needs manual fix
From https://github.com/Wibwubcar/Wibwub-Dashboard
 * branch            main       -> FETCH_HEAD
From https://github.com/Wibwubcar/Wibwub-Dashboard
 * branch            main       -> FETCH_HEAD
hint: You have divergent branches and need to specify how to reconcile them.
hint: You can do so by running one of the following commands sometime before
hint: your next pull:
hint:
hint:   git config pull.rebase false  # merge
hint:   git config pull.rebase true   # rebase
hint:   git config pull.ff only       # fast-forward only
hint:
hint: You can replace "git config" with "git config --global" to set a default
hint: preference for all repositories. You can also pass --rebase, --no-rebase,
hint: or --ff-only on the command line to override the configured default per
hint: invocation.
fatal: Need to specify how to reconcile divergent branches.
2026-09-24 06:07 ⚠️ pull failed (conflict?) — skipping push, needs manual fix
From https://github.com/Wibwubcar/Wibwub-Dashboard
 * branch            main       -> FETCH_HEAD
From https://github.com/Wibwubcar/Wibwub-Dashboard
 * branch            main       -> FETCH_HEAD
hint: You have divergent branches and need to specify how to reconcile them.
hint: You can do so by running one of the following commands sometime before
hint: your next pull:
hint:
hint:   git config pull.rebase false  # merge
hint:   git config pull.rebase true   # rebase
hint:   git config pull.ff only       # fast-forward only
hint:
hint: You can replace "git config" with "git config --global" to set a default
hint: preference for all repositories. You can also pass --rebase, --no-rebase,
hint: or --ff-only on the command line to override the configured default per
hint: invocation.
fatal: Need to specify how to reconcile divergent branches.
2026-09-24 06:12 ⚠️ pull failed (conflict?) — skipping push, needs manual fix
From https://github.com/Wibwubcar/Wibwub-Dashboard
 * branch            main       -> FETCH_HEAD
From https://github.com/Wibwubcar/Wibwub-Dashboard
 * branch            main       -> FETCH_HEAD
hint: You have divergent branches and need to specify how to reconcile them.
hint: You can do so by running one of the following commands sometime before
hint: your next pull:
hint:
hint:   git config pull.rebase false  # merge
hint:   git config pull.rebase true   # rebase
hint:   git config pull.ff only       # fast-forward only
hint:
hint: You can replace "git config" with "git config --global" to set a default
hint: preference for all repositories. You can also pass --rebase, --no-rebase,
hint: or --ff-only on the command line to override the configured default per
hint: invocation.
fatal: Need to specify how to reconcile divergent branches.
2026-09-24 06:17 ⚠️ pull failed (conflict?) — skipping push, needs manual fix
From https://github.com/Wibwubcar/Wibwub-Dashboard
 * branch            main       -> FETCH_HEAD
From https://github.com/Wibwubcar/Wibwub-Dashboard
 * branch            main       -> FETCH_HEAD
hint: You have divergent branches and need to specify how to reconcile them.
hint: You can do so by running one of the following commands sometime before
hint: your next pull:
hint:
hint:   git config pull.rebase false  # merge
hint:   git config pull.rebase true   # rebase
hint:   git config pull.ff only       # fast-forward only
hint:
hint: You can replace "git config" with "git config --global" to set a default
hint: preference for all repositories. You can also pass --rebase, --no-rebase,
hint: or --ff-only on the command line to override the configured default per
hint: invocation.
fatal: Need to specify how to reconcile divergent branches.
2026-09-24 06:22 ⚠️ pull failed (conflict?) — skipping push, needs manual fix
From https://github.com/Wibwubcar/Wibwub-Dashboard
 * branch            main       -> FETCH_HEAD
From https://github.com/Wibwubcar/Wibwub-Dashboard
 * branch            main       -> FETCH_HEAD
hint: You have divergent branches and need to specify how to reconcile them.
hint: You can do so by running one of the following commands sometime before
hint: your next pull:
hint:
hint:   git config pull.rebase false  # merge
hint:   git config pull.rebase true   # rebase
hint:   git config pull.ff only       # fast-forward only
hint:
hint: You can replace "git config" with "git config --global" to set a default
hint: preference for all repositories. You can also pass --rebase, --no-rebase,
hint: or --ff-only on the command line to override the configured default per
hint: invocation.
fatal: Need to specify how to reconcile divergent branches.
2026-09-24 06:27 ⚠️ pull failed (conflict?) — skipping push, needs manual fix
From https://github.com/Wibwubcar/Wibwub-Dashboard
 * branch            main       -> FETCH_HEAD
From https://github.com/Wibwubcar/Wibwub-Dashboard
 * branch            main       -> FETCH_HEAD
hint: You have divergent branches and need to specify how to reconcile them.
hint: You can do so by running one of the following commands sometime before
hint: your next pull:
hint:
hint:   git config pull.rebase false  # merge
hint:   git config pull.rebase true   # rebase
hint:   git config pull.ff only       # fast-forward only
hint:
hint: You can replace "git config" with "git config --global" to set a default
hint: preference for all repositories. You can also pass --rebase, --no-rebase,
hint: or --ff-only on the command line to override the configured default per
hint: invocation.
fatal: Need to specify how to reconcile divergent branches.
2026-09-24 06:32 ⚠️ pull failed (conflict?) — skipping push, needs manual fix
From https://github.com/Wibwubcar/Wibwub-Dashboard
 * branch            main       -> FETCH_HEAD
From https://github.com/Wibwubcar/Wibwub-Dashboard
 * branch            main       -> FETCH_HEAD
hint: You have divergent branches and need to specify how to reconcile them.
hint: You can do so by running one of the following commands sometime before
hint: your next pull:
hint:
hint:   git config pull.rebase false  # merge
hint:   git config pull.rebase true   # rebase
hint:   git config pull.ff only       # fast-forward only
hint:
hint: You can replace "git config" with "git config --global" to set a default
hint: preference for all repositories. You can also pass --rebase, --no-rebase,
hint: or --ff-only on the command line to override the configured default per
hint: invocation.
fatal: Need to specify how to reconcile divergent branches.
2026-09-24 06:37 ⚠️ pull failed (conflict?) — skipping push, needs manual fix
From https://github.com/Wibwubcar/Wibwub-Dashboard
 * branch            main       -> FETCH_HEAD
From https://github.com/Wibwubcar/Wibwub-Dashboard
 * branch            main       -> FETCH_HEAD
hint: You have divergent branches and need to specify how to reconcile them.
hint: You can do so by running one of the following commands sometime before
hint: your next pull:
hint:
hint:   git config pull.rebase false  # merge
hint:   git config pull.rebase true   # rebase
hint:   git config pull.ff only       # fast-forward only
hint:
hint: You can replace "git config" with "git config --global" to set a default
hint: preference for all repositories. You can also pass --rebase, --no-rebase,
hint: or --ff-only on the command line to override the configured default per
hint: invocation.
fatal: Need to specify how to reconcile divergent branches.
2026-09-24 06:42 ⚠️ pull failed (conflict?) — skipping push, needs manual fix
From https://github.com/Wibwubcar/Wibwub-Dashboard
 * branch            main       -> FETCH_HEAD
From https://github.com/Wibwubcar/Wibwub-Dashboard
 * branch            main       -> FETCH_HEAD
hint: You have divergent branches and need to specify how to reconcile them.
hint: You can do so by running one of the following commands sometime before
hint: your next pull:
hint:
hint:   git config pull.rebase false  # merge
hint:   git config pull.rebase true   # rebase
hint:   git config pull.ff only       # fast-forward only
hint:
hint: You can replace "git config" with "git config --global" to set a default
hint: preference for all repositories. You can also pass --rebase, --no-rebase,
hint: or --ff-only on the command line to override the configured default per
hint: invocation.
fatal: Need to specify how to reconcile divergent branches.
2026-09-24 06:47 ⚠️ pull failed (conflict?) — skipping push, needs manual fix
From https://github.com/Wibwubcar/Wibwub-Dashboard
 * branch            main       -> FETCH_HEAD
From https://github.com/Wibwubcar/Wibwub-Dashboard
 * branch            main       -> FETCH_HEAD
hint: You have divergent branches and need to specify how to reconcile them.
hint: You can do so by running one of the following commands sometime before
hint: your next pull:
hint:
hint:   git config pull.rebase false  # merge
hint:   git config pull.rebase true   # rebase
hint:   git config pull.ff only       # fast-forward only
hint:
hint: You can replace "git config" with "git config --global" to set a default
hint: preference for all repositories. You can also pass --rebase, --no-rebase,
hint: or --ff-only on the command line to override the configured default per
hint: invocation.
fatal: Need to specify how to reconcile divergent branches.
2026-09-24 06:53 ⚠️ pull failed (conflict?) — skipping push, needs manual fix
From https://github.com/Wibwubcar/Wibwub-Dashboard
 * branch            main       -> FETCH_HEAD
From https://github.com/Wibwubcar/Wibwub-Dashboard
 * branch            main       -> FETCH_HEAD
hint: You have divergent branches and need to specify how to reconcile them.
hint: You can do so by running one of the following commands sometime before
hint: your next pull:
hint:
hint:   git config pull.rebase false  # merge
hint:   git config pull.rebase true   # rebase
hint:   git config pull.ff only       # fast-forward only
hint:
hint: You can replace "git config" with "git config --global" to set a default
hint: preference for all repositories. You can also pass --rebase, --no-rebase,
hint: or --ff-only on the command line to override the configured default per
hint: invocation.
fatal: Need to specify how to reconcile divergent branches.
2026-09-24 06:58 ⚠️ pull failed (conflict?) — skipping push, needs manual fix
fatal: unable to access 'https://github.com/Wibwubcar/Wibwub-Dashboard.git/': Could not resolve host: github.com
fatal: unable to access 'https://github.com/Wibwubcar/Wibwub-Dashboard.git/': Could not resolve host: github.com
2026-09-24 07:44 ⚠️ pull failed (conflict?) — skipping push, needs manual fix
From https://github.com/Wibwubcar/Wibwub-Dashboard
 * branch            main       -> FETCH_HEAD
From https://github.com/Wibwubcar/Wibwub-Dashboard
 * branch            main       -> FETCH_HEAD
hint: You have divergent branches and need to specify how to reconcile them.
hint: You can do so by running one of the following commands sometime before
hint: your next pull:
hint:
hint:   git config pull.rebase false  # merge
hint:   git config pull.rebase true   # rebase
hint:   git config pull.ff only       # fast-forward only
hint:
hint: You can replace "git config" with "git config --global" to set a default
hint: preference for all repositories. You can also pass --rebase, --no-rebase,
hint: or --ff-only on the command line to override the configured default per
hint: invocation.
fatal: Need to specify how to reconcile divergent branches.
2026-09-24 08:26 ⚠️ pull failed (conflict?) — skipping push, needs manual fix
From https://github.com/Wibwubcar/Wibwub-Dashboard
 * branch            main       -> FETCH_HEAD
From https://github.com/Wibwubcar/Wibwub-Dashboard
 * branch            main       -> FETCH_HEAD
hint: You have divergent branches and need to specify how to reconcile them.
hint: You can do so by running one of the following commands sometime before
hint: your next pull:
hint:
hint:   git config pull.rebase false  # merge
hint:   git config pull.rebase true   # rebase
hint:   git config pull.ff only       # fast-forward only
hint:
hint: You can replace "git config" with "git config --global" to set a default
hint: preference for all repositories. You can also pass --rebase, --no-rebase,
hint: or --ff-only on the command line to override the configured default per
hint: invocation.
fatal: Need to specify how to reconcile divergent branches.
2026-09-24 08:31 ⚠️ pull failed (conflict?) — skipping push, needs manual fix
From https://github.com/Wibwubcar/Wibwub-Dashboard
 * branch            main       -> FETCH_HEAD
From https://github.com/Wibwubcar/Wibwub-Dashboard
 * branch            main       -> FETCH_HEAD
hint: You have divergent branches and need to specify how to reconcile them.
hint: You can do so by running one of the following commands sometime before
hint: your next pull:
hint:
hint:   git config pull.rebase false  # merge
hint:   git config pull.rebase true   # rebase
hint:   git config pull.ff only       # fast-forward only
hint:
hint: You can replace "git config" with "git config --global" to set a default
hint: preference for all repositories. You can also pass --rebase, --no-rebase,
hint: or --ff-only on the command line to override the configured default per
hint: invocation.
fatal: Need to specify how to reconcile divergent branches.
2026-09-24 08:36 ⚠️ pull failed (conflict?) — skipping push, needs manual fix
From https://github.com/Wibwubcar/Wibwub-Dashboard
 * branch            main       -> FETCH_HEAD
From https://github.com/Wibwubcar/Wibwub-Dashboard
 * branch            main       -> FETCH_HEAD
From https://github.com/Wibwubcar/Wibwub-Dashboard
 * branch            main       -> FETCH_HEAD
From https://github.com/Wibwubcar/Wibwub-Dashboard
 * branch            main       -> FETCH_HEAD
From https://github.com/Wibwubcar/Wibwub-Dashboard
 * branch            main       -> FETCH_HEAD
From https://github.com/Wibwubcar/Wibwub-Dashboard
 * branch            main       -> FETCH_HEAD
From https://github.com/Wibwubcar/Wibwub-Dashboard
 * branch            main       -> FETCH_HEAD
From https://github.com/Wibwubcar/Wibwub-Dashboard
 * branch            main       -> FETCH_HEAD
From https://github.com/Wibwubcar/Wibwub-Dashboard
 * branch            main       -> FETCH_HEAD
From https://github.com/Wibwubcar/Wibwub-Dashboard
 * branch            main       -> FETCH_HEAD
From https://github.com/Wibwubcar/Wibwub-Dashboard
 * branch            main       -> FETCH_HEAD
From https://github.com/Wibwubcar/Wibwub-Dashboard
 * branch            main       -> FETCH_HEAD
From https://github.com/Wibwubcar/Wibwub-Dashboard
 * branch            main       -> FETCH_HEAD
From https://github.com/Wibwubcar/Wibwub-Dashboard
 * branch            main       -> FETCH_HEAD
From https://github.com/Wibwubcar/Wibwub-Dashboard
 * branch            main       -> FETCH_HEAD
From https://github.com/Wibwubcar/Wibwub-Dashboard
 * branch            main       -> FETCH_HEAD
From https://github.com/Wibwubcar/Wibwub-Dashboard
 * branch            main       -> FETCH_HEAD
From https://github.com/Wibwubcar/Wibwub-Dashboard
 * branch            main       -> FETCH_HEAD
From https://github.com/Wibwubcar/Wibwub-Dashboard
 * branch            main       -> FETCH_HEAD
From https://github.com/Wibwubcar/Wibwub-Dashboard
 * branch            main       -> FETCH_HEAD
From https://github.com/Wibwubcar/Wibwub-Dashboard
 * branch            main       -> FETCH_HEAD
From https://github.com/Wibwubcar/Wibwub-Dashboard
 * branch            main       -> FETCH_HEAD
From https://github.com/Wibwubcar/Wibwub-Dashboard
 * branch            main       -> FETCH_HEAD
From https://github.com/Wibwubcar/Wibwub-Dashboard
 * branch            main       -> FETCH_HEAD
From https://github.com/Wibwubcar/Wibwub-Dashboard
 * branch            main       -> FETCH_HEAD
From https://github.com/Wibwubcar/Wibwub-Dashboard
 * branch            main       -> FETCH_HEAD
From https://github.com/Wibwubcar/Wibwub-Dashboard
 * branch            main       -> FETCH_HEAD
From https://github.com/Wibwubcar/Wibwub-Dashboard
 * branch            main       -> FETCH_HEAD
From https://github.com/Wibwubcar/Wibwub-Dashboard
 * branch            main       -> FETCH_HEAD
From https://github.com/Wibwubcar/Wibwub-Dashboard
 * branch            main       -> FETCH_HEAD
From https://github.com/Wibwubcar/Wibwub-Dashboard
 * branch            main       -> FETCH_HEAD
From https://github.com/Wibwubcar/Wibwub-Dashboard
 * branch            main       -> FETCH_HEAD
From https://github.com/Wibwubcar/Wibwub-Dashboard
 * branch            main       -> FETCH_HEAD
From https://github.com/Wibwubcar/Wibwub-Dashboard
 * branch            main       -> FETCH_HEAD
From https://github.com/Wibwubcar/Wibwub-Dashboard
 * branch            main       -> FETCH_HEAD
From https://github.com/Wibwubcar/Wibwub-Dashboard
 * branch            main       -> FETCH_HEAD
From https://github.com/Wibwubcar/Wibwub-Dashboard
 * branch            main       -> FETCH_HEAD
From https://github.com/Wibwubcar/Wibwub-Dashboard
 * branch            main       -> FETCH_HEAD
From https://github.com/Wibwubcar/Wibwub-Dashboard
 * branch            main       -> FETCH_HEAD
From https://github.com/Wibwubcar/Wibwub-Dashboard
 * branch            main       -> FETCH_HEAD
From https://github.com/Wibwubcar/Wibwub-Dashboard
 * branch            main       -> FETCH_HEAD
From https://github.com/Wibwubcar/Wibwub-Dashboard
 * branch            main       -> FETCH_HEAD
From https://github.com/Wibwubcar/Wibwub-Dashboard
 * branch            main       -> FETCH_HEAD
From https://github.com/Wibwubcar/Wibwub-Dashboard
 * branch            main       -> FETCH_HEAD
From https://github.com/Wibwubcar/Wibwub-Dashboard
 * branch            main       -> FETCH_HEAD
From https://github.com/Wibwubcar/Wibwub-Dashboard
 * branch            main       -> FETCH_HEAD
From https://github.com/Wibwubcar/Wibwub-Dashboard
 * branch            main       -> FETCH_HEAD
From https://github.com/Wibwubcar/Wibwub-Dashboard
 * branch            main       -> FETCH_HEAD
From https://github.com/Wibwubcar/Wibwub-Dashboard
 * branch            main       -> FETCH_HEAD
From https://github.com/Wibwubcar/Wibwub-Dashboard
 * branch            main       -> FETCH_HEAD
From https://github.com/Wibwubcar/Wibwub-Dashboard
 * branch            main       -> FETCH_HEAD
From https://github.com/Wibwubcar/Wibwub-Dashboard
 * branch            main       -> FETCH_HEAD
From https://github.com/Wibwubcar/Wibwub-Dashboard
 * branch            main       -> FETCH_HEAD
From https://github.com/Wibwubcar/Wibwub-Dashboard
 * branch            main       -> FETCH_HEAD
From https://github.com/Wibwubcar/Wibwub-Dashboard
 * branch            main       -> FETCH_HEAD
From https://github.com/Wibwubcar/Wibwub-Dashboard
 * branch            main       -> FETCH_HEAD
From https://github.com/Wibwubcar/Wibwub-Dashboard
 * branch            main       -> FETCH_HEAD
From https://github.com/Wibwubcar/Wibwub-Dashboard
 * branch            main       -> FETCH_HEAD
From https://github.com/Wibwubcar/Wibwub-Dashboard
 * branch            main       -> FETCH_HEAD
From https://github.com/Wibwubcar/Wibwub-Dashboard
 * branch            main       -> FETCH_HEAD
From https://github.com/Wibwubcar/Wibwub-Dashboard
 * branch            main       -> FETCH_HEAD
From https://github.com/Wibwubcar/Wibwub-Dashboard
 * branch            main       -> FETCH_HEAD
From https://github.com/Wibwubcar/Wibwub-Dashboard
 * branch            main       -> FETCH_HEAD
From https://github.com/Wibwubcar/Wibwub-Dashboard
 * branch            main       -> FETCH_HEAD
From https://github.com/Wibwubcar/Wibwub-Dashboard
 * branch            main       -> FETCH_HEAD
From https://github.com/Wibwubcar/Wibwub-Dashboard
 * branch            main       -> FETCH_HEAD
From https://github.com/Wibwubcar/Wibwub-Dashboard
 * branch            main       -> FETCH_HEAD
From https://github.com/Wibwubcar/Wibwub-Dashboard
 * branch            main       -> FETCH_HEAD
From https://github.com/Wibwubcar/Wibwub-Dashboard
 * branch            main       -> FETCH_HEAD
From https://github.com/Wibwubcar/Wibwub-Dashboard
 * branch            main       -> FETCH_HEAD
From https://github.com/Wibwubcar/Wibwub-Dashboard
 * branch            main       -> FETCH_HEAD
From https://github.com/Wibwubcar/Wibwub-Dashboard
 * branch            main       -> FETCH_HEAD
From https://github.com/Wibwubcar/Wibwub-Dashboard
 * branch            main       -> FETCH_HEAD
From https://github.com/Wibwubcar/Wibwub-Dashboard
 * branch            main       -> FETCH_HEAD
From https://github.com/Wibwubcar/Wibwub-Dashboard
 * branch            main       -> FETCH_HEAD
From https://github.com/Wibwubcar/Wibwub-Dashboard
 * branch            main       -> FETCH_HEAD
From https://github.com/Wibwubcar/Wibwub-Dashboard
 * branch            main       -> FETCH_HEAD
From https://github.com/Wibwubcar/Wibwub-Dashboard
 * branch            main       -> FETCH_HEAD
From https://github.com/Wibwubcar/Wibwub-Dashboard
 * branch            main       -> FETCH_HEAD
From https://github.com/Wibwubcar/Wibwub-Dashboard
 * branch            main       -> FETCH_HEAD
From https://github.com/Wibwubcar/Wibwub-Dashboard
 * branch            main       -> FETCH_HEAD
From https://github.com/Wibwubcar/Wibwub-Dashboard
 * branch            main       -> FETCH_HEAD
From https://github.com/Wibwubcar/Wibwub-Dashboard
 * branch            main       -> FETCH_HEAD
From https://github.com/Wibwubcar/Wibwub-Dashboard
 * branch            main       -> FETCH_HEAD
From https://github.com/Wibwubcar/Wibwub-Dashboard
 * branch            main       -> FETCH_HEAD
From https://github.com/Wibwubcar/Wibwub-Dashboard
 * branch            main       -> FETCH_HEAD
From https://github.com/Wibwubcar/Wibwub-Dashboard
 * branch            main       -> FETCH_HEAD
From https://github.com/Wibwubcar/Wibwub-Dashboard
 * branch            main       -> FETCH_HEAD
From https://github.com/Wibwubcar/Wibwub-Dashboard
 * branch            main       -> FETCH_HEAD
From https://github.com/Wibwubcar/Wibwub-Dashboard
 * branch            main       -> FETCH_HEAD
From https://github.com/Wibwubcar/Wibwub-Dashboard
 * branch            main       -> FETCH_HEAD
From https://github.com/Wibwubcar/Wibwub-Dashboard
 * branch            main       -> FETCH_HEAD
From https://github.com/Wibwubcar/Wibwub-Dashboard
 * branch            main       -> FETCH_HEAD
From https://github.com/Wibwubcar/Wibwub-Dashboard
 * branch            main       -> FETCH_HEAD
From https://github.com/Wibwubcar/Wibwub-Dashboard
 * branch            main       -> FETCH_HEAD
From https://github.com/Wibwubcar/Wibwub-Dashboard
 * branch            main       -> FETCH_HEAD
From https://github.com/Wibwubcar/Wibwub-Dashboard
 * branch            main       -> FETCH_HEAD
From https://github.com/Wibwubcar/Wibwub-Dashboard
 * branch            main       -> FETCH_HEAD
From https://github.com/Wibwubcar/Wibwub-Dashboard
 * branch            main       -> FETCH_HEAD
From https://github.com/Wibwubcar/Wibwub-Dashboard
 * branch            main       -> FETCH_HEAD
To https://github.com/Wibwubcar/Wibwub-Dashboard.git
   41cd48d..c579e9c  main -> main
2026-09-24 19:39 pushed 1 commits
From https://github.com/Wibwubcar/Wibwub-Dashboard
 * branch            main       -> FETCH_HEAD
From https://github.com/Wibwubcar/Wibwub-Dashboard
 * branch            main       -> FETCH_HEAD
From https://github.com/Wibwubcar/Wibwub-Dashboard
 * branch            main       -> FETCH_HEAD
From https://github.com/Wibwubcar/Wibwub-Dashboard
 * branch            main       -> FETCH_HEAD
From https://github.com/Wibwubcar/Wibwub-Dashboard
 * branch            main       -> FETCH_HEAD
From https://github.com/Wibwubcar/Wibwub-Dashboard
 * branch            main       -> FETCH_HEAD
From https://github.com/Wibwubcar/Wibwub-Dashboard
 * branch            main       -> FETCH_HEAD
From https://github.com/Wibwubcar/Wibwub-Dashboard
 * branch            main       -> FETCH_HEAD
From https://github.com/Wibwubcar/Wibwub-Dashboard
 * branch            main       -> FETCH_HEAD
From https://github.com/Wibwubcar/Wibwub-Dashboard
 * branch            main       -> FETCH_HEAD
From https://github.com/Wibwubcar/Wibwub-Dashboard
 * branch            main       -> FETCH_HEAD
From https://github.com/Wibwubcar/Wibwub-Dashboard
 * branch            main       -> FETCH_HEAD
From https://github.com/Wibwubcar/Wibwub-Dashboard
 * branch            main       -> FETCH_HEAD
From https://github.com/Wibwubcar/Wibwub-Dashboard
 * branch            main       -> FETCH_HEAD
From https://github.com/Wibwubcar/Wibwub-Dashboard
 * branch            main       -> FETCH_HEAD
From https://github.com/Wibwubcar/Wibwub-Dashboard
 * branch            main       -> FETCH_HEAD
From https://github.com/Wibwubcar/Wibwub-Dashboard
 * branch            main       -> FETCH_HEAD
From https://github.com/Wibwubcar/Wibwub-Dashboard
 * branch            main       -> FETCH_HEAD
From https://github.com/Wibwubcar/Wibwub-Dashboard
 * branch            main       -> FETCH_HEAD
From https://github.com/Wibwubcar/Wibwub-Dashboard
 * branch            main       -> FETCH_HEAD
From https://github.com/Wibwubcar/Wibwub-Dashboard
 * branch            main       -> FETCH_HEAD
From https://github.com/Wibwubcar/Wibwub-Dashboard
 * branch            main       -> FETCH_HEAD
From https://github.com/Wibwubcar/Wibwub-Dashboard
 * branch            main       -> FETCH_HEAD
From https://github.com/Wibwubcar/Wibwub-Dashboard
 * branch            main       -> FETCH_HEAD
From https://github.com/Wibwubcar/Wibwub-Dashboard
 * branch            main       -> FETCH_HEAD
From https://github.com/Wibwubcar/Wibwub-Dashboard
 * branch            main       -> FETCH_HEAD
From https://github.com/Wibwubcar/Wibwub-Dashboard
 * branch            main       -> FETCH_HEAD
From https://github.com/Wibwubcar/Wibwub-Dashboard
 * branch            main       -> FETCH_HEAD
From https://github.com/Wibwubcar/Wibwub-Dashboard
 * branch            main       -> FETCH_HEAD
From https://github.com/Wibwubcar/Wibwub-Dashboard
 * branch            main       -> FETCH_HEAD
From https://github.com/Wibwubcar/Wibwub-Dashboard
 * branch            main       -> FETCH_HEAD
From https://github.com/Wibwubcar/Wibwub-Dashboard
 * branch            main       -> FETCH_HEAD
From https://github.com/Wibwubcar/Wibwub-Dashboard
 * branch            main       -> FETCH_HEAD
From https://github.com/Wibwubcar/Wibwub-Dashboard
 * branch            main       -> FETCH_HEAD
From https://github.com/Wibwubcar/Wibwub-Dashboard
 * branch            main       -> FETCH_HEAD
From https://github.com/Wibwubcar/Wibwub-Dashboard
 * branch            main       -> FETCH_HEAD
From https://github.com/Wibwubcar/Wibwub-Dashboard
 * branch            main       -> FETCH_HEAD
From https://github.com/Wibwubcar/Wibwub-Dashboard
 * branch            main       -> FETCH_HEAD
From https://github.com/Wibwubcar/Wibwub-Dashboard
 * branch            main       -> FETCH_HEAD
From https://github.com/Wibwubcar/Wibwub-Dashboard
 * branch            main       -> FETCH_HEAD
From https://github.com/Wibwubcar/Wibwub-Dashboard
 * branch            main       -> FETCH_HEAD
From https://github.com/Wibwubcar/Wibwub-Dashboard
 * branch            main       -> FETCH_HEAD
From https://github.com/Wibwubcar/Wibwub-Dashboard
 * branch            main       -> FETCH_HEAD
From https://github.com/Wibwubcar/Wibwub-Dashboard
 * branch            main       -> FETCH_HEAD
From https://github.com/Wibwubcar/Wibwub-Dashboard
 * branch            main       -> FETCH_HEAD
From https://github.com/Wibwubcar/Wibwub-Dashboard
 * branch            main       -> FETCH_HEAD
From https://github.com/Wibwubcar/Wibwub-Dashboard
 * branch            main       -> FETCH_HEAD
From https://github.com/Wibwubcar/Wibwub-Dashboard
 * branch            main       -> FETCH_HEAD
From https://github.com/Wibwubcar/Wibwub-Dashboard
 * branch            main       -> FETCH_HEAD
From https://github.com/Wibwubcar/Wibwub-Dashboard
 * branch            main       -> FETCH_HEAD
From https://github.com/Wibwubcar/Wibwub-Dashboard
 * branch            main       -> FETCH_HEAD
From https://github.com/Wibwubcar/Wibwub-Dashboard
 * branch            main       -> FETCH_HEAD
From https://github.com/Wibwubcar/Wibwub-Dashboard
 * branch            main       -> FETCH_HEAD
From https://github.com/Wibwubcar/Wibwub-Dashboard
 * branch            main       -> FETCH_HEAD
From https://github.com/Wibwubcar/Wibwub-Dashboard
 * branch            main       -> FETCH_HEAD
From https://github.com/Wibwubcar/Wibwub-Dashboard
 * branch            main       -> FETCH_HEAD
From https://github.com/Wibwubcar/Wibwub-Dashboard
 * branch            main       -> FETCH_HEAD
From https://github.com/Wibwubcar/Wibwub-Dashboard
 * branch            main       -> FETCH_HEAD
From https://github.com/Wibwubcar/Wibwub-Dashboard
 * branch            main       -> FETCH_HEAD
From https://github.com/Wibwubcar/Wibwub-Dashboard
 * branch            main       -> FETCH_HEAD
From https://github.com/Wibwubcar/Wibwub-Dashboard
 * branch            main       -> FETCH_HEAD
From https://github.com/Wibwubcar/Wibwub-Dashboard
 * branch            main       -> FETCH_HEAD
From https://github.com/Wibwubcar/Wibwub-Dashboard
 * branch            main       -> FETCH_HEAD
From https://github.com/Wibwubcar/Wibwub-Dashboard
 * branch            main       -> FETCH_HEAD
From https://github.com/Wibwubcar/Wibwub-Dashboard
 * branch            main       -> FETCH_HEAD
From https://github.com/Wibwubcar/Wibwub-Dashboard
 * branch            main       -> FETCH_HEAD
From https://github.com/Wibwubcar/Wibwub-Dashboard
 * branch            main       -> FETCH_HEAD
From https://github.com/Wibwubcar/Wibwub-Dashboard
 * branch            main       -> FETCH_HEAD
From https://github.com/Wibwubcar/Wibwub-Dashboard
 * branch            main       -> FETCH_HEAD
From https://github.com/Wibwubcar/Wibwub-Dashboard
 * branch            main       -> FETCH_HEAD
From https://github.com/Wibwubcar/Wibwub-Dashboard
 * branch            main       -> FETCH_HEAD
From https://github.com/Wibwubcar/Wibwub-Dashboard
 * branch            main       -> FETCH_HEAD
From https://github.com/Wibwubcar/Wibwub-Dashboard
 * branch            main       -> FETCH_HEAD
From https://github.com/Wibwubcar/Wibwub-Dashboard
 * branch            main       -> FETCH_HEAD
From https://github.com/Wibwubcar/Wibwub-Dashboard
 * branch            main       -> FETCH_HEAD
From https://github.com/Wibwubcar/Wibwub-Dashboard
 * branch            main       -> FETCH_HEAD
From https://github.com/Wibwubcar/Wibwub-Dashboard
 * branch            main       -> FETCH_HEAD
From https://github.com/Wibwubcar/Wibwub-Dashboard
 * branch            main       -> FETCH_HEAD
From https://github.com/Wibwubcar/Wibwub-Dashboard
 * branch            main       -> FETCH_HEAD
From https://github.com/Wibwubcar/Wibwub-Dashboard
 * branch            main       -> FETCH_HEAD
From https://github.com/Wibwubcar/Wibwub-Dashboard
 * branch            main       -> FETCH_HEAD
From https://github.com/Wibwubcar/Wibwub-Dashboard
 * branch            main       -> FETCH_HEAD
From https://github.com/Wibwubcar/Wibwub-Dashboard
 * branch            main       -> FETCH_HEAD
From https://github.com/Wibwubcar/Wibwub-Dashboard
 * branch            main       -> FETCH_HEAD
From https://github.com/Wibwubcar/Wibwub-Dashboard
 * branch            main       -> FETCH_HEAD
From https://github.com/Wibwubcar/Wibwub-Dashboard
 * branch            main       -> FETCH_HEAD
From https://github.com/Wibwubcar/Wibwub-Dashboard
 * branch            main       -> FETCH_HEAD
From https://github.com/Wibwubcar/Wibwub-Dashboard
 * branch            main       -> FETCH_HEAD
From https://github.com/Wibwubcar/Wibwub-Dashboard
 * branch            main       -> FETCH_HEAD
From https://github.com/Wibwubcar/Wibwub-Dashboard
 * branch            main       -> FETCH_HEAD
From https://github.com/Wibwubcar/Wibwub-Dashboard
 * branch            main       -> FETCH_HEAD
From https://github.com/Wibwubcar/Wibwub-Dashboard
 * branch            main       -> FETCH_HEAD
From https://github.com/Wibwubcar/Wibwub-Dashboard
 * branch            main       -> FETCH_HEAD
From https://github.com/Wibwubcar/Wibwub-Dashboard
 * branch            main       -> FETCH_HEAD
From https://github.com/Wibwubcar/Wibwub-Dashboard
 * branch            main       -> FETCH_HEAD
From https://github.com/Wibwubcar/Wibwub-Dashboard
 * branch            main       -> FETCH_HEAD
From https://github.com/Wibwubcar/Wibwub-Dashboard
 * branch            main       -> FETCH_HEAD
From https://github.com/Wibwubcar/Wibwub-Dashboard
 * branch            main       -> FETCH_HEAD
From https://github.com/Wibwubcar/Wibwub-Dashboard
 * branch            main       -> FETCH_HEAD
From https://github.com/Wibwubcar/Wibwub-Dashboard
 * branch            main       -> FETCH_HEAD
From https://github.com/Wibwubcar/Wibwub-Dashboard
 * branch            main       -> FETCH_HEAD
From https://github.com/Wibwubcar/Wibwub-Dashboard
 * branch            main       -> FETCH_HEAD
From https://github.com/Wibwubcar/Wibwub-Dashboard
 * branch            main       -> FETCH_HEAD
From https://github.com/Wibwubcar/Wibwub-Dashboard
 * branch            main       -> FETCH_HEAD
From https://github.com/Wibwubcar/Wibwub-Dashboard
 * branch            main       -> FETCH_HEAD
From https://github.com/Wibwubcar/Wibwub-Dashboard
 * branch            main       -> FETCH_HEAD
From https://github.com/Wibwubcar/Wibwub-Dashboard
 * branch            main       -> FETCH_HEAD
From https://github.com/Wibwubcar/Wibwub-Dashboard
 * branch            main       -> FETCH_HEAD
From https://github.com/Wibwubcar/Wibwub-Dashboard
 * branch            main       -> FETCH_HEAD
From https://github.com/Wibwubcar/Wibwub-Dashboard
 * branch            main       -> FETCH_HEAD
From https://github.com/Wibwubcar/Wibwub-Dashboard
 * branch            main       -> FETCH_HEAD
From https://github.com/Wibwubcar/Wibwub-Dashboard
 * branch            main       -> FETCH_HEAD
From https://github.com/Wibwubcar/Wibwub-Dashboard
 * branch            main       -> FETCH_HEAD
From https://github.com/Wibwubcar/Wibwub-Dashboard
 * branch            main       -> FETCH_HEAD
From https://github.com/Wibwubcar/Wibwub-Dashboard
 * branch            main       -> FETCH_HEAD
From https://github.com/Wibwubcar/Wibwub-Dashboard
 * branch            main       -> FETCH_HEAD
From https://github.com/Wibwubcar/Wibwub-Dashboard
 * branch            main       -> FETCH_HEAD
From https://github.com/Wibwubcar/Wibwub-Dashboard
 * branch            main       -> FETCH_HEAD
From https://github.com/Wibwubcar/Wibwub-Dashboard
 * branch            main       -> FETCH_HEAD
From https://github.com/Wibwubcar/Wibwub-Dashboard
 * branch            main       -> FETCH_HEAD
From https://github.com/Wibwubcar/Wibwub-Dashboard
 * branch            main       -> FETCH_HEAD
From https://github.com/Wibwubcar/Wibwub-Dashboard
 * branch            main       -> FETCH_HEAD
From https://github.com/Wibwubcar/Wibwub-Dashboard
 * branch            main       -> FETCH_HEAD
From https://github.com/Wibwubcar/Wibwub-Dashboard
 * branch            main       -> FETCH_HEAD
From https://github.com/Wibwubcar/Wibwub-Dashboard
 * branch            main       -> FETCH_HEAD
From https://github.com/Wibwubcar/Wibwub-Dashboard
 * branch            main       -> FETCH_HEAD
From https://github.com/Wibwubcar/Wibwub-Dashboard
 * branch            main       -> FETCH_HEAD
From https://github.com/Wibwubcar/Wibwub-Dashboard
 * branch            main       -> FETCH_HEAD
From https://github.com/Wibwubcar/Wibwub-Dashboard
 * branch            main       -> FETCH_HEAD
From https://github.com/Wibwubcar/Wibwub-Dashboard
 * branch            main       -> FETCH_HEAD
From https://github.com/Wibwubcar/Wibwub-Dashboard
 * branch            main       -> FETCH_HEAD
From https://github.com/Wibwubcar/Wibwub-Dashboard
 * branch            main       -> FETCH_HEAD
From https://github.com/Wibwubcar/Wibwub-Dashboard
 * branch            main       -> FETCH_HEAD
From https://github.com/Wibwubcar/Wibwub-Dashboard
 * branch            main       -> FETCH_HEAD
From https://github.com/Wibwubcar/Wibwub-Dashboard
 * branch            main       -> FETCH_HEAD
From https://github.com/Wibwubcar/Wibwub-Dashboard
 * branch            main       -> FETCH_HEAD
From https://github.com/Wibwubcar/Wibwub-Dashboard
 * branch            main       -> FETCH_HEAD
From https://github.com/Wibwubcar/Wibwub-Dashboard
 * branch            main       -> FETCH_HEAD
From https://github.com/Wibwubcar/Wibwub-Dashboard
 * branch            main       -> FETCH_HEAD
From https://github.com/Wibwubcar/Wibwub-Dashboard
 * branch            main       -> FETCH_HEAD
From https://github.com/Wibwubcar/Wibwub-Dashboard
 * branch            main       -> FETCH_HEAD
From https://github.com/Wibwubcar/Wibwub-Dashboard
 * branch            main       -> FETCH_HEAD
From https://github.com/Wibwubcar/Wibwub-Dashboard
 * branch            main       -> FETCH_HEAD
From https://github.com/Wibwubcar/Wibwub-Dashboard
 * branch            main       -> FETCH_HEAD
To https://github.com/Wibwubcar/Wibwub-Dashboard.git
   3e0f299..ec8b894  main -> main
2026-09-25 08:26 pushed 1 commits
From https://github.com/Wibwubcar/Wibwub-Dashboard
 * branch            main       -> FETCH_HEAD
From https://github.com/Wibwubcar/Wibwub-Dashboard
 * branch            main       -> FETCH_HEAD
From https://github.com/Wibwubcar/Wibwub-Dashboard
 * branch            main       -> FETCH_HEAD
From https://github.com/Wibwubcar/Wibwub-Dashboard
 * branch            main       -> FETCH_HEAD
From https://github.com/Wibwubcar/Wibwub-Dashboard
 * branch            main       -> FETCH_HEAD
To https://github.com/Wibwubcar/Wibwub-Dashboard.git
   d196aca..bbaf7fe  main -> main
2026-09-25 08:51 pushed 1 commits
From https://github.com/Wibwubcar/Wibwub-Dashboard
 * branch            main       -> FETCH_HEAD
From https://github.com/Wibwubcar/Wibwub-Dashboard
 * branch            main       -> FETCH_HEAD
To https://github.com/Wibwubcar/Wibwub-Dashboard.git
   bbaf7fe..bd887c8  main -> main
2026-09-25 09:01 pushed 1 commits
From https://github.com/Wibwubcar/Wibwub-Dashboard
 * branch            main       -> FETCH_HEAD
From https://github.com/Wibwubcar/Wibwub-Dashboard
 * branch            main       -> FETCH_HEAD
From https://github.com/Wibwubcar/Wibwub-Dashboard
 * branch            main       -> FETCH_HEAD
From https://github.com/Wibwubcar/Wibwub-Dashboard
 * branch            main       -> FETCH_HEAD
From https://github.com/Wibwubcar/Wibwub-Dashboard
 * branch            main       -> FETCH_HEAD
From https://github.com/Wibwubcar/Wibwub-Dashboard
 * branch            main       -> FETCH_HEAD
From https://github.com/Wibwubcar/Wibwub-Dashboard
 * branch            main       -> FETCH_HEAD
From https://github.com/Wibwubcar/Wibwub-Dashboard
 * branch            main       -> FETCH_HEAD
To https://github.com/Wibwubcar/Wibwub-Dashboard.git
   a4371b5..de48ee2  main -> main
2026-09-25 09:41 pushed 1 commits
From https://github.com/Wibwubcar/Wibwub-Dashboard
 * branch            main       -> FETCH_HEAD
From https://github.com/Wibwubcar/Wibwub-Dashboard
 * branch            main       -> FETCH_HEAD
From https://github.com/Wibwubcar/Wibwub-Dashboard
 * branch            main       -> FETCH_HEAD
From https://github.com/Wibwubcar/Wibwub-Dashboard
 * branch            main       -> FETCH_HEAD
From https://github.com/Wibwubcar/Wibwub-Dashboard
 * branch            main       -> FETCH_HEAD
From https://github.com/Wibwubcar/Wibwub-Dashboard
 * branch            main       -> FETCH_HEAD
From https://github.com/Wibwubcar/Wibwub-Dashboard
 * branch            main       -> FETCH_HEAD
From https://github.com/Wibwubcar/Wibwub-Dashboard
 * branch            main       -> FETCH_HEAD
From https://github.com/Wibwubcar/Wibwub-Dashboard
 * branch            main       -> FETCH_HEAD
From https://github.com/Wibwubcar/Wibwub-Dashboard
 * branch            main       -> FETCH_HEAD
From https://github.com/Wibwubcar/Wibwub-Dashboard
 * branch            main       -> FETCH_HEAD
From https://github.com/Wibwubcar/Wibwub-Dashboard
 * branch            main       -> FETCH_HEAD
From https://github.com/Wibwubcar/Wibwub-Dashboard
 * branch            main       -> FETCH_HEAD
From https://github.com/Wibwubcar/Wibwub-Dashboard
 * branch            main       -> FETCH_HEAD
From https://github.com/Wibwubcar/Wibwub-Dashboard
 * branch            main       -> FETCH_HEAD
From https://github.com/Wibwubcar/Wibwub-Dashboard
 * branch            main       -> FETCH_HEAD
From https://github.com/Wibwubcar/Wibwub-Dashboard
 * branch            main       -> FETCH_HEAD
From https://github.com/Wibwubcar/Wibwub-Dashboard
 * branch            main       -> FETCH_HEAD
From https://github.com/Wibwubcar/Wibwub-Dashboard
 * branch            main       -> FETCH_HEAD
From https://github.com/Wibwubcar/Wibwub-Dashboard
 * branch            main       -> FETCH_HEAD
From https://github.com/Wibwubcar/Wibwub-Dashboard
 * branch            main       -> FETCH_HEAD
From https://github.com/Wibwubcar/Wibwub-Dashboard
 * branch            main       -> FETCH_HEAD
From https://github.com/Wibwubcar/Wibwub-Dashboard
 * branch            main       -> FETCH_HEAD
From https://github.com/Wibwubcar/Wibwub-Dashboard
 * branch            main       -> FETCH_HEAD
From https://github.com/Wibwubcar/Wibwub-Dashboard
 * branch            main       -> FETCH_HEAD
From https://github.com/Wibwubcar/Wibwub-Dashboard
 * branch            main       -> FETCH_HEAD
From https://github.com/Wibwubcar/Wibwub-Dashboard
 * branch            main       -> FETCH_HEAD
From https://github.com/Wibwubcar/Wibwub-Dashboard
 * branch            main       -> FETCH_HEAD
From https://github.com/Wibwubcar/Wibwub-Dashboard
 * branch            main       -> FETCH_HEAD
From https://github.com/Wibwubcar/Wibwub-Dashboard
 * branch            main       -> FETCH_HEAD
From https://github.com/Wibwubcar/Wibwub-Dashboard
 * branch            main       -> FETCH_HEAD
From https://github.com/Wibwubcar/Wibwub-Dashboard
 * branch            main       -> FETCH_HEAD
From https://github.com/Wibwubcar/Wibwub-Dashboard
 * branch            main       -> FETCH_HEAD
From https://github.com/Wibwubcar/Wibwub-Dashboard
 * branch            main       -> FETCH_HEAD
From https://github.com/Wibwubcar/Wibwub-Dashboard
 * branch            main       -> FETCH_HEAD
From https://github.com/Wibwubcar/Wibwub-Dashboard
 * branch            main       -> FETCH_HEAD
From https://github.com/Wibwubcar/Wibwub-Dashboard
 * branch            main       -> FETCH_HEAD
From https://github.com/Wibwubcar/Wibwub-Dashboard
 * branch            main       -> FETCH_HEAD
From https://github.com/Wibwubcar/Wibwub-Dashboard
 * branch            main       -> FETCH_HEAD
From https://github.com/Wibwubcar/Wibwub-Dashboard
 * branch            main       -> FETCH_HEAD
From https://github.com/Wibwubcar/Wibwub-Dashboard
 * branch            main       -> FETCH_HEAD
From https://github.com/Wibwubcar/Wibwub-Dashboard
 * branch            main       -> FETCH_HEAD
From https://github.com/Wibwubcar/Wibwub-Dashboard
 * branch            main       -> FETCH_HEAD
From https://github.com/Wibwubcar/Wibwub-Dashboard
 * branch            main       -> FETCH_HEAD
From https://github.com/Wibwubcar/Wibwub-Dashboard
 * branch            main       -> FETCH_HEAD
From https://github.com/Wibwubcar/Wibwub-Dashboard
 * branch            main       -> FETCH_HEAD
From https://github.com/Wibwubcar/Wibwub-Dashboard
 * branch            main       -> FETCH_HEAD
From https://github.com/Wibwubcar/Wibwub-Dashboard
 * branch            main       -> FETCH_HEAD
From https://github.com/Wibwubcar/Wibwub-Dashboard
 * branch            main       -> FETCH_HEAD
From https://github.com/Wibwubcar/Wibwub-Dashboard
 * branch            main       -> FETCH_HEAD
From https://github.com/Wibwubcar/Wibwub-Dashboard
 * branch            main       -> FETCH_HEAD
From https://github.com/Wibwubcar/Wibwub-Dashboard
 * branch            main       -> FETCH_HEAD
From https://github.com/Wibwubcar/Wibwub-Dashboard
 * branch            main       -> FETCH_HEAD
From https://github.com/Wibwubcar/Wibwub-Dashboard
 * branch            main       -> FETCH_HEAD
From https://github.com/Wibwubcar/Wibwub-Dashboard
 * branch            main       -> FETCH_HEAD
From https://github.com/Wibwubcar/Wibwub-Dashboard
 * branch            main       -> FETCH_HEAD
From https://github.com/Wibwubcar/Wibwub-Dashboard
 * branch            main       -> FETCH_HEAD
From https://github.com/Wibwubcar/Wibwub-Dashboard
 * branch            main       -> FETCH_HEAD
From https://github.com/Wibwubcar/Wibwub-Dashboard
 * branch            main       -> FETCH_HEAD
From https://github.com/Wibwubcar/Wibwub-Dashboard
 * branch            main       -> FETCH_HEAD
From https://github.com/Wibwubcar/Wibwub-Dashboard
 * branch            main       -> FETCH_HEAD
From https://github.com/Wibwubcar/Wibwub-Dashboard
 * branch            main       -> FETCH_HEAD
From https://github.com/Wibwubcar/Wibwub-Dashboard
 * branch            main       -> FETCH_HEAD
From https://github.com/Wibwubcar/Wibwub-Dashboard
 * branch            main       -> FETCH_HEAD
From https://github.com/Wibwubcar/Wibwub-Dashboard
 * branch            main       -> FETCH_HEAD
From https://github.com/Wibwubcar/Wibwub-Dashboard
 * branch            main       -> FETCH_HEAD
From https://github.com/Wibwubcar/Wibwub-Dashboard
 * branch            main       -> FETCH_HEAD
From https://github.com/Wibwubcar/Wibwub-Dashboard
 * branch            main       -> FETCH_HEAD
From https://github.com/Wibwubcar/Wibwub-Dashboard
 * branch            main       -> FETCH_HEAD
From https://github.com/Wibwubcar/Wibwub-Dashboard
 * branch            main       -> FETCH_HEAD
From https://github.com/Wibwubcar/Wibwub-Dashboard
 * branch            main       -> FETCH_HEAD
From https://github.com/Wibwubcar/Wibwub-Dashboard
 * branch            main       -> FETCH_HEAD
From https://github.com/Wibwubcar/Wibwub-Dashboard
 * branch            main       -> FETCH_HEAD
From https://github.com/Wibwubcar/Wibwub-Dashboard
 * branch            main       -> FETCH_HEAD
From https://github.com/Wibwubcar/Wibwub-Dashboard
 * branch            main       -> FETCH_HEAD
From https://github.com/Wibwubcar/Wibwub-Dashboard
 * branch            main       -> FETCH_HEAD
From https://github.com/Wibwubcar/Wibwub-Dashboard
 * branch            main       -> FETCH_HEAD
From https://github.com/Wibwubcar/Wibwub-Dashboard
 * branch            main       -> FETCH_HEAD
From https://github.com/Wibwubcar/Wibwub-Dashboard
 * branch            main       -> FETCH_HEAD
From https://github.com/Wibwubcar/Wibwub-Dashboard
 * branch            main       -> FETCH_HEAD
From https://github.com/Wibwubcar/Wibwub-Dashboard
 * branch            main       -> FETCH_HEAD
From https://github.com/Wibwubcar/Wibwub-Dashboard
 * branch            main       -> FETCH_HEAD
From https://github.com/Wibwubcar/Wibwub-Dashboard
 * branch            main       -> FETCH_HEAD
From https://github.com/Wibwubcar/Wibwub-Dashboard
 * branch            main       -> FETCH_HEAD
From https://github.com/Wibwubcar/Wibwub-Dashboard
 * branch            main       -> FETCH_HEAD
From https://github.com/Wibwubcar/Wibwub-Dashboard
 * branch            main       -> FETCH_HEAD
From https://github.com/Wibwubcar/Wibwub-Dashboard
 * branch            main       -> FETCH_HEAD
From https://github.com/Wibwubcar/Wibwub-Dashboard
 * branch            main       -> FETCH_HEAD
From https://github.com/Wibwubcar/Wibwub-Dashboard
 * branch            main       -> FETCH_HEAD
From https://github.com/Wibwubcar/Wibwub-Dashboard
 * branch            main       -> FETCH_HEAD
From https://github.com/Wibwubcar/Wibwub-Dashboard
 * branch            main       -> FETCH_HEAD
From https://github.com/Wibwubcar/Wibwub-Dashboard
 * branch            main       -> FETCH_HEAD
From https://github.com/Wibwubcar/Wibwub-Dashboard
 * branch            main       -> FETCH_HEAD
From https://github.com/Wibwubcar/Wibwub-Dashboard
 * branch            main       -> FETCH_HEAD
From https://github.com/Wibwubcar/Wibwub-Dashboard
 * branch            main       -> FETCH_HEAD
From https://github.com/Wibwubcar/Wibwub-Dashboard
 * branch            main       -> FETCH_HEAD
From https://github.com/Wibwubcar/Wibwub-Dashboard
 * branch            main       -> FETCH_HEAD
From https://github.com/Wibwubcar/Wibwub-Dashboard
 * branch            main       -> FETCH_HEAD
From https://github.com/Wibwubcar/Wibwub-Dashboard
 * branch            main       -> FETCH_HEAD
From https://github.com/Wibwubcar/Wibwub-Dashboard
 * branch            main       -> FETCH_HEAD
From https://github.com/Wibwubcar/Wibwub-Dashboard
 * branch            main       -> FETCH_HEAD
From https://github.com/Wibwubcar/Wibwub-Dashboard
 * branch            main       -> FETCH_HEAD
From https://github.com/Wibwubcar/Wibwub-Dashboard
 * branch            main       -> FETCH_HEAD
From https://github.com/Wibwubcar/Wibwub-Dashboard
 * branch            main       -> FETCH_HEAD
From https://github.com/Wibwubcar/Wibwub-Dashboard
 * branch            main       -> FETCH_HEAD
From https://github.com/Wibwubcar/Wibwub-Dashboard
 * branch            main       -> FETCH_HEAD
From https://github.com/Wibwubcar/Wibwub-Dashboard
 * branch            main       -> FETCH_HEAD
From https://github.com/Wibwubcar/Wibwub-Dashboard
 * branch            main       -> FETCH_HEAD
From https://github.com/Wibwubcar/Wibwub-Dashboard
 * branch            main       -> FETCH_HEAD
From https://github.com/Wibwubcar/Wibwub-Dashboard
 * branch            main       -> FETCH_HEAD
From https://github.com/Wibwubcar/Wibwub-Dashboard
 * branch            main       -> FETCH_HEAD
From https://github.com/Wibwubcar/Wibwub-Dashboard
 * branch            main       -> FETCH_HEAD
From https://github.com/Wibwubcar/Wibwub-Dashboard
 * branch            main       -> FETCH_HEAD
From https://github.com/Wibwubcar/Wibwub-Dashboard
 * branch            main       -> FETCH_HEAD
From https://github.com/Wibwubcar/Wibwub-Dashboard
 * branch            main       -> FETCH_HEAD
From https://github.com/Wibwubcar/Wibwub-Dashboard
 * branch            main       -> FETCH_HEAD
From https://github.com/Wibwubcar/Wibwub-Dashboard
 * branch            main       -> FETCH_HEAD
From https://github.com/Wibwubcar/Wibwub-Dashboard
 * branch            main       -> FETCH_HEAD
From https://github.com/Wibwubcar/Wibwub-Dashboard
 * branch            main       -> FETCH_HEAD
From https://github.com/Wibwubcar/Wibwub-Dashboard
 * branch            main       -> FETCH_HEAD
From https://github.com/Wibwubcar/Wibwub-Dashboard
 * branch            main       -> FETCH_HEAD
From https://github.com/Wibwubcar/Wibwub-Dashboard
 * branch            main       -> FETCH_HEAD
From https://github.com/Wibwubcar/Wibwub-Dashboard
 * branch            main       -> FETCH_HEAD
From https://github.com/Wibwubcar/Wibwub-Dashboard
 * branch            main       -> FETCH_HEAD
From https://github.com/Wibwubcar/Wibwub-Dashboard
 * branch            main       -> FETCH_HEAD
From https://github.com/Wibwubcar/Wibwub-Dashboard
 * branch            main       -> FETCH_HEAD
From https://github.com/Wibwubcar/Wibwub-Dashboard
 * branch            main       -> FETCH_HEAD
From https://github.com/Wibwubcar/Wibwub-Dashboard
 * branch            main       -> FETCH_HEAD
From https://github.com/Wibwubcar/Wibwub-Dashboard
 * branch            main       -> FETCH_HEAD
From https://github.com/Wibwubcar/Wibwub-Dashboard
 * branch            main       -> FETCH_HEAD
From https://github.com/Wibwubcar/Wibwub-Dashboard
 * branch            main       -> FETCH_HEAD
From https://github.com/Wibwubcar/Wibwub-Dashboard
 * branch            main       -> FETCH_HEAD
From https://github.com/Wibwubcar/Wibwub-Dashboard
 * branch            main       -> FETCH_HEAD
From https://github.com/Wibwubcar/Wibwub-Dashboard
 * branch            main       -> FETCH_HEAD
From https://github.com/Wibwubcar/Wibwub-Dashboard
 * branch            main       -> FETCH_HEAD
From https://github.com/Wibwubcar/Wibwub-Dashboard
 * branch            main       -> FETCH_HEAD
From https://github.com/Wibwubcar/Wibwub-Dashboard
 * branch            main       -> FETCH_HEAD
From https://github.com/Wibwubcar/Wibwub-Dashboard
 * branch            main       -> FETCH_HEAD
From https://github.com/Wibwubcar/Wibwub-Dashboard
 * branch            main       -> FETCH_HEAD
From https://github.com/Wibwubcar/Wibwub-Dashboard
 * branch            main       -> FETCH_HEAD
From https://github.com/Wibwubcar/Wibwub-Dashboard
 * branch            main       -> FETCH_HEAD
From https://github.com/Wibwubcar/Wibwub-Dashboard
 * branch            main       -> FETCH_HEAD
From https://github.com/Wibwubcar/Wibwub-Dashboard
 * branch            main       -> FETCH_HEAD
From https://github.com/Wibwubcar/Wibwub-Dashboard
 * branch            main       -> FETCH_HEAD
From https://github.com/Wibwubcar/Wibwub-Dashboard
 * branch            main       -> FETCH_HEAD
From https://github.com/Wibwubcar/Wibwub-Dashboard
 * branch            main       -> FETCH_HEAD
From https://github.com/Wibwubcar/Wibwub-Dashboard
 * branch            main       -> FETCH_HEAD
From https://github.com/Wibwubcar/Wibwub-Dashboard
 * branch            main       -> FETCH_HEAD
From https://github.com/Wibwubcar/Wibwub-Dashboard
 * branch            main       -> FETCH_HEAD
From https://github.com/Wibwubcar/Wibwub-Dashboard
 * branch            main       -> FETCH_HEAD
From https://github.com/Wibwubcar/Wibwub-Dashboard
 * branch            main       -> FETCH_HEAD
From https://github.com/Wibwubcar/Wibwub-Dashboard
 * branch            main       -> FETCH_HEAD
From https://github.com/Wibwubcar/Wibwub-Dashboard
 * branch            main       -> FETCH_HEAD
From https://github.com/Wibwubcar/Wibwub-Dashboard
 * branch            main       -> FETCH_HEAD
From https://github.com/Wibwubcar/Wibwub-Dashboard
 * branch            main       -> FETCH_HEAD
From https://github.com/Wibwubcar/Wibwub-Dashboard
 * branch            main       -> FETCH_HEAD
From https://github.com/Wibwubcar/Wibwub-Dashboard
 * branch            main       -> FETCH_HEAD
From https://github.com/Wibwubcar/Wibwub-Dashboard
 * branch            main       -> FETCH_HEAD
From https://github.com/Wibwubcar/Wibwub-Dashboard
 * branch            main       -> FETCH_HEAD
From https://github.com/Wibwubcar/Wibwub-Dashboard
 * branch            main       -> FETCH_HEAD
From https://github.com/Wibwubcar/Wibwub-Dashboard
 * branch            main       -> FETCH_HEAD
From https://github.com/Wibwubcar/Wibwub-Dashboard
 * branch            main       -> FETCH_HEAD
From https://github.com/Wibwubcar/Wibwub-Dashboard
 * branch            main       -> FETCH_HEAD
From https://github.com/Wibwubcar/Wibwub-Dashboard
 * branch            main       -> FETCH_HEAD
From https://github.com/Wibwubcar/Wibwub-Dashboard
 * branch            main       -> FETCH_HEAD
From https://github.com/Wibwubcar/Wibwub-Dashboard
 * branch            main       -> FETCH_HEAD
From https://github.com/Wibwubcar/Wibwub-Dashboard
 * branch            main       -> FETCH_HEAD
From https://github.com/Wibwubcar/Wibwub-Dashboard
 * branch            main       -> FETCH_HEAD
From https://github.com/Wibwubcar/Wibwub-Dashboard
 * branch            main       -> FETCH_HEAD
From https://github.com/Wibwubcar/Wibwub-Dashboard
 * branch            main       -> FETCH_HEAD
From https://github.com/Wibwubcar/Wibwub-Dashboard
 * branch            main       -> FETCH_HEAD
From https://github.com/Wibwubcar/Wibwub-Dashboard
 * branch            main       -> FETCH_HEAD
From https://github.com/Wibwubcar/Wibwub-Dashboard
 * branch            main       -> FETCH_HEAD
From https://github.com/Wibwubcar/Wibwub-Dashboard
 * branch            main       -> FETCH_HEAD
From https://github.com/Wibwubcar/Wibwub-Dashboard
 * branch            main       -> FETCH_HEAD
From https://github.com/Wibwubcar/Wibwub-Dashboard
 * branch            main       -> FETCH_HEAD
From https://github.com/Wibwubcar/Wibwub-Dashboard
 * branch            main       -> FETCH_HEAD
From https://github.com/Wibwubcar/Wibwub-Dashboard
 * branch            main       -> FETCH_HEAD
From https://github.com/Wibwubcar/Wibwub-Dashboard
 * branch            main       -> FETCH_HEAD
From https://github.com/Wibwubcar/Wibwub-Dashboard
 * branch            main       -> FETCH_HEAD
From https://github.com/Wibwubcar/Wibwub-Dashboard
 * branch            main       -> FETCH_HEAD
From https://github.com/Wibwubcar/Wibwub-Dashboard
 * branch            main       -> FETCH_HEAD
From https://github.com/Wibwubcar/Wibwub-Dashboard
 * branch            main       -> FETCH_HEAD
From https://github.com/Wibwubcar/Wibwub-Dashboard
 * branch            main       -> FETCH_HEAD
From https://github.com/Wibwubcar/Wibwub-Dashboard
 * branch            main       -> FETCH_HEAD
From https://github.com/Wibwubcar/Wibwub-Dashboard
 * branch            main       -> FETCH_HEAD
From https://github.com/Wibwubcar/Wibwub-Dashboard
 * branch            main       -> FETCH_HEAD
From https://github.com/Wibwubcar/Wibwub-Dashboard
 * branch            main       -> FETCH_HEAD
From https://github.com/Wibwubcar/Wibwub-Dashboard
 * branch            main       -> FETCH_HEAD
From https://github.com/Wibwubcar/Wibwub-Dashboard
 * branch            main       -> FETCH_HEAD
From https://github.com/Wibwubcar/Wibwub-Dashboard
 * branch            main       -> FETCH_HEAD
From https://github.com/Wibwubcar/Wibwub-Dashboard
 * branch            main       -> FETCH_HEAD
From https://github.com/Wibwubcar/Wibwub-Dashboard
 * branch            main       -> FETCH_HEAD
From https://github.com/Wibwubcar/Wibwub-Dashboard
 * branch            main       -> FETCH_HEAD
From https://github.com/Wibwubcar/Wibwub-Dashboard
 * branch            main       -> FETCH_HEAD
From https://github.com/Wibwubcar/Wibwub-Dashboard
 * branch            main       -> FETCH_HEAD
From https://github.com/Wibwubcar/Wibwub-Dashboard
 * branch            main       -> FETCH_HEAD
From https://github.com/Wibwubcar/Wibwub-Dashboard
 * branch            main       -> FETCH_HEAD
From https://github.com/Wibwubcar/Wibwub-Dashboard
 * branch            main       -> FETCH_HEAD
From https://github.com/Wibwubcar/Wibwub-Dashboard
 * branch            main       -> FETCH_HEAD
From https://github.com/Wibwubcar/Wibwub-Dashboard
 * branch            main       -> FETCH_HEAD
From https://github.com/Wibwubcar/Wibwub-Dashboard
 * branch            main       -> FETCH_HEAD
From https://github.com/Wibwubcar/Wibwub-Dashboard
 * branch            main       -> FETCH_HEAD
From https://github.com/Wibwubcar/Wibwub-Dashboard
 * branch            main       -> FETCH_HEAD
From https://github.com/Wibwubcar/Wibwub-Dashboard
 * branch            main       -> FETCH_HEAD
From https://github.com/Wibwubcar/Wibwub-Dashboard
 * branch            main       -> FETCH_HEAD
From https://github.com/Wibwubcar/Wibwub-Dashboard
 * branch            main       -> FETCH_HEAD
From https://github.com/Wibwubcar/Wibwub-Dashboard
 * branch            main       -> FETCH_HEAD
From https://github.com/Wibwubcar/Wibwub-Dashboard
 * branch            main       -> FETCH_HEAD
From https://github.com/Wibwubcar/Wibwub-Dashboard
 * branch            main       -> FETCH_HEAD
From https://github.com/Wibwubcar/Wibwub-Dashboard
 * branch            main       -> FETCH_HEAD
From https://github.com/Wibwubcar/Wibwub-Dashboard
 * branch            main       -> FETCH_HEAD
From https://github.com/Wibwubcar/Wibwub-Dashboard
 * branch            main       -> FETCH_HEAD
From https://github.com/Wibwubcar/Wibwub-Dashboard
 * branch            main       -> FETCH_HEAD
From https://github.com/Wibwubcar/Wibwub-Dashboard
 * branch            main       -> FETCH_HEAD
From https://github.com/Wibwubcar/Wibwub-Dashboard
 * branch            main       -> FETCH_HEAD
From https://github.com/Wibwubcar/Wibwub-Dashboard
 * branch            main       -> FETCH_HEAD
From https://github.com/Wibwubcar/Wibwub-Dashboard
 * branch            main       -> FETCH_HEAD
From https://github.com/Wibwubcar/Wibwub-Dashboard
 * branch            main       -> FETCH_HEAD
From https://github.com/Wibwubcar/Wibwub-Dashboard
 * branch            main       -> FETCH_HEAD
From https://github.com/Wibwubcar/Wibwub-Dashboard
 * branch            main       -> FETCH_HEAD
From https://github.com/Wibwubcar/Wibwub-Dashboard
 * branch            main       -> FETCH_HEAD
From https://github.com/Wibwubcar/Wibwub-Dashboard
 * branch            main       -> FETCH_HEAD
From https://github.com/Wibwubcar/Wibwub-Dashboard
 * branch            main       -> FETCH_HEAD
From https://github.com/Wibwubcar/Wibwub-Dashboard
 * branch            main       -> FETCH_HEAD
From https://github.com/Wibwubcar/Wibwub-Dashboard
 * branch            main       -> FETCH_HEAD
From https://github.com/Wibwubcar/Wibwub-Dashboard
 * branch            main       -> FETCH_HEAD
From https://github.com/Wibwubcar/Wibwub-Dashboard
 * branch            main       -> FETCH_HEAD
From https://github.com/Wibwubcar/Wibwub-Dashboard
 * branch            main       -> FETCH_HEAD
From https://github.com/Wibwubcar/Wibwub-Dashboard
 * branch            main       -> FETCH_HEAD
From https://github.com/Wibwubcar/Wibwub-Dashboard
 * branch            main       -> FETCH_HEAD
From https://github.com/Wibwubcar/Wibwub-Dashboard
 * branch            main       -> FETCH_HEAD
From https://github.com/Wibwubcar/Wibwub-Dashboard
 * branch            main       -> FETCH_HEAD
From https://github.com/Wibwubcar/Wibwub-Dashboard
 * branch            main       -> FETCH_HEAD
From https://github.com/Wibwubcar/Wibwub-Dashboard
 * branch            main       -> FETCH_HEAD
From https://github.com/Wibwubcar/Wibwub-Dashboard
 * branch            main       -> FETCH_HEAD
From https://github.com/Wibwubcar/Wibwub-Dashboard
 * branch            main       -> FETCH_HEAD
From https://github.com/Wibwubcar/Wibwub-Dashboard
 * branch            main       -> FETCH_HEAD
From https://github.com/Wibwubcar/Wibwub-Dashboard
 * branch            main       -> FETCH_HEAD
From https://github.com/Wibwubcar/Wibwub-Dashboard
 * branch            main       -> FETCH_HEAD
From https://github.com/Wibwubcar/Wibwub-Dashboard
 * branch            main       -> FETCH_HEAD
From https://github.com/Wibwubcar/Wibwub-Dashboard
 * branch            main       -> FETCH_HEAD
From https://github.com/Wibwubcar/Wibwub-Dashboard
 * branch            main       -> FETCH_HEAD
To https://github.com/Wibwubcar/Wibwub-Dashboard.git
   016fe67..eb3dc09  main -> main
2026-09-26 08:10 pushed 1 commits
From https://github.com/Wibwubcar/Wibwub-Dashboard
 * branch            main       -> FETCH_HEAD
From https://github.com/Wibwubcar/Wibwub-Dashboard
 * branch            main       -> FETCH_HEAD
From https://github.com/Wibwubcar/Wibwub-Dashboard
 * branch            main       -> FETCH_HEAD
From https://github.com/Wibwubcar/Wibwub-Dashboard
 * branch            main       -> FETCH_HEAD
From https://github.com/Wibwubcar/Wibwub-Dashboard
 * branch            main       -> FETCH_HEAD
From https://github.com/Wibwubcar/Wibwub-Dashboard
 * branch            main       -> FETCH_HEAD
From https://github.com/Wibwubcar/Wibwub-Dashboard
 * branch            main       -> FETCH_HEAD
From https://github.com/Wibwubcar/Wibwub-Dashboard
 * branch            main       -> FETCH_HEAD
To https://github.com/Wibwubcar/Wibwub-Dashboard.git
   59a4a27..c71b5dc  main -> main
2026-09-26 08:50 pushed 1 commits
From https://github.com/Wibwubcar/Wibwub-Dashboard
 * branch            main       -> FETCH_HEAD
From https://github.com/Wibwubcar/Wibwub-Dashboard
 * branch            main       -> FETCH_HEAD
From https://github.com/Wibwubcar/Wibwub-Dashboard
 * branch            main       -> FETCH_HEAD
From https://github.com/Wibwubcar/Wibwub-Dashboard
 * branch            main       -> FETCH_HEAD
From https://github.com/Wibwubcar/Wibwub-Dashboard
 * branch            main       -> FETCH_HEAD
From https://github.com/Wibwubcar/Wibwub-Dashboard
 * branch            main       -> FETCH_HEAD
From https://github.com/Wibwubcar/Wibwub-Dashboard
 * branch            main       -> FETCH_HEAD
From https://github.com/Wibwubcar/Wibwub-Dashboard
 * branch            main       -> FETCH_HEAD
From https://github.com/Wibwubcar/Wibwub-Dashboard
 * branch            main       -> FETCH_HEAD
To https://github.com/Wibwubcar/Wibwub-Dashboard.git
   c71b5dc..d059f83  main -> main
2026-09-26 09:36 pushed 1 commits
From https://github.com/Wibwubcar/Wibwub-Dashboard
 * branch            main       -> FETCH_HEAD
From https://github.com/Wibwubcar/Wibwub-Dashboard
 * branch            main       -> FETCH_HEAD
From https://github.com/Wibwubcar/Wibwub-Dashboard
 * branch            main       -> FETCH_HEAD
From https://github.com/Wibwubcar/Wibwub-Dashboard
 * branch            main       -> FETCH_HEAD
From https://github.com/Wibwubcar/Wibwub-Dashboard
 * branch            main       -> FETCH_HEAD
From https://github.com/Wibwubcar/Wibwub-Dashboard
 * branch            main       -> FETCH_HEAD
From https://github.com/Wibwubcar/Wibwub-Dashboard
 * branch            main       -> FETCH_HEAD
From https://github.com/Wibwubcar/Wibwub-Dashboard
 * branch            main       -> FETCH_HEAD
From https://github.com/Wibwubcar/Wibwub-Dashboard
 * branch            main       -> FETCH_HEAD
From https://github.com/Wibwubcar/Wibwub-Dashboard
 * branch            main       -> FETCH_HEAD
From https://github.com/Wibwubcar/Wibwub-Dashboard
 * branch            main       -> FETCH_HEAD
From https://github.com/Wibwubcar/Wibwub-Dashboard
 * branch            main       -> FETCH_HEAD
From https://github.com/Wibwubcar/Wibwub-Dashboard
 * branch            main       -> FETCH_HEAD
From https://github.com/Wibwubcar/Wibwub-Dashboard
 * branch            main       -> FETCH_HEAD
From https://github.com/Wibwubcar/Wibwub-Dashboard
 * branch            main       -> FETCH_HEAD
From https://github.com/Wibwubcar/Wibwub-Dashboard
 * branch            main       -> FETCH_HEAD
From https://github.com/Wibwubcar/Wibwub-Dashboard
 * branch            main       -> FETCH_HEAD
From https://github.com/Wibwubcar/Wibwub-Dashboard
 * branch            main       -> FETCH_HEAD
From https://github.com/Wibwubcar/Wibwub-Dashboard
 * branch            main       -> FETCH_HEAD
From https://github.com/Wibwubcar/Wibwub-Dashboard
 * branch            main       -> FETCH_HEAD
From https://github.com/Wibwubcar/Wibwub-Dashboard
 * branch            main       -> FETCH_HEAD
From https://github.com/Wibwubcar/Wibwub-Dashboard
 * branch            main       -> FETCH_HEAD
From https://github.com/Wibwubcar/Wibwub-Dashboard
 * branch            main       -> FETCH_HEAD
From https://github.com/Wibwubcar/Wibwub-Dashboard
 * branch            main       -> FETCH_HEAD
From https://github.com/Wibwubcar/Wibwub-Dashboard
 * branch            main       -> FETCH_HEAD
From https://github.com/Wibwubcar/Wibwub-Dashboard
 * branch            main       -> FETCH_HEAD
From https://github.com/Wibwubcar/Wibwub-Dashboard
 * branch            main       -> FETCH_HEAD
From https://github.com/Wibwubcar/Wibwub-Dashboard
 * branch            main       -> FETCH_HEAD
From https://github.com/Wibwubcar/Wibwub-Dashboard
 * branch            main       -> FETCH_HEAD
From https://github.com/Wibwubcar/Wibwub-Dashboard
 * branch            main       -> FETCH_HEAD
From https://github.com/Wibwubcar/Wibwub-Dashboard
 * branch            main       -> FETCH_HEAD
From https://github.com/Wibwubcar/Wibwub-Dashboard
 * branch            main       -> FETCH_HEAD
From https://github.com/Wibwubcar/Wibwub-Dashboard
 * branch            main       -> FETCH_HEAD
From https://github.com/Wibwubcar/Wibwub-Dashboard
 * branch            main       -> FETCH_HEAD
From https://github.com/Wibwubcar/Wibwub-Dashboard
 * branch            main       -> FETCH_HEAD
From https://github.com/Wibwubcar/Wibwub-Dashboard
 * branch            main       -> FETCH_HEAD
From https://github.com/Wibwubcar/Wibwub-Dashboard
 * branch            main       -> FETCH_HEAD
From https://github.com/Wibwubcar/Wibwub-Dashboard
 * branch            main       -> FETCH_HEAD
From https://github.com/Wibwubcar/Wibwub-Dashboard
 * branch            main       -> FETCH_HEAD
From https://github.com/Wibwubcar/Wibwub-Dashboard
 * branch            main       -> FETCH_HEAD
From https://github.com/Wibwubcar/Wibwub-Dashboard
 * branch            main       -> FETCH_HEAD
From https://github.com/Wibwubcar/Wibwub-Dashboard
 * branch            main       -> FETCH_HEAD
From https://github.com/Wibwubcar/Wibwub-Dashboard
 * branch            main       -> FETCH_HEAD
From https://github.com/Wibwubcar/Wibwub-Dashboard
 * branch            main       -> FETCH_HEAD
From https://github.com/Wibwubcar/Wibwub-Dashboard
 * branch            main       -> FETCH_HEAD
From https://github.com/Wibwubcar/Wibwub-Dashboard
 * branch            main       -> FETCH_HEAD
From https://github.com/Wibwubcar/Wibwub-Dashboard
 * branch            main       -> FETCH_HEAD
From https://github.com/Wibwubcar/Wibwub-Dashboard
 * branch            main       -> FETCH_HEAD
From https://github.com/Wibwubcar/Wibwub-Dashboard
 * branch            main       -> FETCH_HEAD
From https://github.com/Wibwubcar/Wibwub-Dashboard
 * branch            main       -> FETCH_HEAD
From https://github.com/Wibwubcar/Wibwub-Dashboard
 * branch            main       -> FETCH_HEAD
From https://github.com/Wibwubcar/Wibwub-Dashboard
 * branch            main       -> FETCH_HEAD
From https://github.com/Wibwubcar/Wibwub-Dashboard
 * branch            main       -> FETCH_HEAD
From https://github.com/Wibwubcar/Wibwub-Dashboard
 * branch            main       -> FETCH_HEAD
From https://github.com/Wibwubcar/Wibwub-Dashboard
 * branch            main       -> FETCH_HEAD
From https://github.com/Wibwubcar/Wibwub-Dashboard
 * branch            main       -> FETCH_HEAD
From https://github.com/Wibwubcar/Wibwub-Dashboard
 * branch            main       -> FETCH_HEAD
From https://github.com/Wibwubcar/Wibwub-Dashboard
 * branch            main       -> FETCH_HEAD
From https://github.com/Wibwubcar/Wibwub-Dashboard
 * branch            main       -> FETCH_HEAD
From https://github.com/Wibwubcar/Wibwub-Dashboard
 * branch            main       -> FETCH_HEAD
From https://github.com/Wibwubcar/Wibwub-Dashboard
 * branch            main       -> FETCH_HEAD
From https://github.com/Wibwubcar/Wibwub-Dashboard
 * branch            main       -> FETCH_HEAD
From https://github.com/Wibwubcar/Wibwub-Dashboard
 * branch            main       -> FETCH_HEAD
From https://github.com/Wibwubcar/Wibwub-Dashboard
 * branch            main       -> FETCH_HEAD
From https://github.com/Wibwubcar/Wibwub-Dashboard
 * branch            main       -> FETCH_HEAD
From https://github.com/Wibwubcar/Wibwub-Dashboard
 * branch            main       -> FETCH_HEAD
From https://github.com/Wibwubcar/Wibwub-Dashboard
 * branch            main       -> FETCH_HEAD
From https://github.com/Wibwubcar/Wibwub-Dashboard
 * branch            main       -> FETCH_HEAD
From https://github.com/Wibwubcar/Wibwub-Dashboard
 * branch            main       -> FETCH_HEAD
From https://github.com/Wibwubcar/Wibwub-Dashboard
 * branch            main       -> FETCH_HEAD
From https://github.com/Wibwubcar/Wibwub-Dashboard
 * branch            main       -> FETCH_HEAD
From https://github.com/Wibwubcar/Wibwub-Dashboard
 * branch            main       -> FETCH_HEAD
From https://github.com/Wibwubcar/Wibwub-Dashboard
 * branch            main       -> FETCH_HEAD
From https://github.com/Wibwubcar/Wibwub-Dashboard
 * branch            main       -> FETCH_HEAD
From https://github.com/Wibwubcar/Wibwub-Dashboard
 * branch            main       -> FETCH_HEAD
From https://github.com/Wibwubcar/Wibwub-Dashboard
 * branch            main       -> FETCH_HEAD
From https://github.com/Wibwubcar/Wibwub-Dashboard
 * branch            main       -> FETCH_HEAD
From https://github.com/Wibwubcar/Wibwub-Dashboard
 * branch            main       -> FETCH_HEAD
From https://github.com/Wibwubcar/Wibwub-Dashboard
 * branch            main       -> FETCH_HEAD
From https://github.com/Wibwubcar/Wibwub-Dashboard
 * branch            main       -> FETCH_HEAD
From https://github.com/Wibwubcar/Wibwub-Dashboard
 * branch            main       -> FETCH_HEAD
From https://github.com/Wibwubcar/Wibwub-Dashboard
 * branch            main       -> FETCH_HEAD
From https://github.com/Wibwubcar/Wibwub-Dashboard
 * branch            main       -> FETCH_HEAD
From https://github.com/Wibwubcar/Wibwub-Dashboard
 * branch            main       -> FETCH_HEAD
From https://github.com/Wibwubcar/Wibwub-Dashboard
 * branch            main       -> FETCH_HEAD
From https://github.com/Wibwubcar/Wibwub-Dashboard
 * branch            main       -> FETCH_HEAD
From https://github.com/Wibwubcar/Wibwub-Dashboard
 * branch            main       -> FETCH_HEAD
From https://github.com/Wibwubcar/Wibwub-Dashboard
 * branch            main       -> FETCH_HEAD
From https://github.com/Wibwubcar/Wibwub-Dashboard
 * branch            main       -> FETCH_HEAD
From https://github.com/Wibwubcar/Wibwub-Dashboard
 * branch            main       -> FETCH_HEAD
From https://github.com/Wibwubcar/Wibwub-Dashboard
 * branch            main       -> FETCH_HEAD
From https://github.com/Wibwubcar/Wibwub-Dashboard
 * branch            main       -> FETCH_HEAD
From https://github.com/Wibwubcar/Wibwub-Dashboard
 * branch            main       -> FETCH_HEAD
From https://github.com/Wibwubcar/Wibwub-Dashboard
 * branch            main       -> FETCH_HEAD
From https://github.com/Wibwubcar/Wibwub-Dashboard
 * branch            main       -> FETCH_HEAD
From https://github.com/Wibwubcar/Wibwub-Dashboard
 * branch            main       -> FETCH_HEAD
From https://github.com/Wibwubcar/Wibwub-Dashboard
 * branch            main       -> FETCH_HEAD
From https://github.com/Wibwubcar/Wibwub-Dashboard
 * branch            main       -> FETCH_HEAD
From https://github.com/Wibwubcar/Wibwub-Dashboard
 * branch            main       -> FETCH_HEAD
From https://github.com/Wibwubcar/Wibwub-Dashboard
 * branch            main       -> FETCH_HEAD
From https://github.com/Wibwubcar/Wibwub-Dashboard
 * branch            main       -> FETCH_HEAD
From https://github.com/Wibwubcar/Wibwub-Dashboard
 * branch            main       -> FETCH_HEAD
From https://github.com/Wibwubcar/Wibwub-Dashboard
 * branch            main       -> FETCH_HEAD
From https://github.com/Wibwubcar/Wibwub-Dashboard
 * branch            main       -> FETCH_HEAD
From https://github.com/Wibwubcar/Wibwub-Dashboard
 * branch            main       -> FETCH_HEAD
From https://github.com/Wibwubcar/Wibwub-Dashboard
 * branch            main       -> FETCH_HEAD
From https://github.com/Wibwubcar/Wibwub-Dashboard
 * branch            main       -> FETCH_HEAD
From https://github.com/Wibwubcar/Wibwub-Dashboard
 * branch            main       -> FETCH_HEAD
From https://github.com/Wibwubcar/Wibwub-Dashboard
 * branch            main       -> FETCH_HEAD
From https://github.com/Wibwubcar/Wibwub-Dashboard
 * branch            main       -> FETCH_HEAD
From https://github.com/Wibwubcar/Wibwub-Dashboard
 * branch            main       -> FETCH_HEAD
From https://github.com/Wibwubcar/Wibwub-Dashboard
 * branch            main       -> FETCH_HEAD
From https://github.com/Wibwubcar/Wibwub-Dashboard
 * branch            main       -> FETCH_HEAD
From https://github.com/Wibwubcar/Wibwub-Dashboard
 * branch            main       -> FETCH_HEAD
From https://github.com/Wibwubcar/Wibwub-Dashboard
 * branch            main       -> FETCH_HEAD
From https://github.com/Wibwubcar/Wibwub-Dashboard
 * branch            main       -> FETCH_HEAD
From https://github.com/Wibwubcar/Wibwub-Dashboard
 * branch            main       -> FETCH_HEAD
From https://github.com/Wibwubcar/Wibwub-Dashboard
 * branch            main       -> FETCH_HEAD
From https://github.com/Wibwubcar/Wibwub-Dashboard
 * branch            main       -> FETCH_HEAD
From https://github.com/Wibwubcar/Wibwub-Dashboard
 * branch            main       -> FETCH_HEAD
From https://github.com/Wibwubcar/Wibwub-Dashboard
 * branch            main       -> FETCH_HEAD
From https://github.com/Wibwubcar/Wibwub-Dashboard
 * branch            main       -> FETCH_HEAD
From https://github.com/Wibwubcar/Wibwub-Dashboard
 * branch            main       -> FETCH_HEAD
From https://github.com/Wibwubcar/Wibwub-Dashboard
 * branch            main       -> FETCH_HEAD
To https://github.com/Wibwubcar/Wibwub-Dashboard.git
   18fce91..0d5605b  main -> main
2026-09-26 19:59 pushed 2 commits
From https://github.com/Wibwubcar/Wibwub-Dashboard
 * branch            main       -> FETCH_HEAD
From https://github.com/Wibwubcar/Wibwub-Dashboard
 * branch            main       -> FETCH_HEAD
From https://github.com/Wibwubcar/Wibwub-Dashboard
 * branch            main       -> FETCH_HEAD
From https://github.com/Wibwubcar/Wibwub-Dashboard
 * branch            main       -> FETCH_HEAD
From https://github.com/Wibwubcar/Wibwub-Dashboard
 * branch            main       -> FETCH_HEAD
From https://github.com/Wibwubcar/Wibwub-Dashboard
 * branch            main       -> FETCH_HEAD
From https://github.com/Wibwubcar/Wibwub-Dashboard
 * branch            main       -> FETCH_HEAD
From https://github.com/Wibwubcar/Wibwub-Dashboard
 * branch            main       -> FETCH_HEAD
From https://github.com/Wibwubcar/Wibwub-Dashboard
 * branch            main       -> FETCH_HEAD
From https://github.com/Wibwubcar/Wibwub-Dashboard
 * branch            main       -> FETCH_HEAD
From https://github.com/Wibwubcar/Wibwub-Dashboard
 * branch            main       -> FETCH_HEAD
From https://github.com/Wibwubcar/Wibwub-Dashboard
 * branch            main       -> FETCH_HEAD
From https://github.com/Wibwubcar/Wibwub-Dashboard
 * branch            main       -> FETCH_HEAD
From https://github.com/Wibwubcar/Wibwub-Dashboard
 * branch            main       -> FETCH_HEAD
From https://github.com/Wibwubcar/Wibwub-Dashboard
 * branch            main       -> FETCH_HEAD
From https://github.com/Wibwubcar/Wibwub-Dashboard
 * branch            main       -> FETCH_HEAD
From https://github.com/Wibwubcar/Wibwub-Dashboard
 * branch            main       -> FETCH_HEAD
From https://github.com/Wibwubcar/Wibwub-Dashboard
 * branch            main       -> FETCH_HEAD
From https://github.com/Wibwubcar/Wibwub-Dashboard
 * branch            main       -> FETCH_HEAD
From https://github.com/Wibwubcar/Wibwub-Dashboard
 * branch            main       -> FETCH_HEAD
From https://github.com/Wibwubcar/Wibwub-Dashboard
 * branch            main       -> FETCH_HEAD
From https://github.com/Wibwubcar/Wibwub-Dashboard
 * branch            main       -> FETCH_HEAD
From https://github.com/Wibwubcar/Wibwub-Dashboard
 * branch            main       -> FETCH_HEAD
From https://github.com/Wibwubcar/Wibwub-Dashboard
 * branch            main       -> FETCH_HEAD
From https://github.com/Wibwubcar/Wibwub-Dashboard
 * branch            main       -> FETCH_HEAD
From https://github.com/Wibwubcar/Wibwub-Dashboard
 * branch            main       -> FETCH_HEAD
From https://github.com/Wibwubcar/Wibwub-Dashboard
 * branch            main       -> FETCH_HEAD
From https://github.com/Wibwubcar/Wibwub-Dashboard
 * branch            main       -> FETCH_HEAD
From https://github.com/Wibwubcar/Wibwub-Dashboard
 * branch            main       -> FETCH_HEAD
From https://github.com/Wibwubcar/Wibwub-Dashboard
 * branch            main       -> FETCH_HEAD
From https://github.com/Wibwubcar/Wibwub-Dashboard
 * branch            main       -> FETCH_HEAD
From https://github.com/Wibwubcar/Wibwub-Dashboard
 * branch            main       -> FETCH_HEAD
From https://github.com/Wibwubcar/Wibwub-Dashboard
 * branch            main       -> FETCH_HEAD
From https://github.com/Wibwubcar/Wibwub-Dashboard
 * branch            main       -> FETCH_HEAD
From https://github.com/Wibwubcar/Wibwub-Dashboard
 * branch            main       -> FETCH_HEAD
From https://github.com/Wibwubcar/Wibwub-Dashboard
 * branch            main       -> FETCH_HEAD
From https://github.com/Wibwubcar/Wibwub-Dashboard
 * branch            main       -> FETCH_HEAD
From https://github.com/Wibwubcar/Wibwub-Dashboard
 * branch            main       -> FETCH_HEAD
From https://github.com/Wibwubcar/Wibwub-Dashboard
 * branch            main       -> FETCH_HEAD
From https://github.com/Wibwubcar/Wibwub-Dashboard
 * branch            main       -> FETCH_HEAD
From https://github.com/Wibwubcar/Wibwub-Dashboard
 * branch            main       -> FETCH_HEAD
From https://github.com/Wibwubcar/Wibwub-Dashboard
 * branch            main       -> FETCH_HEAD
From https://github.com/Wibwubcar/Wibwub-Dashboard
 * branch            main       -> FETCH_HEAD
From https://github.com/Wibwubcar/Wibwub-Dashboard
 * branch            main       -> FETCH_HEAD
From https://github.com/Wibwubcar/Wibwub-Dashboard
 * branch            main       -> FETCH_HEAD
From https://github.com/Wibwubcar/Wibwub-Dashboard
 * branch            main       -> FETCH_HEAD
From https://github.com/Wibwubcar/Wibwub-Dashboard
 * branch            main       -> FETCH_HEAD
From https://github.com/Wibwubcar/Wibwub-Dashboard
 * branch            main       -> FETCH_HEAD
From https://github.com/Wibwubcar/Wibwub-Dashboard
 * branch            main       -> FETCH_HEAD
From https://github.com/Wibwubcar/Wibwub-Dashboard
 * branch            main       -> FETCH_HEAD
From https://github.com/Wibwubcar/Wibwub-Dashboard
 * branch            main       -> FETCH_HEAD
From https://github.com/Wibwubcar/Wibwub-Dashboard
 * branch            main       -> FETCH_HEAD
From https://github.com/Wibwubcar/Wibwub-Dashboard
 * branch            main       -> FETCH_HEAD
From https://github.com/Wibwubcar/Wibwub-Dashboard
 * branch            main       -> FETCH_HEAD
From https://github.com/Wibwubcar/Wibwub-Dashboard
 * branch            main       -> FETCH_HEAD
From https://github.com/Wibwubcar/Wibwub-Dashboard
 * branch            main       -> FETCH_HEAD
From https://github.com/Wibwubcar/Wibwub-Dashboard
 * branch            main       -> FETCH_HEAD
From https://github.com/Wibwubcar/Wibwub-Dashboard
 * branch            main       -> FETCH_HEAD
From https://github.com/Wibwubcar/Wibwub-Dashboard
 * branch            main       -> FETCH_HEAD
From https://github.com/Wibwubcar/Wibwub-Dashboard
 * branch            main       -> FETCH_HEAD
From https://github.com/Wibwubcar/Wibwub-Dashboard
 * branch            main       -> FETCH_HEAD
From https://github.com/Wibwubcar/Wibwub-Dashboard
 * branch            main       -> FETCH_HEAD
From https://github.com/Wibwubcar/Wibwub-Dashboard
 * branch            main       -> FETCH_HEAD
From https://github.com/Wibwubcar/Wibwub-Dashboard
 * branch            main       -> FETCH_HEAD
From https://github.com/Wibwubcar/Wibwub-Dashboard
 * branch            main       -> FETCH_HEAD
From https://github.com/Wibwubcar/Wibwub-Dashboard
 * branch            main       -> FETCH_HEAD
From https://github.com/Wibwubcar/Wibwub-Dashboard
 * branch            main       -> FETCH_HEAD
From https://github.com/Wibwubcar/Wibwub-Dashboard
 * branch            main       -> FETCH_HEAD
From https://github.com/Wibwubcar/Wibwub-Dashboard
 * branch            main       -> FETCH_HEAD
From https://github.com/Wibwubcar/Wibwub-Dashboard
 * branch            main       -> FETCH_HEAD
From https://github.com/Wibwubcar/Wibwub-Dashboard
 * branch            main       -> FETCH_HEAD
From https://github.com/Wibwubcar/Wibwub-Dashboard
 * branch            main       -> FETCH_HEAD
From https://github.com/Wibwubcar/Wibwub-Dashboard
 * branch            main       -> FETCH_HEAD
From https://github.com/Wibwubcar/Wibwub-Dashboard
 * branch            main       -> FETCH_HEAD
From https://github.com/Wibwubcar/Wibwub-Dashboard
 * branch            main       -> FETCH_HEAD
From https://github.com/Wibwubcar/Wibwub-Dashboard
 * branch            main       -> FETCH_HEAD
From https://github.com/Wibwubcar/Wibwub-Dashboard
 * branch            main       -> FETCH_HEAD
From https://github.com/Wibwubcar/Wibwub-Dashboard
 * branch            main       -> FETCH_HEAD
From https://github.com/Wibwubcar/Wibwub-Dashboard
 * branch            main       -> FETCH_HEAD
From https://github.com/Wibwubcar/Wibwub-Dashboard
 * branch            main       -> FETCH_HEAD
From https://github.com/Wibwubcar/Wibwub-Dashboard
 * branch            main       -> FETCH_HEAD
From https://github.com/Wibwubcar/Wibwub-Dashboard
 * branch            main       -> FETCH_HEAD
From https://github.com/Wibwubcar/Wibwub-Dashboard
 * branch            main       -> FETCH_HEAD
From https://github.com/Wibwubcar/Wibwub-Dashboard
 * branch            main       -> FETCH_HEAD
From https://github.com/Wibwubcar/Wibwub-Dashboard
 * branch            main       -> FETCH_HEAD
From https://github.com/Wibwubcar/Wibwub-Dashboard
 * branch            main       -> FETCH_HEAD
From https://github.com/Wibwubcar/Wibwub-Dashboard
 * branch            main       -> FETCH_HEAD
From https://github.com/Wibwubcar/Wibwub-Dashboard
 * branch            main       -> FETCH_HEAD
From https://github.com/Wibwubcar/Wibwub-Dashboard
 * branch            main       -> FETCH_HEAD
From https://github.com/Wibwubcar/Wibwub-Dashboard
 * branch            main       -> FETCH_HEAD
To https://github.com/Wibwubcar/Wibwub-Dashboard.git
   d9cd204..9fb3a63  main -> main
2026-09-27 08:44 pushed 1 commits
From https://github.com/Wibwubcar/Wibwub-Dashboard
 * branch            main       -> FETCH_HEAD
From https://github.com/Wibwubcar/Wibwub-Dashboard
 * branch            main       -> FETCH_HEAD
From https://github.com/Wibwubcar/Wibwub-Dashboard
 * branch            main       -> FETCH_HEAD
From https://github.com/Wibwubcar/Wibwub-Dashboard
 * branch            main       -> FETCH_HEAD
From https://github.com/Wibwubcar/Wibwub-Dashboard
 * branch            main       -> FETCH_HEAD
From https://github.com/Wibwubcar/Wibwub-Dashboard
 * branch            main       -> FETCH_HEAD
From https://github.com/Wibwubcar/Wibwub-Dashboard
 * branch            main       -> FETCH_HEAD
From https://github.com/Wibwubcar/Wibwub-Dashboard
 * branch            main       -> FETCH_HEAD
From https://github.com/Wibwubcar/Wibwub-Dashboard
 * branch            main       -> FETCH_HEAD
To https://github.com/Wibwubcar/Wibwub-Dashboard.git
   0833041..7c2964b  main -> main
2026-09-27 09:30 pushed 1 commits
From https://github.com/Wibwubcar/Wibwub-Dashboard
 * branch            main       -> FETCH_HEAD
From https://github.com/Wibwubcar/Wibwub-Dashboard
 * branch            main       -> FETCH_HEAD
From https://github.com/Wibwubcar/Wibwub-Dashboard
 * branch            main       -> FETCH_HEAD
From https://github.com/Wibwubcar/Wibwub-Dashboard
 * branch            main       -> FETCH_HEAD
From https://github.com/Wibwubcar/Wibwub-Dashboard
 * branch            main       -> FETCH_HEAD
From https://github.com/Wibwubcar/Wibwub-Dashboard
 * branch            main       -> FETCH_HEAD
From https://github.com/Wibwubcar/Wibwub-Dashboard
 * branch            main       -> FETCH_HEAD
From https://github.com/Wibwubcar/Wibwub-Dashboard
 * branch            main       -> FETCH_HEAD
From https://github.com/Wibwubcar/Wibwub-Dashboard
 * branch            main       -> FETCH_HEAD
From https://github.com/Wibwubcar/Wibwub-Dashboard
 * branch            main       -> FETCH_HEAD
From https://github.com/Wibwubcar/Wibwub-Dashboard
 * branch            main       -> FETCH_HEAD
From https://github.com/Wibwubcar/Wibwub-Dashboard
 * branch            main       -> FETCH_HEAD
From https://github.com/Wibwubcar/Wibwub-Dashboard
 * branch            main       -> FETCH_HEAD
From https://github.com/Wibwubcar/Wibwub-Dashboard
 * branch            main       -> FETCH_HEAD
From https://github.com/Wibwubcar/Wibwub-Dashboard
 * branch            main       -> FETCH_HEAD
From https://github.com/Wibwubcar/Wibwub-Dashboard
 * branch            main       -> FETCH_HEAD
To https://github.com/Wibwubcar/Wibwub-Dashboard.git
   736b05a..32e859f  main -> main
2026-09-27 11:22 pushed 1 commits
From https://github.com/Wibwubcar/Wibwub-Dashboard
 * branch            main       -> FETCH_HEAD
From https://github.com/Wibwubcar/Wibwub-Dashboard
 * branch            main       -> FETCH_HEAD
From https://github.com/Wibwubcar/Wibwub-Dashboard
 * branch            main       -> FETCH_HEAD
From https://github.com/Wibwubcar/Wibwub-Dashboard
 * branch            main       -> FETCH_HEAD
From https://github.com/Wibwubcar/Wibwub-Dashboard
 * branch            main       -> FETCH_HEAD
From https://github.com/Wibwubcar/Wibwub-Dashboard
 * branch            main       -> FETCH_HEAD
From https://github.com/Wibwubcar/Wibwub-Dashboard
 * branch            main       -> FETCH_HEAD
From https://github.com/Wibwubcar/Wibwub-Dashboard
 * branch            main       -> FETCH_HEAD
From https://github.com/Wibwubcar/Wibwub-Dashboard
 * branch            main       -> FETCH_HEAD
From https://github.com/Wibwubcar/Wibwub-Dashboard
 * branch            main       -> FETCH_HEAD
From https://github.com/Wibwubcar/Wibwub-Dashboard
 * branch            main       -> FETCH_HEAD
From https://github.com/Wibwubcar/Wibwub-Dashboard
 * branch            main       -> FETCH_HEAD
From https://github.com/Wibwubcar/Wibwub-Dashboard
 * branch            main       -> FETCH_HEAD
From https://github.com/Wibwubcar/Wibwub-Dashboard
 * branch            main       -> FETCH_HEAD
From https://github.com/Wibwubcar/Wibwub-Dashboard
 * branch            main       -> FETCH_HEAD
From https://github.com/Wibwubcar/Wibwub-Dashboard
 * branch            main       -> FETCH_HEAD
From https://github.com/Wibwubcar/Wibwub-Dashboard
 * branch            main       -> FETCH_HEAD
From https://github.com/Wibwubcar/Wibwub-Dashboard
 * branch            main       -> FETCH_HEAD
From https://github.com/Wibwubcar/Wibwub-Dashboard
 * branch            main       -> FETCH_HEAD
From https://github.com/Wibwubcar/Wibwub-Dashboard
 * branch            main       -> FETCH_HEAD
From https://github.com/Wibwubcar/Wibwub-Dashboard
 * branch            main       -> FETCH_HEAD
From https://github.com/Wibwubcar/Wibwub-Dashboard
 * branch            main       -> FETCH_HEAD
From https://github.com/Wibwubcar/Wibwub-Dashboard
 * branch            main       -> FETCH_HEAD
From https://github.com/Wibwubcar/Wibwub-Dashboard
 * branch            main       -> FETCH_HEAD
From https://github.com/Wibwubcar/Wibwub-Dashboard
 * branch            main       -> FETCH_HEAD
From https://github.com/Wibwubcar/Wibwub-Dashboard
 * branch            main       -> FETCH_HEAD
From https://github.com/Wibwubcar/Wibwub-Dashboard
 * branch            main       -> FETCH_HEAD
From https://github.com/Wibwubcar/Wibwub-Dashboard
 * branch            main       -> FETCH_HEAD
From https://github.com/Wibwubcar/Wibwub-Dashboard
 * branch            main       -> FETCH_HEAD
From https://github.com/Wibwubcar/Wibwub-Dashboard
 * branch            main       -> FETCH_HEAD
From https://github.com/Wibwubcar/Wibwub-Dashboard
 * branch            main       -> FETCH_HEAD
From https://github.com/Wibwubcar/Wibwub-Dashboard
 * branch            main       -> FETCH_HEAD
From https://github.com/Wibwubcar/Wibwub-Dashboard
 * branch            main       -> FETCH_HEAD
From https://github.com/Wibwubcar/Wibwub-Dashboard
 * branch            main       -> FETCH_HEAD
From https://github.com/Wibwubcar/Wibwub-Dashboard
 * branch            main       -> FETCH_HEAD
From https://github.com/Wibwubcar/Wibwub-Dashboard
 * branch            main       -> FETCH_HEAD
From https://github.com/Wibwubcar/Wibwub-Dashboard
 * branch            main       -> FETCH_HEAD
From https://github.com/Wibwubcar/Wibwub-Dashboard
 * branch            main       -> FETCH_HEAD
From https://github.com/Wibwubcar/Wibwub-Dashboard
 * branch            main       -> FETCH_HEAD
From https://github.com/Wibwubcar/Wibwub-Dashboard
 * branch            main       -> FETCH_HEAD
From https://github.com/Wibwubcar/Wibwub-Dashboard
 * branch            main       -> FETCH_HEAD
From https://github.com/Wibwubcar/Wibwub-Dashboard
 * branch            main       -> FETCH_HEAD
From https://github.com/Wibwubcar/Wibwub-Dashboard
 * branch            main       -> FETCH_HEAD
From https://github.com/Wibwubcar/Wibwub-Dashboard
 * branch            main       -> FETCH_HEAD
From https://github.com/Wibwubcar/Wibwub-Dashboard
 * branch            main       -> FETCH_HEAD
From https://github.com/Wibwubcar/Wibwub-Dashboard
 * branch            main       -> FETCH_HEAD
From https://github.com/Wibwubcar/Wibwub-Dashboard
 * branch            main       -> FETCH_HEAD
From https://github.com/Wibwubcar/Wibwub-Dashboard
 * branch            main       -> FETCH_HEAD
From https://github.com/Wibwubcar/Wibwub-Dashboard
 * branch            main       -> FETCH_HEAD
From https://github.com/Wibwubcar/Wibwub-Dashboard
 * branch            main       -> FETCH_HEAD
From https://github.com/Wibwubcar/Wibwub-Dashboard
 * branch            main       -> FETCH_HEAD
From https://github.com/Wibwubcar/Wibwub-Dashboard
 * branch            main       -> FETCH_HEAD
From https://github.com/Wibwubcar/Wibwub-Dashboard
 * branch            main       -> FETCH_HEAD
From https://github.com/Wibwubcar/Wibwub-Dashboard
 * branch            main       -> FETCH_HEAD
From https://github.com/Wibwubcar/Wibwub-Dashboard
 * branch            main       -> FETCH_HEAD
From https://github.com/Wibwubcar/Wibwub-Dashboard
 * branch            main       -> FETCH_HEAD
From https://github.com/Wibwubcar/Wibwub-Dashboard
 * branch            main       -> FETCH_HEAD
From https://github.com/Wibwubcar/Wibwub-Dashboard
 * branch            main       -> FETCH_HEAD
From https://github.com/Wibwubcar/Wibwub-Dashboard
 * branch            main       -> FETCH_HEAD
From https://github.com/Wibwubcar/Wibwub-Dashboard
 * branch            main       -> FETCH_HEAD
From https://github.com/Wibwubcar/Wibwub-Dashboard
 * branch            main       -> FETCH_HEAD
From https://github.com/Wibwubcar/Wibwub-Dashboard
 * branch            main       -> FETCH_HEAD
From https://github.com/Wibwubcar/Wibwub-Dashboard
 * branch            main       -> FETCH_HEAD
From https://github.com/Wibwubcar/Wibwub-Dashboard
 * branch            main       -> FETCH_HEAD
From https://github.com/Wibwubcar/Wibwub-Dashboard
 * branch            main       -> FETCH_HEAD
From https://github.com/Wibwubcar/Wibwub-Dashboard
 * branch            main       -> FETCH_HEAD
From https://github.com/Wibwubcar/Wibwub-Dashboard
 * branch            main       -> FETCH_HEAD
From https://github.com/Wibwubcar/Wibwub-Dashboard
 * branch            main       -> FETCH_HEAD
From https://github.com/Wibwubcar/Wibwub-Dashboard
 * branch            main       -> FETCH_HEAD
From https://github.com/Wibwubcar/Wibwub-Dashboard
 * branch            main       -> FETCH_HEAD
From https://github.com/Wibwubcar/Wibwub-Dashboard
 * branch            main       -> FETCH_HEAD
From https://github.com/Wibwubcar/Wibwub-Dashboard
 * branch            main       -> FETCH_HEAD
From https://github.com/Wibwubcar/Wibwub-Dashboard
 * branch            main       -> FETCH_HEAD
From https://github.com/Wibwubcar/Wibwub-Dashboard
 * branch            main       -> FETCH_HEAD
From https://github.com/Wibwubcar/Wibwub-Dashboard
 * branch            main       -> FETCH_HEAD
From https://github.com/Wibwubcar/Wibwub-Dashboard
 * branch            main       -> FETCH_HEAD
From https://github.com/Wibwubcar/Wibwub-Dashboard
 * branch            main       -> FETCH_HEAD
From https://github.com/Wibwubcar/Wibwub-Dashboard
 * branch            main       -> FETCH_HEAD
From https://github.com/Wibwubcar/Wibwub-Dashboard
 * branch            main       -> FETCH_HEAD
From https://github.com/Wibwubcar/Wibwub-Dashboard
 * branch            main       -> FETCH_HEAD
From https://github.com/Wibwubcar/Wibwub-Dashboard
 * branch            main       -> FETCH_HEAD
From https://github.com/Wibwubcar/Wibwub-Dashboard
 * branch            main       -> FETCH_HEAD
From https://github.com/Wibwubcar/Wibwub-Dashboard
 * branch            main       -> FETCH_HEAD
From https://github.com/Wibwubcar/Wibwub-Dashboard
 * branch            main       -> FETCH_HEAD
From https://github.com/Wibwubcar/Wibwub-Dashboard
 * branch            main       -> FETCH_HEAD
From https://github.com/Wibwubcar/Wibwub-Dashboard
 * branch            main       -> FETCH_HEAD
From https://github.com/Wibwubcar/Wibwub-Dashboard
 * branch            main       -> FETCH_HEAD
From https://github.com/Wibwubcar/Wibwub-Dashboard
 * branch            main       -> FETCH_HEAD
From https://github.com/Wibwubcar/Wibwub-Dashboard
 * branch            main       -> FETCH_HEAD
From https://github.com/Wibwubcar/Wibwub-Dashboard
 * branch            main       -> FETCH_HEAD
From https://github.com/Wibwubcar/Wibwub-Dashboard
 * branch            main       -> FETCH_HEAD
From https://github.com/Wibwubcar/Wibwub-Dashboard
 * branch            main       -> FETCH_HEAD
From https://github.com/Wibwubcar/Wibwub-Dashboard
 * branch            main       -> FETCH_HEAD
From https://github.com/Wibwubcar/Wibwub-Dashboard
 * branch            main       -> FETCH_HEAD
From https://github.com/Wibwubcar/Wibwub-Dashboard
 * branch            main       -> FETCH_HEAD
From https://github.com/Wibwubcar/Wibwub-Dashboard
 * branch            main       -> FETCH_HEAD
From https://github.com/Wibwubcar/Wibwub-Dashboard
 * branch            main       -> FETCH_HEAD
From https://github.com/Wibwubcar/Wibwub-Dashboard
 * branch            main       -> FETCH_HEAD
From https://github.com/Wibwubcar/Wibwub-Dashboard
 * branch            main       -> FETCH_HEAD
To https://github.com/Wibwubcar/Wibwub-Dashboard.git
   1f5a3ea..cf35632  main -> main
2026-09-27 19:39 pushed 1 commits
From https://github.com/Wibwubcar/Wibwub-Dashboard
 * branch            main       -> FETCH_HEAD
From https://github.com/Wibwubcar/Wibwub-Dashboard
 * branch            main       -> FETCH_HEAD
From https://github.com/Wibwubcar/Wibwub-Dashboard
 * branch            main       -> FETCH_HEAD
From https://github.com/Wibwubcar/Wibwub-Dashboard
 * branch            main       -> FETCH_HEAD
From https://github.com/Wibwubcar/Wibwub-Dashboard
 * branch            main       -> FETCH_HEAD
From https://github.com/Wibwubcar/Wibwub-Dashboard
 * branch            main       -> FETCH_HEAD
From https://github.com/Wibwubcar/Wibwub-Dashboard
 * branch            main       -> FETCH_HEAD
From https://github.com/Wibwubcar/Wibwub-Dashboard
 * branch            main       -> FETCH_HEAD
From https://github.com/Wibwubcar/Wibwub-Dashboard
 * branch            main       -> FETCH_HEAD
From https://github.com/Wibwubcar/Wibwub-Dashboard
 * branch            main       -> FETCH_HEAD
From https://github.com/Wibwubcar/Wibwub-Dashboard
 * branch            main       -> FETCH_HEAD
From https://github.com/Wibwubcar/Wibwub-Dashboard
 * branch            main       -> FETCH_HEAD
To https://github.com/Wibwubcar/Wibwub-Dashboard.git
   e412171..588046a  main -> main
2026-09-27 20:39 pushed 1 commits
From https://github.com/Wibwubcar/Wibwub-Dashboard
 * branch            main       -> FETCH_HEAD
From https://github.com/Wibwubcar/Wibwub-Dashboard
 * branch            main       -> FETCH_HEAD
From https://github.com/Wibwubcar/Wibwub-Dashboard
 * branch            main       -> FETCH_HEAD
From https://github.com/Wibwubcar/Wibwub-Dashboard
 * branch            main       -> FETCH_HEAD
From https://github.com/Wibwubcar/Wibwub-Dashboard
 * branch            main       -> FETCH_HEAD
From https://github.com/Wibwubcar/Wibwub-Dashboard
 * branch            main       -> FETCH_HEAD
From https://github.com/Wibwubcar/Wibwub-Dashboard
 * branch            main       -> FETCH_HEAD
From https://github.com/Wibwubcar/Wibwub-Dashboard
 * branch            main       -> FETCH_HEAD
From https://github.com/Wibwubcar/Wibwub-Dashboard
 * branch            main       -> FETCH_HEAD
From https://github.com/Wibwubcar/Wibwub-Dashboard
 * branch            main       -> FETCH_HEAD
From https://github.com/Wibwubcar/Wibwub-Dashboard
 * branch            main       -> FETCH_HEAD
From https://github.com/Wibwubcar/Wibwub-Dashboard
 * branch            main       -> FETCH_HEAD
From https://github.com/Wibwubcar/Wibwub-Dashboard
 * branch            main       -> FETCH_HEAD
From https://github.com/Wibwubcar/Wibwub-Dashboard
 * branch            main       -> FETCH_HEAD
From https://github.com/Wibwubcar/Wibwub-Dashboard
 * branch            main       -> FETCH_HEAD
From https://github.com/Wibwubcar/Wibwub-Dashboard
 * branch            main       -> FETCH_HEAD
From https://github.com/Wibwubcar/Wibwub-Dashboard
 * branch            main       -> FETCH_HEAD
From https://github.com/Wibwubcar/Wibwub-Dashboard
 * branch            main       -> FETCH_HEAD
From https://github.com/Wibwubcar/Wibwub-Dashboard
 * branch            main       -> FETCH_HEAD
From https://github.com/Wibwubcar/Wibwub-Dashboard
 * branch            main       -> FETCH_HEAD
From https://github.com/Wibwubcar/Wibwub-Dashboard
 * branch            main       -> FETCH_HEAD
From https://github.com/Wibwubcar/Wibwub-Dashboard
 * branch            main       -> FETCH_HEAD
From https://github.com/Wibwubcar/Wibwub-Dashboard
 * branch            main       -> FETCH_HEAD
From https://github.com/Wibwubcar/Wibwub-Dashboard
 * branch            main       -> FETCH_HEAD
From https://github.com/Wibwubcar/Wibwub-Dashboard
 * branch            main       -> FETCH_HEAD
From https://github.com/Wibwubcar/Wibwub-Dashboard
 * branch            main       -> FETCH_HEAD
From https://github.com/Wibwubcar/Wibwub-Dashboard
 * branch            main       -> FETCH_HEAD
From https://github.com/Wibwubcar/Wibwub-Dashboard
 * branch            main       -> FETCH_HEAD
From https://github.com/Wibwubcar/Wibwub-Dashboard
 * branch            main       -> FETCH_HEAD
From https://github.com/Wibwubcar/Wibwub-Dashboard
 * branch            main       -> FETCH_HEAD
From https://github.com/Wibwubcar/Wibwub-Dashboard
 * branch            main       -> FETCH_HEAD
From https://github.com/Wibwubcar/Wibwub-Dashboard
 * branch            main       -> FETCH_HEAD
From https://github.com/Wibwubcar/Wibwub-Dashboard
 * branch            main       -> FETCH_HEAD
From https://github.com/Wibwubcar/Wibwub-Dashboard
 * branch            main       -> FETCH_HEAD
From https://github.com/Wibwubcar/Wibwub-Dashboard
 * branch            main       -> FETCH_HEAD
From https://github.com/Wibwubcar/Wibwub-Dashboard
 * branch            main       -> FETCH_HEAD
From https://github.com/Wibwubcar/Wibwub-Dashboard
 * branch            main       -> FETCH_HEAD
From https://github.com/Wibwubcar/Wibwub-Dashboard
 * branch            main       -> FETCH_HEAD
From https://github.com/Wibwubcar/Wibwub-Dashboard
 * branch            main       -> FETCH_HEAD
From https://github.com/Wibwubcar/Wibwub-Dashboard
 * branch            main       -> FETCH_HEAD
From https://github.com/Wibwubcar/Wibwub-Dashboard
 * branch            main       -> FETCH_HEAD
From https://github.com/Wibwubcar/Wibwub-Dashboard
 * branch            main       -> FETCH_HEAD
From https://github.com/Wibwubcar/Wibwub-Dashboard
 * branch            main       -> FETCH_HEAD
From https://github.com/Wibwubcar/Wibwub-Dashboard
 * branch            main       -> FETCH_HEAD
From https://github.com/Wibwubcar/Wibwub-Dashboard
 * branch            main       -> FETCH_HEAD
From https://github.com/Wibwubcar/Wibwub-Dashboard
 * branch            main       -> FETCH_HEAD
From https://github.com/Wibwubcar/Wibwub-Dashboard
 * branch            main       -> FETCH_HEAD
From https://github.com/Wibwubcar/Wibwub-Dashboard
 * branch            main       -> FETCH_HEAD
From https://github.com/Wibwubcar/Wibwub-Dashboard
 * branch            main       -> FETCH_HEAD
From https://github.com/Wibwubcar/Wibwub-Dashboard
 * branch            main       -> FETCH_HEAD
From https://github.com/Wibwubcar/Wibwub-Dashboard
 * branch            main       -> FETCH_HEAD
From https://github.com/Wibwubcar/Wibwub-Dashboard
 * branch            main       -> FETCH_HEAD
From https://github.com/Wibwubcar/Wibwub-Dashboard
 * branch            main       -> FETCH_HEAD
From https://github.com/Wibwubcar/Wibwub-Dashboard
 * branch            main       -> FETCH_HEAD
From https://github.com/Wibwubcar/Wibwub-Dashboard
 * branch            main       -> FETCH_HEAD
From https://github.com/Wibwubcar/Wibwub-Dashboard
 * branch            main       -> FETCH_HEAD
From https://github.com/Wibwubcar/Wibwub-Dashboard
 * branch            main       -> FETCH_HEAD
From https://github.com/Wibwubcar/Wibwub-Dashboard
 * branch            main       -> FETCH_HEAD
From https://github.com/Wibwubcar/Wibwub-Dashboard
 * branch            main       -> FETCH_HEAD
From https://github.com/Wibwubcar/Wibwub-Dashboard
 * branch            main       -> FETCH_HEAD
From https://github.com/Wibwubcar/Wibwub-Dashboard
 * branch            main       -> FETCH_HEAD
From https://github.com/Wibwubcar/Wibwub-Dashboard
 * branch            main       -> FETCH_HEAD
From https://github.com/Wibwubcar/Wibwub-Dashboard
 * branch            main       -> FETCH_HEAD
From https://github.com/Wibwubcar/Wibwub-Dashboard
 * branch            main       -> FETCH_HEAD
From https://github.com/Wibwubcar/Wibwub-Dashboard
 * branch            main       -> FETCH_HEAD
From https://github.com/Wibwubcar/Wibwub-Dashboard
 * branch            main       -> FETCH_HEAD
From https://github.com/Wibwubcar/Wibwub-Dashboard
 * branch            main       -> FETCH_HEAD
From https://github.com/Wibwubcar/Wibwub-Dashboard
 * branch            main       -> FETCH_HEAD
From https://github.com/Wibwubcar/Wibwub-Dashboard
 * branch            main       -> FETCH_HEAD
From https://github.com/Wibwubcar/Wibwub-Dashboard
 * branch            main       -> FETCH_HEAD
From https://github.com/Wibwubcar/Wibwub-Dashboard
 * branch            main       -> FETCH_HEAD
From https://github.com/Wibwubcar/Wibwub-Dashboard
 * branch            main       -> FETCH_HEAD
From https://github.com/Wibwubcar/Wibwub-Dashboard
 * branch            main       -> FETCH_HEAD
From https://github.com/Wibwubcar/Wibwub-Dashboard
 * branch            main       -> FETCH_HEAD
From https://github.com/Wibwubcar/Wibwub-Dashboard
 * branch            main       -> FETCH_HEAD
From https://github.com/Wibwubcar/Wibwub-Dashboard
 * branch            main       -> FETCH_HEAD
From https://github.com/Wibwubcar/Wibwub-Dashboard
 * branch            main       -> FETCH_HEAD
From https://github.com/Wibwubcar/Wibwub-Dashboard
 * branch            main       -> FETCH_HEAD
From https://github.com/Wibwubcar/Wibwub-Dashboard
 * branch            main       -> FETCH_HEAD
From https://github.com/Wibwubcar/Wibwub-Dashboard
 * branch            main       -> FETCH_HEAD
From https://github.com/Wibwubcar/Wibwub-Dashboard
 * branch            main       -> FETCH_HEAD
From https://github.com/Wibwubcar/Wibwub-Dashboard
 * branch            main       -> FETCH_HEAD
From https://github.com/Wibwubcar/Wibwub-Dashboard
 * branch            main       -> FETCH_HEAD
From https://github.com/Wibwubcar/Wibwub-Dashboard
 * branch            main       -> FETCH_HEAD
From https://github.com/Wibwubcar/Wibwub-Dashboard
 * branch            main       -> FETCH_HEAD
From https://github.com/Wibwubcar/Wibwub-Dashboard
 * branch            main       -> FETCH_HEAD
From https://github.com/Wibwubcar/Wibwub-Dashboard
 * branch            main       -> FETCH_HEAD
From https://github.com/Wibwubcar/Wibwub-Dashboard
 * branch            main       -> FETCH_HEAD
From https://github.com/Wibwubcar/Wibwub-Dashboard
 * branch            main       -> FETCH_HEAD
From https://github.com/Wibwubcar/Wibwub-Dashboard
 * branch            main       -> FETCH_HEAD
From https://github.com/Wibwubcar/Wibwub-Dashboard
 * branch            main       -> FETCH_HEAD
From https://github.com/Wibwubcar/Wibwub-Dashboard
 * branch            main       -> FETCH_HEAD
From https://github.com/Wibwubcar/Wibwub-Dashboard
 * branch            main       -> FETCH_HEAD
From https://github.com/Wibwubcar/Wibwub-Dashboard
 * branch            main       -> FETCH_HEAD
From https://github.com/Wibwubcar/Wibwub-Dashboard
 * branch            main       -> FETCH_HEAD
From https://github.com/Wibwubcar/Wibwub-Dashboard
 * branch            main       -> FETCH_HEAD
fatal: unable to access 'https://github.com/Wibwubcar/Wibwub-Dashboard.git/': SSL certificate problem: unable to get local issuer certificate
From https://github.com/Wibwubcar/Wibwub-Dashboard
 * branch            main       -> FETCH_HEAD
From https://github.com/Wibwubcar/Wibwub-Dashboard
 * branch            main       -> FETCH_HEAD
From https://github.com/Wibwubcar/Wibwub-Dashboard
 * branch            main       -> FETCH_HEAD
From https://github.com/Wibwubcar/Wibwub-Dashboard
 * branch            main       -> FETCH_HEAD
From https://github.com/Wibwubcar/Wibwub-Dashboard
 * branch            main       -> FETCH_HEAD
From https://github.com/Wibwubcar/Wibwub-Dashboard
 * branch            main       -> FETCH_HEAD
From https://github.com/Wibwubcar/Wibwub-Dashboard
 * branch            main       -> FETCH_HEAD
From https://github.com/Wibwubcar/Wibwub-Dashboard
 * branch            main       -> FETCH_HEAD
From https://github.com/Wibwubcar/Wibwub-Dashboard
 * branch            main       -> FETCH_HEAD
From https://github.com/Wibwubcar/Wibwub-Dashboard
 * branch            main       -> FETCH_HEAD
From https://github.com/Wibwubcar/Wibwub-Dashboard
 * branch            main       -> FETCH_HEAD
From https://github.com/Wibwubcar/Wibwub-Dashboard
 * branch            main       -> FETCH_HEAD
From https://github.com/Wibwubcar/Wibwub-Dashboard
 * branch            main       -> FETCH_HEAD
From https://github.com/Wibwubcar/Wibwub-Dashboard
 * branch            main       -> FETCH_HEAD
From https://github.com/Wibwubcar/Wibwub-Dashboard
 * branch            main       -> FETCH_HEAD
From https://github.com/Wibwubcar/Wibwub-Dashboard
 * branch            main       -> FETCH_HEAD
From https://github.com/Wibwubcar/Wibwub-Dashboard
 * branch            main       -> FETCH_HEAD
From https://github.com/Wibwubcar/Wibwub-Dashboard
 * branch            main       -> FETCH_HEAD
From https://github.com/Wibwubcar/Wibwub-Dashboard
 * branch            main       -> FETCH_HEAD
From https://github.com/Wibwubcar/Wibwub-Dashboard
 * branch            main       -> FETCH_HEAD
From https://github.com/Wibwubcar/Wibwub-Dashboard
 * branch            main       -> FETCH_HEAD
From https://github.com/Wibwubcar/Wibwub-Dashboard
 * branch            main       -> FETCH_HEAD
From https://github.com/Wibwubcar/Wibwub-Dashboard
 * branch            main       -> FETCH_HEAD
From https://github.com/Wibwubcar/Wibwub-Dashboard
 * branch            main       -> FETCH_HEAD
From https://github.com/Wibwubcar/Wibwub-Dashboard
 * branch            main       -> FETCH_HEAD
From https://github.com/Wibwubcar/Wibwub-Dashboard
 * branch            main       -> FETCH_HEAD
From https://github.com/Wibwubcar/Wibwub-Dashboard
 * branch            main       -> FETCH_HEAD
From https://github.com/Wibwubcar/Wibwub-Dashboard
 * branch            main       -> FETCH_HEAD
From https://github.com/Wibwubcar/Wibwub-Dashboard
 * branch            main       -> FETCH_HEAD
To https://github.com/Wibwubcar/Wibwub-Dashboard.git
   ed1cef5..5bb3535  main -> main
2026-09-28 08:13 pushed 1 commits
From https://github.com/Wibwubcar/Wibwub-Dashboard
 * branch            main       -> FETCH_HEAD
From https://github.com/Wibwubcar/Wibwub-Dashboard
 * branch            main       -> FETCH_HEAD
From https://github.com/Wibwubcar/Wibwub-Dashboard
 * branch            main       -> FETCH_HEAD
From https://github.com/Wibwubcar/Wibwub-Dashboard
 * branch            main       -> FETCH_HEAD
From https://github.com/Wibwubcar/Wibwub-Dashboard
 * branch            main       -> FETCH_HEAD
From https://github.com/Wibwubcar/Wibwub-Dashboard
 * branch            main       -> FETCH_HEAD
From https://github.com/Wibwubcar/Wibwub-Dashboard
 * branch            main       -> FETCH_HEAD
From https://github.com/Wibwubcar/Wibwub-Dashboard
 * branch            main       -> FETCH_HEAD
From https://github.com/Wibwubcar/Wibwub-Dashboard
 * branch            main       -> FETCH_HEAD
From https://github.com/Wibwubcar/Wibwub-Dashboard
 * branch            main       -> FETCH_HEAD
To https://github.com/Wibwubcar/Wibwub-Dashboard.git
   e971364..f1e16d1  main -> main
2026-09-28 09:03 pushed 1 commits
From https://github.com/Wibwubcar/Wibwub-Dashboard
 * branch            main       -> FETCH_HEAD
To https://github.com/Wibwubcar/Wibwub-Dashboard.git
   52da17d..a26e920  main -> main
2026-09-28 09:09 pushed 1 commits
From https://github.com/Wibwubcar/Wibwub-Dashboard
 * branch            main       -> FETCH_HEAD
To https://github.com/Wibwubcar/Wibwub-Dashboard.git
   a26e920..68215fd  main -> main
2026-09-28 09:14 pushed 1 commits
From https://github.com/Wibwubcar/Wibwub-Dashboard
 * branch            main       -> FETCH_HEAD
From https://github.com/Wibwubcar/Wibwub-Dashboard
 * branch            main       -> FETCH_HEAD
To https://github.com/Wibwubcar/Wibwub-Dashboard.git
   68215fd..021b4b6  main -> main
2026-09-28 09:24 pushed 1 commits
From https://github.com/Wibwubcar/Wibwub-Dashboard
 * branch            main       -> FETCH_HEAD
From https://github.com/Wibwubcar/Wibwub-Dashboard
 * branch            main       -> FETCH_HEAD
To https://github.com/Wibwubcar/Wibwub-Dashboard.git
   b2b25dd..367b6f3  main -> main
2026-09-28 09:34 pushed 1 commits
From https://github.com/Wibwubcar/Wibwub-Dashboard
 * branch            main       -> FETCH_HEAD
To https://github.com/Wibwubcar/Wibwub-Dashboard.git
   58567d0..2ca4869  main -> main
2026-09-28 09:39 pushed 1 commits
From https://github.com/Wibwubcar/Wibwub-Dashboard
 * branch            main       -> FETCH_HEAD
From https://github.com/Wibwubcar/Wibwub-Dashboard
 * branch            main       -> FETCH_HEAD
From https://github.com/Wibwubcar/Wibwub-Dashboard
 * branch            main       -> FETCH_HEAD
From https://github.com/Wibwubcar/Wibwub-Dashboard
 * branch            main       -> FETCH_HEAD
From https://github.com/Wibwubcar/Wibwub-Dashboard
 * branch            main       -> FETCH_HEAD
From https://github.com/Wibwubcar/Wibwub-Dashboard
 * branch            main       -> FETCH_HEAD
From https://github.com/Wibwubcar/Wibwub-Dashboard
 * branch            main       -> FETCH_HEAD
From https://github.com/Wibwubcar/Wibwub-Dashboard
 * branch            main       -> FETCH_HEAD
From https://github.com/Wibwubcar/Wibwub-Dashboard
 * branch            main       -> FETCH_HEAD
From https://github.com/Wibwubcar/Wibwub-Dashboard
 * branch            main       -> FETCH_HEAD
From https://github.com/Wibwubcar/Wibwub-Dashboard
 * branch            main       -> FETCH_HEAD
From https://github.com/Wibwubcar/Wibwub-Dashboard
 * branch            main       -> FETCH_HEAD
From https://github.com/Wibwubcar/Wibwub-Dashboard
 * branch            main       -> FETCH_HEAD
From https://github.com/Wibwubcar/Wibwub-Dashboard
 * branch            main       -> FETCH_HEAD
From https://github.com/Wibwubcar/Wibwub-Dashboard
 * branch            main       -> FETCH_HEAD
From https://github.com/Wibwubcar/Wibwub-Dashboard
 * branch            main       -> FETCH_HEAD
From https://github.com/Wibwubcar/Wibwub-Dashboard
 * branch            main       -> FETCH_HEAD
From https://github.com/Wibwubcar/Wibwub-Dashboard
 * branch            main       -> FETCH_HEAD
From https://github.com/Wibwubcar/Wibwub-Dashboard
 * branch            main       -> FETCH_HEAD
From https://github.com/Wibwubcar/Wibwub-Dashboard
 * branch            main       -> FETCH_HEAD
From https://github.com/Wibwubcar/Wibwub-Dashboard
 * branch            main       -> FETCH_HEAD
From https://github.com/Wibwubcar/Wibwub-Dashboard
 * branch            main       -> FETCH_HEAD
From https://github.com/Wibwubcar/Wibwub-Dashboard
 * branch            main       -> FETCH_HEAD
From https://github.com/Wibwubcar/Wibwub-Dashboard
 * branch            main       -> FETCH_HEAD
From https://github.com/Wibwubcar/Wibwub-Dashboard
 * branch            main       -> FETCH_HEAD
From https://github.com/Wibwubcar/Wibwub-Dashboard
 * branch            main       -> FETCH_HEAD
From https://github.com/Wibwubcar/Wibwub-Dashboard
 * branch            main       -> FETCH_HEAD
From https://github.com/Wibwubcar/Wibwub-Dashboard
 * branch            main       -> FETCH_HEAD
From https://github.com/Wibwubcar/Wibwub-Dashboard
 * branch            main       -> FETCH_HEAD
From https://github.com/Wibwubcar/Wibwub-Dashboard
 * branch            main       -> FETCH_HEAD
From https://github.com/Wibwubcar/Wibwub-Dashboard
 * branch            main       -> FETCH_HEAD
From https://github.com/Wibwubcar/Wibwub-Dashboard
 * branch            main       -> FETCH_HEAD
From https://github.com/Wibwubcar/Wibwub-Dashboard
 * branch            main       -> FETCH_HEAD
From https://github.com/Wibwubcar/Wibwub-Dashboard
 * branch            main       -> FETCH_HEAD
From https://github.com/Wibwubcar/Wibwub-Dashboard
 * branch            main       -> FETCH_HEAD
From https://github.com/Wibwubcar/Wibwub-Dashboard
 * branch            main       -> FETCH_HEAD
From https://github.com/Wibwubcar/Wibwub-Dashboard
 * branch            main       -> FETCH_HEAD
From https://github.com/Wibwubcar/Wibwub-Dashboard
 * branch            main       -> FETCH_HEAD
From https://github.com/Wibwubcar/Wibwub-Dashboard
 * branch            main       -> FETCH_HEAD
From https://github.com/Wibwubcar/Wibwub-Dashboard
 * branch            main       -> FETCH_HEAD
From https://github.com/Wibwubcar/Wibwub-Dashboard
 * branch            main       -> FETCH_HEAD
From https://github.com/Wibwubcar/Wibwub-Dashboard
 * branch            main       -> FETCH_HEAD
From https://github.com/Wibwubcar/Wibwub-Dashboard
 * branch            main       -> FETCH_HEAD
From https://github.com/Wibwubcar/Wibwub-Dashboard
 * branch            main       -> FETCH_HEAD
From https://github.com/Wibwubcar/Wibwub-Dashboard
 * branch            main       -> FETCH_HEAD
From https://github.com/Wibwubcar/Wibwub-Dashboard
 * branch            main       -> FETCH_HEAD
From https://github.com/Wibwubcar/Wibwub-Dashboard
 * branch            main       -> FETCH_HEAD
From https://github.com/Wibwubcar/Wibwub-Dashboard
 * branch            main       -> FETCH_HEAD
From https://github.com/Wibwubcar/Wibwub-Dashboard
 * branch            main       -> FETCH_HEAD
From https://github.com/Wibwubcar/Wibwub-Dashboard
 * branch            main       -> FETCH_HEAD
From https://github.com/Wibwubcar/Wibwub-Dashboard
 * branch            main       -> FETCH_HEAD
From https://github.com/Wibwubcar/Wibwub-Dashboard
 * branch            main       -> FETCH_HEAD
From https://github.com/Wibwubcar/Wibwub-Dashboard
 * branch            main       -> FETCH_HEAD
